row ID,inChI,Molecular Weight,ChEMBL ID,DOI,Assay Description,minusLogIC50 (M),Canonical SMILES
1169,"InChI=1S/C20H25NO4/c1-12(2)15-10-16(13(3)7-17(15)22)21-11-14-8-18(23-4)20(25-6)19(9-14)24-5/h7-12,22H,1-6H3/b21-11+",343.4,CHEMBL2316842,10.1016/j.bmcl.2012.12.001,Antioxidant activity assessed as DPPH radical scavenging activity in chloroform solution 30 min (manual check),4.18380710038655,COc1cc(C=Nc2cc(C(C)C)c(O)cc2C)cc(OC)c1OC
1272,"InChI=1S/C16H22N2O2/c1-13(14-6-5-9-17-11-14)18-12-16(10-15(19)20)7-3-2-4-8-16/h5-6,9,11H,2-4,7-8,10,12H2,1H3,(H,19,20)/b18-13+",274.4,CHEMBL2236490,10.1007/s00044-010-9498-8,Antioxidant activity assessed as DPPH free radical scavenging activity after 30 min,3.14128045688546,CC(=NCC1(CC(=O)O)CCCCC1)c1cccnc1
1997,"InChI=1S/C25H17IN4O2/c1-15(13-22(31)16-7-3-2-4-8-16)28-29-23-19-14-17(26)11-12-21(19)30-24(23)27-20-10-6-5-9-18(20)25(30)32/h2-14,31H,1H3/b22-13-,28-15+,29-23-",532.3,CHEMBL4078775,10.1016/j.bmcl.2017.08.064,Antioxidant activity assessed as DPPH radical scavenging activity incubated for 30 mins under dark condition by UV-vis spectrophotometric method,4.93554201077308,CC(C=C(O)c1ccccc1)=NN=C1c2cc(I)ccc2-n2c1nc1ccccc1c2=O
392,"InChI=1S/C31H26N2O8P2/c34-33(35)26-15-13-14-25(24-26)32-31(42(36,38-27-16-5-1-6-17-27)39-28-18-7-2-8-19-28)43(37,40-29-20-9-3-10-21-29)41-30-22-11-4-12-23-30/h1-24,31-32H",616.5,CHEMBL1824398,10.1016/j.ejmech.2011.02.038,Antioxidant activity assessed as DPPH free radical scavenging activity after 30 mins,4.19223789500624,O=[N+]([O-])c1cccc(NC(P(=O)(Oc2ccccc2)Oc2ccccc2)P(=O)(Oc2ccccc2)Oc2ccccc2)c1
1583,"InChI=1S/C24H16FN3O4S/c25-18-4-2-1-3-17(18)19(29)11-7-14-5-8-15(9-6-14)22(32)26-24-28-27-23(33-24)16-10-12-20(30)21(31)13-16/h1-13,30-31H,(H,26,28,32)/b11-7+",461.5,CHEMBL4287428,10.1039/C8MD00316E,Antioxidant activity assessed as DPPH free radical scavenging activity after 30 mins,4.85667287000795,O=C(Nc1nnc(-c2ccc(O)c(O)c2)s1)c1ccc(C=CC(=O)c2ccccc2F)cc1
542,"InChI=1S/C20H24O7/c1-25-17-11-14(6-7-15(17)23)20(24)19(12-22)27-16-8-5-13(4-3-9-21)10-18(16)26-2/h3-8,10-11,19-24H,9,12H2,1-2H3/b4-3+/t19-,20+/m1/s1",376.4,CHEMBL560169,10.1021/np800488p,Antioxidant activity assessed as DPPH radical scavenging activity after 30 mins by spectrophotometry,4.21538270736712,COc1cc(C(O)C(CO)Oc2ccc(C=CCO)cc2OC)ccc1O
1091,"InChI=1S/C29H26O7/c1-36-29(16-4-8-19(31)9-5-16)28-23-13-22(34)14-24(35)27(23)26(17-10-20(32)12-21(33)11-17)25(28)15-2-6-18(30)7-3-15/h2-14,25-26,28-35H,1H3/t25-,26-,28-,29-/m0/s1",486.5,CHEMBL1939064,10.1016/j.bmcl.2011.12.012,Antioxidant activity assessed as DPPH free radical scavenging activity after 30 mins by microplate reader assay,4.11299823102329,COC(c1ccc(O)cc1)C1c2cc(O)cc(O)c2C(c2cc(O)cc(O)c2)C1c1ccc(O)cc1
1770,"InChI=1S/C24H34O4S/c1-14-7-6-8-20-23(14,4)10-9-15(2)24(20,5)13-17-11-18(25)12-19(21(17)26)29-16(3)22(27)28/h7,11-12,15-16,20,25-26H,6,8-10,13H2,1-5H3,(H,27,28)/t15-,16?,20+,23+,24+/m0/s1",418.6,CHEMBL575634,10.1021/np800318m,Antioxidant activity assessed as DPPH radical scavenging activity 30 min (manual check),4.46092390120722,CC1=CCCC2C1(C)CCC(C)C2(C)Cc1cc(O)cc(SC(C)C(=O)O)c1O
467,"InChI=1S/C22H18N4/c1-2-6-16(7-3-1)22-21(17-8-4-5-9-18(17)24-22)20-14-19(25-26-20)15-10-12-23-13-11-15/h1-13,20,24,26H,14H2",338.4,CHEMBL4171020,10.1016/j.ejmech.2018.01.026,Antioxidant activity assessed as inhibition of DPPH radical formation after 30 mins,4.32994943950463,c1ccc(-c2[nH]c3ccccc3c2C2CC(c3ccncc3)=NN2)cc1
318,"InChI=1S/C30H34ClN3O3/c1-18-11-20-13-21(12-18)29-25(14-20)34-24-16-22(31)7-8-23(24)30(29)32-10-4-3-5-28(36)33-17-19-6-9-26(35)27(15-19)37-2/h6-9,11,15-16,20-21,35H,3-5,10,12-14,17H2,1-2H3,(H,32,34)(H,33,36)",520.1,CHEMBL4743210,10.1021/acs.jmedchem.0c01775,Antioxidant activity assessed as DPPH radical scavenging activity incubated for 30 mins under dark condition by UV-Vis spectrophotometric analysis,4.16430942850757,COc1cc(CNC(=O)CCCCNc2c3c(nc4cc(Cl)ccc24)CC2C=C(C)CC3C2)ccc1O
213,"InChI=1S/C19H15N3O4/c23-15-6-4-11(5-7-15)13-9-16(18-17(10-13)20-21-19(18)24)12-2-1-3-14(8-12)22(25)26/h1-8,10,16,18,23H,9H2,(H,21,24)",349.3,CHEMBL3356231,10.1016/j.bmc.2014.10.015,Antioxidant activity assessed as DPPH radical scavenging activity after 30 mins by spectrophotometry,3.7959421881955,O=C1NN=C2C=C(c3ccc(O)cc3)CC(c3cccc([N+](=O)[O-])c3)C12
1507,"InChI=1S/C17H14BrN3O3S2/c18-10-1-2-12-9(7-10)8-11(16(23)24-12)13(22)14-15(19)20-17(26-14)21-3-5-25-6-4-21/h1-2,7-8H,3-6,19H2",452.4,CHEMBL4168981,10.1016/j.ejmech.2018.06.015,Antioxidant activity assessed as DPPH radical scavenging activity incubated for 30 mins under dark condition by spectrophotometric method,4.21304282718897,Nc1nc(N2CCSCC2)sc1C(=O)c1cc2cc(Br)ccc2oc1=O
279,"InChI=1S/C28H22N2O7/c31-22-8-6-16(12-24(22)33)25-13-19-15(5-9-23(32)27(19)37-25)7-10-26(34)30-21(28(35)36)11-17-14-29-20-4-2-1-3-18(17)20/h1-10,12-14,21,29,31-33H,11H2,(H,30,34)(H,35,36)/b10-7+/t21-/m1/s1",498.5,CHEMBL4101271,10.1016/j.ejmech.2016.08.019,Antioxidant activity assessed as DPPH radical scavenging activity incubated for 30 mins under dark conditions by spectrophotometry,5.41341269532824,O=C(C=Cc1ccc(O)c2oc(-c3ccc(O)c(O)c3)cc12)NC(Cc1c[nH]c2ccccc12)C(=O)O
569,"InChI=1S/C14H15N3O3S/c1-10-2-4-11(5-3-10)12-8-16-17-14(12)21(18,19)9-13-15-6-7-20-13/h2-5,8H,6-7,9H2,1H3,(H,16,17)",305.4,CHEMBL1829928,10.1016/j.ejmech.2011.08.010,Antioxidant activity assessed as DPPH free radical scavenging activity after 30 mins by spectrophotometric analysis,3.62447112759309,Cc1ccc(-c2c[nH]nc2S(=O)(=O)CC2=NCCO2)cc1
641,"InChI=1S/C21H27NO/c1-14(2)18-12-20(23)15(3)11-19(18)22-13-16-7-9-17(10-8-16)21(4,5)6/h7-14,23H,1-6H3/b22-13+",309.5,CHEMBL2316821,10.1016/j.bmcl.2012.12.001,Antioxidant activity assessed as DPPH radical scavenging activity in ethanol solution 30 min (manual check),4.1504148917882,Cc1cc(N=Cc2ccc(C(C)(C)C)cc2)c(C(C)C)cc1O
862,"InChI=1S/C24H19NO5/c1-14-2-7-17(8-3-14)25-23(29)11-6-15-4-10-20(27)24-18(15)13-22(30-24)16-5-9-19(26)21(28)12-16/h2-13,26-28H,1H3,(H,25,29)/b11-6+",401.4,CHEMBL4279871,10.1016/j.ejmech.2018.01.096,Antioxidant activity assessed as DPPH radical scavenging activity after 30 mins by spectrophotometric analysis,5.1791420105603,Cc1ccc(NC(=O)C=Cc2ccc(O)c3oc(-c4ccc(O)c(O)c4)cc23)cc1
506,"InChI=1S/C19H19Cl2N5O3S/c1-22-19(30)25-24-17(27)9-26-14-8-12(21)11(20)7-13(14)23-18(26)10-4-5-15(28-2)16(6-10)29-3/h4-8H,9H2,1-3H3,(H,24,27)(H2,22,25,30)",468.4,CHEMBL260252,10.1016/j.bmc.2008.02.077,Antioxidant activity assessed as DPPH free radical scavenging activity after 30 mins,4.25963731050576,CNC(=S)NNC(=O)Cn1c(-c2ccc(OC)c(OC)c2)nc2cc(Cl)c(Cl)cc21
1112,"InChI=1S/C14H19NO5S/c1-20-14(19)10(5-6-21-2)15-13(18)8-9-3-4-11(16)12(17)7-9/h3-4,7,10,16-17H,5-6,8H2,1-2H3,(H,15,18)/t10-/m0/s1",313.4,CHEMBL1950220,10.1016/j.ejmech.2012.02.018,Antioxidant activity assessed as DPPH free radical scavenging activity by UV-Vis spectrophotometry 30 min (manual check),4.31875876262441,COC(=O)C(CCSC)NC(=O)Cc1ccc(O)c(O)c1
2000,"InChI=1S/C22H14N4O3/c23-25-19-16-11-14(12-5-7-13(8-6-12)22(28)29)9-10-18(16)26-20(19)24-17-4-2-1-3-15(17)21(26)27/h1-11H,23H2,(H,28,29)/b25-19-",382.4,CHEMBL4084016,10.1016/j.bmcl.2017.08.064,Antioxidant activity assessed as DPPH radical scavenging activity incubated for 30 mins under dark condition by UV-vis spectrophotometric method,4.65836766422195,NN=C1c2cc(-c3ccc(C(=O)O)cc3)ccc2-n2c1nc1ccccc1c2=O
734,"InChI=1S/C21H22N4O5/c1-29-16-10-13(11-17(30-2)20(16)27)12-22-25-19(26)9-5-8-18-23-15-7-4-3-6-14(15)21(28)24-18/h3-4,6-7,10-12,27H,5,8-9H2,1-2H3,(H,25,26)(H,23,24,28)/b22-12+",410.4,CHEMBL3397975,10.1016/j.bmcl.2015.01.010,Antioxidant activity assessed as DPPH scavenging activity after 30 mins by spectrophotometry,1.01322826573376,COc1cc(C=NNC(=O)CCCc2nc3ccccc3c(=O)[nH]2)cc(OC)c1O
1883,"InChI=1S/C14H10Cl2N2OS/c15-11-7-6-10(8-12(11)16)17-14(20)18-13(19)9-4-2-1-3-5-9/h1-8H,(H2,17,18,19,20)",325.2,CHEMBL3087548,10.1016/j.ejmech.2013.10.012,Antioxidant activity assessed as DPPH free radical scavenging activity after 30 mins,4.15490195998574,O=C(NC(=S)Nc1ccc(Cl)c(Cl)c1)c1ccccc1
1222,"InChI=1S/C13H10FNO/c14-11-6-2-1-5-10(11)9-15-12-7-3-4-8-13(12)16/h1-9,16H/b15-9+",215.2,CHEMBL1797961,10.1016/j.ejmech.2013.10.068,Antioxidant activity assessed as DPPH free radical scavenging activity after 30 mins by spectrophotometric analysis,4.35753547975788,Oc1ccccc1N=Cc1ccccc1F
1610,"InChI=1S/C22H22O12/c1-7-15(26)18(29)19(30)22(32-7)34-21-17(28)14-10(23)5-9(31-2)6-13(14)33-20(21)8-3-11(24)16(27)12(25)4-8/h3-7,15,18-19,22-27,29-30H,1-2H3/t7-,15-,18+,19+,22-/m0/s1",478.4,CHEMBL4098691,10.1021/acs.jnatprod.6b00720,Antioxidant activity assessed as DPPH radical scavenging activity incubated for 30 mins,4.6345120151091,COc1cc(O)c2c(=O)c(OC3OC(C)C(O)C(O)C3O)c(-c3cc(O)c(O)c(O)c3)oc2c1
2054,"InChI=1S/C9H8O4/c10-7-3-1-6(5-8(7)11)2-4-9(12)13/h1-5,10-11H,(H,12,13)/b4-2+",180.2,CHEMBL145,10.1016/j.bmcl.2013.04.081,Antioxidant activity assessed as DPPH free radical scavenging activity after 30 mins by spectrophotometric analysis 30 min (manual check),4.69440895044556,O=C(O)C=Cc1ccc(O)c(O)c1
286,"InChI=1S/C21H20O7/c1-10-4-13(22)19(25)16(7-10)27-18-9-12(3)6-15(24)21(18)28-17-8-11(2)5-14(23)20(17)26/h4-9,22-26H,1-3H3",384.4,CHEMBL4086365,10.1016/j.bmcl.2017.01.032,Antioxidant activity assessed as DPPH radical scavenging activity after 30 mins,4.67325462043468,Cc1cc(O)c(O)c(Oc2cc(C)cc(O)c2Oc2cc(C)cc(O)c2O)c1
1892,"InChI=1S/C22H17N3O4/c1-25-17-11-13(20(26)12-6-3-2-4-7-12)10-15(22(28)29)18(17)24-16-9-5-8-14(19(16)25)21(23)27/h2-11,24H,1H3,(H2,23,27)(H,28,29)",387.4,CHEMBL3109426,10.1021/np400952d,Antioxidant activity assessed as DPPH radical scavenging activity 30 min (manual check),5.07572071393812,CN1c2cc(C(=O)c3ccccc3)cc(C(=O)O)c2Nc2cccc(C(N)=O)c21
1433,"InChI=1S/C18H16ClNO4/c1-23-15-7-10-6-14(17(21)13(10)9-16(15)24-2)18(22)20-12-5-3-4-11(19)8-12/h3-5,7-9,14H,6H2,1-2H3,(H,20,22)",345.8,CHEMBL3633487,10.1016/j.bmcl.2015.10.051,Antioxidant activity assessed as DPPH scavenging activity at 10 to 60 ug/ml after 30 mins,3.65618662724187,COc1cc2c(cc1OC)C(=O)C(C(=O)Nc1cccc(Cl)c1)C2
818,"InChI=1S/C10H8O4/c1-5-4-8(12)14-10-6(5)2-3-7(11)9(10)13/h2-4,11,13H,1H3",192.2,CHEMBL276618,10.1021/acs.jnatprod.7b00665,Antioxidant activity assessed as DPPH radical scavenging activity incubated for 30 mins under dark condition,0.94133070251032,Cc1cc(=O)oc2c(O)c(O)ccc12
2123,"InChI=1S/C14H14O5/c15-7-9-6-12(2-4-13(9)17)19-8-10-5-11(16)1-3-14(10)18/h1-6,15-18H,7-8H2",262.3,CHEMBL256964,10.1021/np070421v,DPPH radical scavenging activity 30 min (manual check),5.20760831050175,OCc1cc(OCc2cc(O)ccc2O)ccc1O
453,"InChI=1S/C28H23NO6/c1-33-24-12-11-16(13-25(24)34-2)19(20-15-29-21-9-5-3-7-17(20)21)14-22(30)26-27(31)18-8-4-6-10-23(18)35-28(26)32/h3-13,15,19,29,31H,14H2,1-2H3",469.5,CHEMBL3754420,10.1016/j.bmcl.2015.12.085,Antioxidant activity of the compound assessed as DPPH radical scavenging after 30 mins by spectrophotometric analysis,3.87119347526587,COc1ccc(C(CC(=O)c2c(O)c3ccccc3oc2=O)c2c[nH]c3ccccc23)cc1OC
513,"InChI=1S/C28H30N2O11/c1-3-12-14(8-18-21-15(9-19(29-18)25(35)36)13-6-4-5-7-17(13)30-21)16(26(37)38-2)11-39-27(12)41-28-24(34)23(33)22(32)20(10-31)40-28/h3-7,9,11-12,14,20,22-24,27-28,30-34H,1,8,10H2,2H3,(H,35,36)/t12-,14+,20-,22-,23+,24-,27+,28-/m1/s1",570.6,CHEMBL453150,10.1021/np049863m,Antioxidant activity assessed as DPPH radical scavenging activity 30 min (manual check),4.30189945437661,C=CC1C(OC2OC(CO)C(O)C(O)C2O)OC=C(C(=O)OC)C1Cc1nc(C(=O)O)cc2c1[nH]c1ccccc12
2041,"InChI=1S/C23H33N3O3/c1-5-17(6-2)15-24-20-11-12-22(27)18(13-20)16-25-19-9-8-10-21(14-19)29-23(28)26(4)7-3/h8-14,17,24-25,27H,5-7,15-16H2,1-4H3",399.5,CHEMBL4455322,10.1016/j.ejmech.2019.04.060,Antioxidant activity assessed as DPPH free radical scavenging activity after 30 mins incubation in dark by UV-Visible spectrophotometric analysis,4.57691804170277,CCC(CC)CNc1ccc(O)c(CNc2cccc(OC(=O)N(C)CC)c2)c1
1678,"InChI=1S/C20H14O3/c1-22-15-9-6-14(7-10-15)19-12-18(21)17-11-8-13-4-2-3-5-16(13)20(17)23-19/h2-12H,1H3",302.3,CHEMBL2420082,10.1039/C8MD00512E,Antioxidant activity assessed as DPPH radical scavenging activity shaken for 1 min and incubated under dark condition for 30 mins by spectrophotometric analysis,5.36957212497498,COc1ccc(-c2cc(=O)c3ccc4ccccc4c3o2)cc1
1366,"InChI=1S/C15H11ClO3/c16-11-4-1-10(2-5-11)3-8-14(18)13-7-6-12(17)9-15(13)19/h1-9,17,19H/b8-3+",274.7,CHEMBL139679,10.1007/s00044-012-0413-3,Antioxidant activity assessed as DPPH free radical scavenging activity after 30 min by spectrophotometeric analysis,3.01569473557021,O=C(C=Cc1ccc(Cl)cc1)c1ccc(O)cc1O
1480,"InChI=1S/C25H30O5/c1-2-3-4-5-6-7-8-12-15-29-22-17-21-23(25(28)24(22)27)19(26)16-20(30-21)18-13-10-9-11-14-18/h9-11,13-14,16-17,27-28H,2-8,12,15H2,1H3",410.5,CHEMBL3753019,10.1039/C5MD00163C,Antioxidant activity assessed as DPPH radical scavenging activity after 30 mins by ELISA reader analysis,4.54393777554505,CCCCCCCCCCOc1cc2oc(-c3ccccc3)cc(=O)c2c(O)c1O
483,"InChI=1S/C21H13N3O2S2/c25-20-16(10-13-5-1-3-7-18(13)26-20)17-12-27-21(23-17)24-22-11-15-9-14-6-2-4-8-19(14)28-15/h1-12H,(H,23,24)/b22-11+",403.5,CHEMBL4536090,10.1016/j.ejmech.2019.111765,Antioxidant activity assessed as DPPH radical scavenging activity incubated for 30 mins under dark condition by Uv-vis spectrophotometric method,4.79860287567955,O=c1oc2ccccc2cc1-c1csc(NN=Cc2cc3ccccc3s2)n1
1217,"InChI=1S/C21H19NO2/c1-22-15-21(23,24-20-10-6-5-9-19(20)22)18-13-11-17(12-14-18)16-7-3-2-4-8-16/h2-14,23H,15H2,1H3",317.4,CHEMBL1915483,10.1021/jm401842e,Antioxidant activity assessed as DPPH radical scavenging activity after 30 mins,3.92445303860747,CN1CC(O)(c2ccc(-c3ccccc3)cc2)Oc2ccccc21
1636,"InChI=1S/C17H22N4O2S/c1-3-4-5-6-8-13(2)19-20-17-18-16(12-24-17)14-9-7-10-15(11-14)21(22)23/h7,9-12H,3-6,8H2,1-2H3,(H,18,20)/b19-13-",346.5,CHEMBL4162482,10.1016/j.ejmech.2017.10.050,Antioxidant activity assessed as DPPH radical scavenging activity after 30 mins,2.93930215964639,CCCCCCC(C)=NNc1nc(-c2cccc([N+](=O)[O-])c2)cs1
1468,"InChI=1S/C16H11Cl4N3O/c17-11-3-1-10(2-4-11)7-23-8-13(21-22-23)9-24-16-14(19)5-12(18)6-15(16)20/h1-6,8H,7,9H2",403.1,CHEMBL3741170,10.1039/C5MD00057B,Antioxidant activity assessed as DPPH radical scavenging activity after 30 mins by spectrophotometric analysis,4.17084389411885,Clc1ccc(Cn2cc(COc3c(Cl)cc(Cl)cc3Cl)nn2)cc1
2112,"InChI=1S/C24H29N3O3/c1-7-24(5,6)21-17(12-19-23(30)25-14(4)22(29)27-19)16-10-15(8-9-18(16)26-21)11-20(28)13(2)3/h7-10,12,14,20,26,28H,1-2,11H2,3-6H3,(H,25,30)(H,27,29)/b19-12-/t14-,20+/m0/s1",407.5,CHEMBL250874,10.1021/np070208z,DPPH radical scavenging activity 30 min (manual check),4.1249387366083,C=CC(C)(C)c1[nH]c2ccc(CC(O)C(=C)C)cc2c1C=C1NC(=O)C(C)NC1=O
1010,"InChI=1S/C15H14O4/c1-19-12-5-2-10(3-6-12)8-14(17)13-7-4-11(16)9-15(13)18/h2-7,9,16,18H,8H2,1H3",258.3,CHEMBL241858,10.1016/j.bmc.2009.05.019,Antioxidant activity assessed as DPPH radical scavenging activity incubated at 40 degC in dark after 30 mins,4.24108810760203,COc1ccc(CC(=O)c2ccc(O)cc2O)cc1
1936,"InChI=1S/C28H32N2O/c31-28-24(20-22-8-12-26(13-9-22)29-16-1-2-17-29)6-5-7-25(28)21-23-10-14-27(15-11-23)30-18-3-4-19-30/h8-15,20-21H,1-7,16-19H2/b24-20-,25-21+",412.6,CHEMBL3290187,10.1016/j.ejmech.2014.06.034,Antioxidant activity assessed as DPPH free radical scavenging activity 30 min (manual check),4.50459443685381,O=C1C(=Cc2ccc(N3CCCC3)cc2)CCCC1=Cc1ccc(N2CCCC2)cc1
211,"InChI=1S/C19H14BrN3O3/c20-14-6-4-11(5-7-14)13-9-16(18-17(10-13)21-22-19(18)24)12-2-1-3-15(8-12)23(25)26/h1-8,10,16,18H,9H2,(H,22,24)",412.2,CHEMBL3356229,10.1016/j.bmc.2014.10.015,Antioxidant activity assessed as DPPH radical scavenging activity after 30 mins by spectrophotometry,3.59974823203398,O=C1NN=C2C=C(c3ccc(Br)cc3)CC(c3cccc([N+](=O)[O-])c3)C12
1920,"InChI=1S/C15H10O3/c16-11-6-7-12-13(17)9-14(18-15(12)8-11)10-4-2-1-3-5-10/h1-9,16H",238.2,CHEMBL276915,10.1016/j.ejmech.2014.04.054,Antioxidant activity assessed as DPPH radical scavenging activity after 30 mins,3.99312639116633,O=c1cc(-c2ccccc2)oc2cc(O)ccc12
199,InChI=1S/C15H10BrNO3/c16-13-7-5-12(6-8-13)15(18)9-4-11-2-1-3-14(10-11)17(19)20/h1-10H/b9-4+,332.2,CHEMBL3356220,10.1016/j.bmc.2014.10.015,Antioxidant activity assessed as DPPH radical scavenging activity after 30 mins by spectrophotometry,3.2909507067371,O=C(C=Cc1cccc([N+](=O)[O-])c1)c1ccc(Br)cc1
342,"InChI=1S/C10H12N2S2/c1-7-2-3-8-9(6-7)14-10(12-8)11-4-5-13/h2-3,6,13H,4-5H2,1H3,(H,11,12)",224.4,CHEMBL567216,10.1016/j.bmc.2009.05.039,Antioxidant activity assessed as DPPH free radical scavenging activity by UV spectroscopic method 30 min (manual check),2.49894073778225,Cc1ccc2nc(NCCS)sc2c1
2048,"InChI=1S/C17H23NO5/c1-4-23-17(22)13(9-11(2)3)18-16(21)8-6-12-5-7-14(19)15(20)10-12/h5-8,10-11,13,19-20H,4,9H2,1-3H3,(H,18,21)/b8-6+/t13-/m0/s1",321.4,CHEMBL4590796,10.1016/j.bmc.2019.05.031,Antioxidant activity assessed as DPPH free radical scavenging activity incubated for 30 mins in dark condition by spectrophotometric analysis,4.54363396687096,CCOC(=O)C(CC(C)C)NC(=O)C=Cc1ccc(O)c(O)c1
624,"InChI=1S/C11H16O/c1-8-5-6-9(10(12)7-8)11(2,3)4/h5-7,12H,1-4H3",164.2,CHEMBL1880057,10.1016/j.bmcl.2012.12.001,Antioxidant activity assessed as DPPH radical scavenging activity in ethanol solution 30 min (manual check),2.97494871969981,Cc1ccc(C(C)(C)C)c(O)c1
352,"InChI=1S/C16H13NO/c1-18-15-8-4-6-11-12(15)9-13-10-5-2-3-7-14(10)17-16(11)13/h2-8,17H,9H2,1H3",235.3,CHEMBL607813,10.1016/j.bmc.2009.07.077,Antioxidant activity assessed as DPPH radical scavenging activity 30 min (manual check),3.79001356114396,COc1cccc2c1Cc1c-2[nH]c2ccccc12
2003,"InChI=1S/C15H9IN4O/c16-8-5-6-12-10(7-8)13(19-17)14-18-11-4-2-1-3-9(11)15(21)20(12)14/h1-7H,17H2/b19-13-",388.2,CHEMBL4095916,10.1016/j.bmcl.2017.08.064,Antioxidant activity assessed as DPPH radical scavenging activity incubated for 30 mins under dark condition by UV-vis spectrophotometric method,4.60432421473006,NN=C1c2cc(I)ccc2-n2c1nc1ccccc1c2=O
1229,"InChI=1S/C18H11BrO4/c19-12-8-5-11(6-9-12)7-10-14(20)16-17(21)13-3-1-2-4-15(13)23-18(16)22/h1-10,21H/b10-7+",371.2,CHEMBL2234267,10.1007/s00044-010-9326-1,Antioxidant activity assessed as DPPH free radical scavenging activity after 30 min,5.64781748188864,O=C(C=Cc1ccc(Br)cc1)c1c(O)c2ccccc2oc1=O
1773,"InChI=1S/C28H33NO2S2/c1-17-8-7-11-25-27(17,3)13-12-18(2)28(25,4)16-19-14-22(31)24(15-21(19)30)33-26-29-20-9-5-6-10-23(20)32-26/h5-6,8-10,14-15,18,25,30-31H,7,11-13,16H2,1-4H3/t18-,25+,27+,28+/m0/s1",479.7,CHEMBL573840,10.1021/np800318m,Antioxidant activity assessed as DPPH radical scavenging activity 30 min (manual check),4.50584540598156,CC1=CCCC2C1(C)CCC(C)C2(C)Cc1cc(O)c(Sc2nc3ccccc3s2)cc1O
2132,"InChI=1S/C17H15FO4/c1-21-16-8-5-12(10-13(16)18)14(19)6-3-11-4-7-15(20)17(9-11)22-2/h3-10,20H,1-2H3/b6-3+",302.3,CHEMBL243623,10.1016/j.bmc.2007.03.077,DPPH radical scavenging activity 30 min (manual check),4.27984069659404,COc1cc(C=CC(=O)c2ccc(OC)c(F)c2)ccc1O
2064,"InChI=1S/C17H9F5N2O2/c18-8-2-4-11-7(5-8)1-3-12(25-11)17-24-23-16(26-17)9-6-10(19)14(21)15(22)13(9)20/h2,4-6,12H,1,3H2",368.3,CHEMBL4635243,10.1016/j.bmcl.2020.127136,Antioxidant activity assessed as DPPH radical scavenging activity 30 min (manual check),4.537751784645,Fc1ccc2c(c1)CCC(c1nnc(-c3cc(F)c(F)c(F)c3F)o1)O2
1859,"InChI=1S/C15H15NO4S/c17-14-7-6-12(10-15(14)18)8-9-21(19,20)16-11-13-4-2-1-3-5-13/h1-10,16-18H,11H2/b9-8+",305.4,CHEMBL2413094,10.1016/j.bmc.2013.05.043,Antioxidant activity assessed as DPPH radical scavenging activity after 30 mins,4.99567862621736,O=S(=O)(C=Cc1ccc(O)c(O)c1)NCc1ccccc1
1262,"InChI=1S/C15H13N3O2/c1-9-5-4-7-11(13(9)19)15-18-17-14(20-15)10-6-2-3-8-12(10)16/h2-8,19H,16H2,1H3",267.3,CHEMBL2236020,10.1007/s00044-010-9480-5,Antioxidant activity of the compound assessed as DPPH radical scavenging activity after 30 min,4.64884770837289,Cc1cccc(-c2nnc(-c3ccccc3N)o2)c1O
937,"InChI=1S/C6H6O3/c7-4-2-1-3-5(8)6(4)9/h1-3,7-9H",126.1,CHEMBL307145,10.1021/np020189n,Antioxidant activity assessed as DPPH free radical scavenging activity after 30 mins,4.42250820016277,Oc1cccc(O)c1O
502,"InChI=1S/C18H17N5OS/c1-22-16(20-21-18(22)25)11-23-15-6-4-3-5-14(15)19-17(23)12-7-9-13(24-2)10-8-12/h3-10H,11H2,1-2H3,(H,21,25)",351.4,CHEMBL263397,10.1016/j.bmc.2008.02.077,Antioxidant activity assessed as DPPH free radical scavenging activity after 30 mins,3.85387196432176,COc1ccc(-c2nc3ccccc3n2Cc2n[nH]c(=S)n2C)cc1
441,"InChI=1S/C21H20O4/c1-25-19-13-14(10-11-18(19)22)12-16-8-5-9-17(21(16)24)20(23)15-6-3-2-4-7-15/h2-4,6-7,10-13,22,24H,5,8-9H2,1H3/b16-12+",336.4,CHEMBL3601743,10.1016/j.bmcl.2015.05.056,Antioxidant activity assessed as DPPH radical scavenging activity incubated for 30 mins under dark conditions,4.32239304727951,COc1cc(C=C2CCCC(C(=O)c3ccccc3)=C2O)ccc1O
1061,"InChI=1S/C23H21N3O2S/c1-3-28-23(27)19-18(17-5-4-10-29-17)14-8-7-13-15-11-12(2)6-9-16(15)25-20(13)21(14)26-22(19)24/h4-6,9-11,25H,3,7-8H2,1-2H3,(H2,24,26)",403.5,CHEMBL1911080,10.1016/j.ejmech.2011.09.024,Antioxidant activity assessed as DPPH radical scavenging activity after 30 mins by micro plate reader,3.21694343070385,CCOC(=O)c1c(N)nc2c(c1-c1cccs1)CCc1c-2[nH]c2ccc(C)cc12
942,"InChI=1S/C25H28O13/c1-33-15-10-13(24(31)32)5-6-14(15)37-25-23(30)22(29)21(28)18(38-25)11-36-19(26)7-4-12-8-16(34-2)20(27)17(9-12)35-3/h4-10,18,21-23,25,27-30H,11H2,1-3H3,(H,31,32)/b7-4+/t18-,21-,22+,23-,25-/m1/s1",536.5,CHEMBL479508,10.1021/np050447r,Antioxidant activity assessed as DPPH free radical scavenging activity relative to control 30 min (manual check),4.37354386910885,COc1cc(C(=O)O)ccc1OC1OC(COC(=O)C=Cc2cc(OC)c(O)c(OC)c2)C(O)C(O)C1O
711,"InChI=1S/C34H36N2O13/c1-7-16(3)27-32(42)36(45)34(17(4)8-2,33(43)35(27)44)48-24-15-21(11-14-23(24)49-36)26-29(41)28(40)25(20-9-12-22(39)13-10-20)30(46-18(5)37)31(26)47-19(6)38/h9-17,39-42,44H,7-8H2,1-6H3/t16-,17+,34+,36+/m0/s1",680.7,CHEMBL3238010,10.1021/np401026b,Antioxidant activity assessed as DPPH radical scavenging activity after 30 mins by microplate reader analysis,4.85166740486923,CCC(C)C1=C(O)[N+]2([O-])Oc3ccc(-c4c(O)c(O)c(-c5ccc(O)cc5)c(OC(C)=O)c4OC(C)=O)cc3OC2(C(C)CC)C(=O)N1O
1143,"InChI=1S/C21H22O6/c1-21(2,24)18-8-13-16(26-18)10-17(25-3)19-14(23)9-15(27-20(13)19)11-4-6-12(22)7-5-11/h4-7,10,15,18,22,24H,8-9H2,1-3H3/t15-,18?/m0/s1",370.4,CHEMBL2337360,10.1016/j.bmc.2013.01.026,Antioxidant activity assessed as concentration required for 50 % inhibition of micoM DPPH activity after 30 mins by UV-vis spectrophotometry,4.05863766428824,COc1cc2c(c3c1C(=O)CC(c1ccc(O)cc1)O3)CC(C(C)(C)O)O2
1281,"InChI=1S/C17H23NO4/c1-22-15-9-13(5-6-14(15)19)11-18-12-17(10-16(20)21)7-3-2-4-8-17/h5-6,9,11,19H,2-4,7-8,10,12H2,1H3,(H,20,21)/b18-11+",305.4,CHEMBL2234038,10.1007/s00044-010-9498-8,Antioxidant activity assessed as DPPH free radical scavenging activity after 30 min,3.70962277298017,COc1cc(C=NCC2(CC(=O)O)CCCCC2)ccc1O
204,"InChI=1S/C22H21NO6/c1-3-29-22(25)21-19(15-5-4-6-17(11-15)23(26)27)12-16(13-20(21)24)14-7-9-18(28-2)10-8-14/h4-11,13,19,21H,3,12H2,1-2H3",395.4,CHEMBL3356222,10.1016/j.bmc.2014.10.015,Antioxidant activity assessed as DPPH radical scavenging activity after 30 mins by spectrophotometry,3.30367411026621,CCOC(=O)C1C(=O)C=C(c2ccc(OC)cc2)CC1c1cccc([N+](=O)[O-])c1
642,"InChI=1S/C20H25NO/c1-13(2)17-8-6-16(7-9-17)12-21-19-10-15(5)20(22)11-18(19)14(3)4/h6-14,22H,1-5H3/b21-12+",295.4,CHEMBL2316820,10.1016/j.bmcl.2012.12.001,Antioxidant activity assessed as DPPH radical scavenging activity in ethanol solution 30 min (manual check),4.14653988443542,Cc1cc(N=Cc2ccc(C(C)C)cc2)c(C(C)C)cc1O
1084,"InChI=1S/C18H21NO2/c1-12-9-17(21)15(18(2,3)4)10-16(12)19-11-13-5-7-14(20)8-6-13/h5-11,20-21H,1-4H3/b19-11+",283.4,CHEMBL2316858,10.1016/j.bmcl.2012.12.001,Antioxidant activity assessed as DPPH radical scavenging activity in chloroform solution 30 min (manual check),4.4038402864705,Cc1cc(O)c(C(C)(C)C)cc1N=Cc1ccc(O)cc1
1081,"InChI=1S/C20H20O13/c21-9-1-7(2-10(22)15(9)25)19(29)32-5-13-17(27)18(28)14(6-31-13)33-20(30)8-3-11(23)16(26)12(24)4-8/h1-4,13-14,17-18,21-28H,5-6H2/t13-,14+,17-,18-/m1/s1",468.4,CHEMBL1933684,10.1016/j.bmcl.2011.10.073,Antioxidant activity assessed as DPPH free radical scavenging activity after 30 mins,4.75104638450429,O=C(OCC1OCC(OC(=O)c2cc(O)c(O)c(O)c2)C(O)C1O)c1cc(O)c(O)c(O)c1
822,"InChI=1S/C20H17NO3/c22-19-8-4-7-16(20(19)23)13-21-17-9-11-18(12-10-17)24-14-15-5-2-1-3-6-15/h1-13,22-23H,14H2/b21-13+",319.4,CHEMBL4214938,10.1016/j.bmc.2017.08.048,Antioxidant activity assessed as DPPH radical scavenging activity after 30 mins,4.87614835903291,Oc1cccc(C=Nc2ccc(OCc3ccccc3)cc2)c1O
387,"InChI=1S/C31H25FN2O8P2/c32-29-22-21-24(23-30(29)34(35)36)33-31(43(37,39-25-13-5-1-6-14-25)40-26-15-7-2-8-16-26)44(38,41-27-17-9-3-10-18-27)42-28-19-11-4-12-20-28/h1-23,31,33H",634.5,CHEMBL1821754,10.1016/j.ejmech.2011.02.038,Antioxidant activity assessed as DPPH free radical scavenging activity after 30 mins,4.32386513083688,O=[N+]([O-])c1cc(NC(P(=O)(Oc2ccccc2)Oc2ccccc2)P(=O)(Oc2ccccc2)Oc2ccccc2)ccc1F
959,"InChI=1S/C30H20O10/c31-15-5-1-13(2-6-15)22-12-21(37)24-19(35)11-20(36)26(30(24)39-22)27-28(38)25-18(34)9-17(33)10-23(25)40-29(27)14-3-7-16(32)8-4-14/h1-12,27,29,31-36H/t27-,29+/m1/s1",540.5,CHEMBL463023,10.1021/np0497595,Antioxidant activity assessed as DPPH radical scavenging activity 30 min (manual check),3.52578373592374,O=C1c2c(O)cc(O)cc2OC(c2ccc(O)cc2)C1c1c(O)cc(O)c2c(=O)cc(-c3ccc(O)cc3)oc12
1113,"InChI=1S/C19H19NO6/c1-26-19(25)15(10-12-2-6-14(21)7-3-12)20-18(24)9-5-13-4-8-16(22)17(23)11-13/h2-9,11,15,21-23H,10H2,1H3,(H,20,24)/b9-5+/t15-/m0/s1",357.4,CHEMBL1950221,10.1016/j.ejmech.2012.02.018,Antioxidant activity assessed as DPPH free radical scavenging activity by UV-Vis spectrophotometry 30 min (manual check),4.52287874528034,COC(=O)C(Cc1ccc(O)cc1)NC(=O)C=Cc1ccc(O)c(O)c1
1282,"InChI=1S/C16H21NO3/c18-14-7-3-2-6-13(14)11-17-12-16(10-15(19)20)8-4-1-5-9-16/h2-3,6-7,11,18H,1,4-5,8-10,12H2,(H,19,20)/b17-11+",275.3,CHEMBL2236480,10.1007/s00044-010-9498-8,Antioxidant activity assessed as DPPH free radical scavenging activity after 30 min,3.53401033102546,O=C(O)CC1(CN=Cc2ccccc2O)CCCCC1
1139,"InChI=1S/C18H16O3/c1-3-4-12-5-8-17-13(9-12)10-18(21-17)15-7-6-14(20-2)11-16(15)19/h3-11,19H,1-2H3/b4-3+",280.3,CHEMBL2147424,10.1021/np200343t,Antioxidant activity assessed as DPPH free radical scavenging activity after 30 mins by spectrophotometry,4.61618463401957,CC=Cc1ccc2oc(-c3ccc(OC)cc3O)cc2c1
1532,"InChI=1S/C11H14FN3O3/c12-7-1-3-8(4-2-7)14-15-10(16)6-5-9(13)11(17)18/h1-4,9,14H,5-6,13H2,(H,15,16)(H,17,18)/t9-/m0/s1",255.2,CHEMBL4208422,10.1016/j.bmcl.2017.11.012,Antioxidant activity assessed as DPPH radical scavenging activity incubated under dark condition for 30 mins by spectrophotometric analysis,4.2679467297922,NC(CCC(=O)NNc1ccc(F)cc1)C(=O)O
839,"InChI=1S/C31H43FN2O2/c1-30(2,3)25-19-23(20-26(29(25)36)31(4,5)6)11-12-28(35)33-16-13-22-14-17-34(18-15-22)21-24-9-7-8-10-27(24)32/h7-12,19-20,22,36H,13-18,21H2,1-6H3,(H,33,35)/b12-11+",494.7,CHEMBL4292766,10.1016/j.ejmech.2018.08.005,Antioxidant activity assessed as DPPH radical scavenging activity measured after 30 mins incubation in dark by UV-Visible spectrophotometric analysis,4.25258819211358,CC(C)(C)c1cc(C=CC(=O)NCCC2CCN(Cc3ccccc3F)CC2)cc(C(C)(C)C)c1O
1163,"InChI=1S/C20H25NO3/c1-13-9-17(22)15(20(2,3)4)11-16(13)21-12-14-7-8-18(23-5)19(10-14)24-6/h7-12,22H,1-6H3/b21-12+",327.4,CHEMBL2316860,10.1016/j.bmcl.2012.12.001,Antioxidant activity assessed as DPPH radical scavenging activity in chloroform solution 30 min (manual check),4.22776705419269,COc1ccc(C=Nc2cc(C(C)(C)C)c(O)cc2C)cc1OC
228,"InChI=1S/C22H23NO9.ClH/c1-29-22-20(28)18-14(24)10-13(31-7-4-23-2-5-30-6-3-23)11-17(18)32-21(22)12-8-15(25)19(27)16(26)9-12;/h8-11,24-27H,2-7H2,1H3;1H",481.9,CHEMBL3593746,10.1016/j.bmc.2015.05.023,Antioxidant activity assessed as DPPH radical scavenging activity after 30 min,4.58536085326299,COc1c(-c2cc(O)c(O)c(O)c2)oc2cc(OCCN3CCOCC3)cc(O)c2c1=O
17,"InChI=1S/C30H28N6O2/c1-21-27(29(37)35(33(21)3)25-15-7-5-8-16-25)31-19-23-13-11-12-14-24(23)20-32-28-22(2)34(4)36(30(28)38)26-17-9-6-10-18-26/h5-20H,1-4H3/b31-19+,32-20+",504.6,CHEMBL2088282,10.1016/j.bmc.2012.04.058,Antioxidant activity assessed as DPPH free radical scavenging activity incubated for 30 mins,5.50307035192678,Cc1c(N=Cc2ccccc2C=Nc2c(C)n(C)n(-c3ccccc3)c2=O)c(=O)n(-c2ccccc2)n1C
312,"InChI=1S/C20H21N5O5S2/c21-32(28,29)15-7-5-14(6-8-15)25-19(27)16-3-1-2-4-17(16)22-20(25)31-13-18(26)23-24-9-11-30-12-10-24/h1-8H,9-13H2,(H,23,26)(H2,21,28,29)",475.6,CHEMBL4746181,10.1016/j.ejmech.2020.112333,Antioxidant activity assessed as DPPH radical scavenging activity after 30 mins under dark condition by spectrophotometric analysis,4.17763574755845,NS(=O)(=O)c1ccc(-n2c(SCC(=O)NN3CCOCC3)nc3ccccc3c2=O)cc1
1800,"InChI=1S/C31H45NO2/c1-6-12-28-23-29(32-31(33)27-17-8-7-9-18-27)19-20-30(28)34-22-21-26(5)16-11-15-25(4)14-10-13-24(2)3/h6,13,15,19-21,23,27H,1,7-12,14,16-18,22H2,2-5H3,(H,32,33)/b25-15+,26-21+",463.7,CHEMBL2087307,10.1016/j.bmc.2012.07.025,Antioxidant activity assessed as inhibition of DPPH radical scavenging activity after 30 mins by spectrophotometry,3.27646223846794,C=CCc1cc(NC(=O)C2CCCCC2)ccc1OCC=C(C)CCC=C(C)CCC=C(C)C
881,"InChI=1S/C13H10N6O2S/c20-9-2-1-8(11(21)5-9)6-16-19-12(17-18-13(19)22)10-7-14-3-4-15-10/h1-7,20-21H,(H,18,22)/b16-6+",314.3,CHEMBL4071122,10.1016/j.bmcl.2017.06.053,Antioxidant activity assessed as DPPH free radical scavenging activity after 30 mins,4.11998716163323,Oc1ccc(C=Nn2c(S)nnc2-c2cnccn2)c(O)c1
1658,"InChI=1S/C39H42O7/c1-24(2)6-17-31-34(42)22-28(23-35(31)43)38(37(44-5)27-11-13-29(40)14-12-27)45-30-15-9-25(10-16-30)7-8-26-20-33(41)32-18-19-39(3,4)46-36(32)21-26/h6-16,20-23,37-38,40-43H,17-19H2,1-5H3/b8-7+/t37-,38+/m0/s1",622.8,CHEMBL4586379,10.1016/j.ejmech.2018.11.040,Antioxidant activity assessed as inhibition of DPPH free radical after 30 mins by UV-Visible spectrophotometric analysis,3.73313355877882,COC(c1ccc(O)cc1)C(Oc1ccc(C=Cc2cc(O)c3c(c2)OC(C)(C)CC3)cc1)c1cc(O)c(CC=C(C)C)c(O)c1
1733,"InChI=1S/C19H26O3/c1-4-5-6-7-8-9-16-17(13-20)19(22)15(12-18(16)21)11-10-14(2)3/h4-5,10,12-13,21-22H,6-9,11H2,1-3H3/b5-4+",302.4,CHEMBL462798,10.1021/np060248n,Antioxidant activity assessed as DPPH free radical scavenging activity 30 min (manual check),4.06560843885835,CC=CCCCCc1c(O)cc(CC=C(C)C)c(O)c1C=O
1956,"InChI=1S/C15H10O4/c16-11-7-6-10-12(17)8-13(19-15(10)14(11)18)9-4-2-1-3-5-9/h1-8,16,18H",254.2,CHEMBL75267,10.1016/j.bmc.2016.09.006,Antioxidant activity assessed as DPPH free radical scavenging activity after 30 mins incubation in dark by UV-Vis spectrophotometric analysis,4.80966830182971,O=c1cc(-c2ccccc2)oc2c(O)c(O)ccc12
695,"InChI=1S/C18H19NO2/c1-20-15-9-7-13(8-10-15)16-12-21-17-6-2-4-14-5-3-11-19(16)18(14)17/h2,4,6-10,16H,3,5,11-12H2,1H3",281.4,CHEMBL3086058,10.1016/j.bmcl.2013.09.088,Antioxidant activity assessed as DPPH free radical scavenging activity after 30 mins by spectrophotometry,4.19044028536473,COc1ccc(C2COc3cccc4c3N2CCC4)cc1
926,"InChI=1S/C42H50O16/c1-49-29-11-21(7-9-27(29)45)37(47)35(17-43)57-41-31(51-3)13-23(14-32(41)52-4)39-25-19-56-40(26(25)20-55-39)24-15-33(53-5)42(34(16-24)54-6)58-36(18-44)38(48)22-8-10-28(46)30(12-22)50-2/h7-16,25-26,35-40,43-48H,17-20H2,1-6H3/t25-,26-,35-,36-,37+,38+,39+,40+/m1/s1",810.8,CHEMBL388779,10.1021/np0603931,Antioxidant effect assessed as DPPH radical scavenging activity 30 min (manual check),4.25963731050576,COc1cc(C(O)C(CO)Oc2c(OC)cc(C3OCC4C(c5cc(OC)c(OC(CO)C(O)c6ccc(O)c(OC)c6)c(OC)c5)OCC34)cc2OC)ccc1O
1439,"InChI=1S/C18H16FNO4/c1-23-15-8-10-7-12(17(21)11(10)9-16(15)24-2)18(22)20-14-6-4-3-5-13(14)19/h3-6,8-9,12H,7H2,1-2H3,(H,20,22)",329.3,CHEMBL3633493,10.1016/j.bmcl.2015.10.051,Antioxidant activity assessed as DPPH scavenging activity at 10 to 60 ug/ml after 30 mins,3.63861060731817,COc1cc2c(cc1OC)C(=O)C(C(=O)Nc1ccccc1F)C2
1754,"InChI=1S/C18H22O9/c1-2-26-17(24)18(25)8-13(21)16(14(22)9-18)27-15(23)6-4-10-3-5-11(19)12(20)7-10/h3-7,13-14,16,19-22,25H,2,8-9H2,1H3/b6-4+/t13-,14-,16-,18-/m1/s1",382.4,CHEMBL485994,10.1021/np050060o,Antioxidant activity assessed as DPPH free radical scavenging activity after 30 mins,3.63078414258986,CCOC(=O)C1(O)CC(O)C(OC(=O)C=Cc2ccc(O)c(O)c2)C(O)C1
546,"InChI=1S/C19H18O5/c1-23-18-11-13(5-9-16(18)21)3-7-15(20)8-4-14-6-10-17(22)19(12-14)24-2/h3-12,21-22H,1-2H3/b7-3+,8-4+",326.3,CHEMBL128729,10.1016/j.ejmech.2009.03.020,Antioxidant activity assessed as DPPH free radical scavenging activity after 30 mins,3.58947582741381,COc1cc(C=CC(=O)C=Cc2ccc(O)c(OC)c2)ccc1O
1365,"InChI=1S/C17H14O5/c1-20-14-5-3-10(7-15(14)21-2)8-16-17(19)12-9-11(18)4-6-13(12)22-16/h3-9,18H,1-2H3/b16-8-",298.3,CHEMBL2296456,10.1007/s00044-012-0413-3,Antioxidant activity assessed as DPPH free radical scavenging activity after 30 min by spectrophotometeric analysis,3.12792874440324,COc1ccc(C=C2Oc3ccc(O)cc3C2=O)cc1OC
229,"InChI=1S/C22H25NO8.ClH/c1-4-23(5-2)6-7-30-13-10-14(24)18-17(11-13)31-21(22(29-3)20(18)28)12-8-15(25)19(27)16(26)9-12;/h8-11,24-27H,4-7H2,1-3H3;1H",467.9,CHEMBL3593747,10.1016/j.bmc.2015.05.023,Antioxidant activity assessed as DPPH radical scavenging activity after 30 min,4.63959594527006,CCN(CC)CCOc1cc(O)c2c(=O)c(OC)c(-c3cc(O)c(O)c(O)c3)oc2c1
1551,"InChI=1S/C27H25NO5/c1-3-4-5-25-26(27(31)17-7-11-21(32-2)12-8-17)22-14-19(9-13-24(22)33-25)28-16-18-6-10-20(29)15-23(18)30/h6-16,29-30H,3-5H2,1-2H3/b28-16+",443.5,CHEMBL4216409,10.1016/j.bmcl.2017.12.013,Antioxidant activity assessed as DPPH radical scavenging activity after 20 to 30 mins,4.76894667253856,CCCCc1oc2ccc(N=Cc3ccc(O)cc3O)cc2c1C(=O)c1ccc(OC)cc1
1820,"InChI=1S/C17H16N2O2S/c1-20-13-7-3-11(4-8-13)15-16(19-17(22)18-15)12-5-9-14(21-2)10-6-12/h3-10H,1-2H3,(H2,18,19,22)",312.4,CHEMBL342031,10.1016/j.bmc.2012.09.050,Antioxidant activity of compound assessed as DPPH radical scavenging activity by colorimetric method 30 min (manual check),4.80966830182971,COc1ccc(-c2nc(S)[nH]c2-c2ccc(OC)cc2)cc1
1994,"InChI=1S/C32H22N4O4/c1-19(17-28(37)21-7-3-2-4-8-21)34-35-29-25-18-23(20-11-13-22(14-12-20)32(39)40)15-16-27(25)36-30(29)33-26-10-6-5-9-24(26)31(36)38/h2-18,37H,1H3,(H,39,40)/b28-17-,34-19+,35-29-",526.6,CHEMBL4081229,10.1016/j.bmcl.2017.08.064,Antioxidant activity assessed as DPPH radical scavenging activity incubated for 30 mins under dark condition by UV-vis spectrophotometric method,5.29929628285498,CC(C=C(O)c1ccccc1)=NN=C1c2cc(-c3ccc(C(=O)O)cc3)ccc2-n2c1nc1ccccc1c2=O
795,"InChI=1S/C9H5ClINO/c10-6-4-7(11)9(13)8-5(6)2-1-3-12-8/h1-4,13H",305.5,CHEMBL497,10.1016/j.bmc.2016.06.012,Antioxidant activity assessed as DPPH free radical scavenging activity after 30 mins by spectrophotometry,4.39147396642281,Oc1c(I)cc(Cl)c2cccnc12
1246,"InChI=1S/C34H40N2O3/c1-21(2)22-9-12-27-23(19-22)10-14-29-33(3,15-6-16-34(27,29)4)20-36-31(38)25-8-5-7-24-28(35-17-18-37)13-11-26(30(24)25)32(36)39/h5,7-9,11-13,19,21,29,35,37H,6,10,14-18,20H2,1-4H3/t29?,33-,34-/m1/s1",524.7,CHEMBL2234759,10.1007/s00044-010-9384-4,Antioxidant activity assessed as DPPH radical scavenging activity 30 min (manual check),3.65501858607274,CC(C)c1ccc2c(c1)CCC1C(C)(CN3C(=O)c4cccc5c(NCCO)ccc(c45)C3=O)CCCC21C
1066,"InChI=1S/C21H16N4S/c1-11-4-7-16-14(9-11)12-5-6-13-18(17-3-2-8-26-17)15(10-22)21(23)25-20(13)19(12)24-16/h2-4,7-9,24H,5-6H2,1H3,(H2,23,25)",356.5,CHEMBL1910959,10.1016/j.ejmech.2011.09.024,Antioxidant activity assessed as DPPH radical scavenging activity after 30 mins by micro plate reader,3.19532637240237,Cc1ccc2[nH]c3c(c2c1)CCc1c-3nc(N)c(C#N)c1-c1cccs1
561,"InChI=1S/C21H13ClN4O/c22-17-7-3-1-6-13(17)19-14(9-23)20(27-21(25)15(19)10-24)16-11-26-18-8-4-2-5-12(16)18/h1-8,11,19,26H,25H2",372.8,CHEMBL1222630,10.1016/j.bmcl.2010.07.039,Antioxidant activity assessed as DPPH radical scavenging activity 30 min (manual check),2.9017035782943,N#CC1=C(N)OC(c2c[nH]c3ccccc23)=C(C#N)C1c1ccccc1Cl
1190,"InChI=1S/C16H16O4/c1-19-10-7-9-3-4-12-11(15(9)13(17)8-10)5-6-14(20-2)16(12)18/h5-8,17-18H,3-4H2,1-2H3",272.3,CHEMBL2418387,10.1016/j.ejmech.2013.06.016,Antioxidant activity assessed as DPPH free radical scavenging activity after 30 mins,3.99100284542189,COc1cc(O)c2c(c1)CCc1c-2ccc(OC)c1O
1446,"InChI=1S/C16H14BrN3O/c17-14-8-6-13(7-9-14)10-20-11-15(18-19-20)12-21-16-4-2-1-3-5-16/h1-9,11H,10,12H2",344.2,CHEMBL3741711,10.1039/C5MD00057B,Antioxidant activity assessed as DPPH radical scavenging activity after 30 mins by spectrophotometric analysis,4.27435977626111,Brc1ccc(Cn2cc(COc3ccccc3)nn2)cc1
888,"InChI=1S/C13H10N6S/c20-13-18-17-12(11-9-14-6-7-15-11)19(13)16-8-10-4-2-1-3-5-10/h1-9H,(H,18,20)/b16-8+",282.3,CHEMBL3098264,10.1016/j.bmcl.2017.06.053,Antioxidant activity assessed as DPPH free radical scavenging activity after 30 mins,4.28066871301627,Sc1nnc(-c2cnccn2)n1N=Cc1ccccc1
1387,"InChI=1S/C30H24O12/c31-13-7-20(37)24-22(8-13)41-30(12-2-4-16(33)19(36)6-12)29(39)26(24)25-23(42-30)10-17(34)14-9-21(38)27(40-28(14)25)11-1-3-15(32)18(35)5-11/h1-8,10,21,26-27,29,31-39H,9H2/t21-,26+,27+,29+,30-/m0/s1",576.5,CHEMBL450916,10.1021/np500715x,Antioxidant activity assessed as DPPH radical scavenging activity after 30 mins by UV-spectrophotometry,4.80120663931263,Oc1cc(O)c2c(c1)OC1(c3ccc(O)c(O)c3)Oc3cc(O)c4c(c3C2C1O)OC(c1ccc(O)c(O)c1)C(O)C4
1005,"InChI=1S/C17H18O4/c1-10-11(2)17(20)14(9-15(10)18)16(19)8-12-4-6-13(21-3)7-5-12/h4-7,9,18,20H,8H2,1-3H3",286.3,CHEMBL559473,10.1016/j.bmc.2009.05.019,Antioxidant activity assessed as DPPH radical scavenging activity incubated at 40 degC in dark after 30 mins,4.65915945018767,COc1ccc(CC(=O)c2cc(O)c(C)c(C)c2O)cc1
700,"InChI=1S/C18H19NO/c1-13-17(14-7-3-2-4-8-14)19-12-6-10-15-9-5-11-16(20-13)18(15)19/h2-5,7-9,11,13,17H,6,10,12H2,1H3",265.4,CHEMBL3086053,10.1016/j.bmcl.2013.09.088,Antioxidant activity assessed as DPPH free radical scavenging activity after 30 mins by spectrophotometry,4.02045162529591,CC1Oc2cccc3c2N(CCC3)C1c1ccccc1
1215,"InChI=1S/C15H15NO3/c1-18-14-8-7-11(9-15(14)19-2)10-16-12-5-3-4-6-13(12)17/h3-10,17H,1-2H3/b16-10+",257.3,CHEMBL3098345,10.1016/j.ejmech.2013.10.068,Antioxidant activity assessed as DPPH free radical scavenging activity after 30 mins by spectrophotometric analysis,4.54515513999149,COc1ccc(C=Nc2ccccc2O)cc1OC
362,"InChI=1S/C15H10BrN/c16-10-5-6-11-9(7-10)8-13-12-3-1-2-4-14(12)17-15(11)13/h1-7,17H,8H2",284.2,CHEMBL593667,10.1016/j.bmc.2009.07.077,Antioxidant activity assessed as DPPH radical scavenging activity 30 min (manual check),3.64663055990934,Brc1ccc2c(c1)Cc1c-2[nH]c2ccccc12
73,"InChI=1S/C16H12N2O2/c19-14-7-5-13(6-8-14)17-10-12-9-11-3-1-2-4-15(11)18-16(12)20/h1-10,19H,(H,18,20)/b17-10+",264.3,CHEMBL2312090,10.1016/j.bmcl.2012.11.006,Antioxidant activity assessed as DPPH scavenging activity after 30 mins by spectrophotometry,4.03574036980315,O=c1[nH]c2ccccc2cc1C=Nc1ccc(O)cc1
722,"InChI=1S/C19H17ClN4O2/c20-14-10-8-13(9-11-14)12-21-24-18(25)7-3-6-17-22-16-5-2-1-4-15(16)19(26)23-17/h1-2,4-5,8-12H,3,6-7H2,(H,24,25)(H,22,23,26)/b21-12+",368.8,CHEMBL3397964,10.1016/j.bmcl.2015.01.010,Antioxidant activity assessed as DPPH scavenging activity after 30 mins by spectrophotometry,0.452225294612177,O=C(CCCc1nc2ccccc2c(=O)[nH]1)NN=Cc1ccc(Cl)cc1
1080,"InChI=1S/C20H20O13/c21-5-13-18(33-20(30)8-3-11(24)16(27)12(25)4-8)17(28)14(6-31-13)32-19(29)7-1-9(22)15(26)10(23)2-7/h1-4,13-14,17-18,21-28H,5-6H2/t13-,14+,17-,18-/m1/s1",468.4,CHEMBL1933683,10.1016/j.bmcl.2011.10.073,Antioxidant activity assessed as DPPH free radical scavenging activity after 30 mins,4.7307206102281,O=C(OC1COC(CO)C(OC(=O)c2cc(O)c(O)c(O)c2)C1O)c1cc(O)c(O)c(O)c1
1420,"InChI=1S/C18H17NO4/c1-22-15-9-11-8-14(17(20)13(11)10-16(15)23-2)18(21)19-12-6-4-3-5-7-12/h3-7,9-10,14H,8H2,1-2H3,(H,19,21)",311.3,CHEMBL3633474,10.1016/j.bmcl.2015.10.051,Antioxidant activity assessed as DPPH scavenging activity at 10 to 60 ug/ml after 30 mins,3.70586036405797,COc1cc2c(cc1OC)C(=O)C(C(=O)Nc1ccccc1)C2
829,"InChI=1S/C30H18O12/c31-13-6-17(34)27-20(37)9-24(41-25(27)7-13)12-3-14(29(40)22(39)5-12)26-18(35)8-19(36)28-21(38)10-23(42-30(26)28)11-1-2-15(32)16(33)4-11/h1-10,31-36,39-40H",570.5,CHEMBL4203222,10.1021/acs.jnatprod.7b00085,Antioxidant activity assessed as DPPH radical scavenging activity after 30 mins under dark condition,4.47495519296315,O=c1cc(-c2cc(O)c(O)c(-c3c(O)cc(O)c4c(=O)cc(-c5ccc(O)c(O)c5)oc34)c2)oc2cc(O)cc(O)c12
2026,"InChI=1S/C17H14O5/c18-13(4-1-11-2-7-16(21)17(22)9-11)5-3-12-10-14(19)6-8-15(12)20/h1-10,19-22H/b4-1+,5-3+",298.3,CHEMBL4447188,10.1016/j.bmcl.2019.06.052,Antioxidant activity assessed as DPPH radical scavenging activity measured after 30 mins,4.60205999132796,O=C(C=Cc1ccc(O)c(O)c1)C=Cc1cc(O)ccc1O
60,"InChI=1S/C17H14N4O2/c22-16(9-12-5-7-18-8-6-12)21-19-11-14-10-13-3-1-2-4-15(13)20-17(14)23/h1-8,10-11H,9H2,(H,20,23)(H,21,22)/b19-11+",306.3,CHEMBL2312104,10.1016/j.bmcl.2012.11.006,Antioxidant activity assessed as DPPH scavenging activity after 30 mins by spectrophotometry,2.54557287306745,O=C(Cc1ccncc1)NN=Cc1cc2ccccc2[nH]c1=O
122,"InChI=1S/C17H14ClN3O3S/c18-12-3-1-2-4-13(12)19-10-21-17(25)24-16(20-21)11-5-6-14-15(9-11)23-8-7-22-14/h1-6,9,19H,7-8,10H2",375.8,CHEMBL2435566,10.1016/j.bmc.2013.08.002,Antioxidant activity assessed as DPPH free radical scavenging activity after 30 mins by spectrophotometric analysis,4.51570016065321,S=c1oc(-c2ccc3c(c2)OCCO3)nn1CNc1ccccc1Cl
321,"InChI=1S/C33H40ClN3O3/c1-21-14-23-16-24(15-21)32-28(17-23)37-27-19-25(34)10-11-26(27)33(32)35-13-7-5-3-4-6-8-31(39)36-20-22-9-12-29(38)30(18-22)40-2/h9-12,14,18-19,23-24,38H,3-8,13,15-17,20H2,1-2H3,(H,35,37)(H,36,39)",562.2,CHEMBL4748114,10.1021/acs.jmedchem.0c01775,Antioxidant activity assessed as DPPH radical scavenging activity incubated for 30 mins under dark condition by UV-Vis spectrophotometric analysis,4.14996674231023,COc1cc(CNC(=O)CCCCCCCNc2c3c(nc4cc(Cl)ccc24)CC2C=C(C)CC3C2)ccc1O
1525,"InChI=1S/C20H23N5O2/c1-27-18-9-5-4-8-17(18)25-12-10-24(11-13-25)14-19(26)23-20-21-15-6-2-3-7-16(15)22-20/h2-9H,10-14H2,1H3,(H2,21,22,23,26)",365.4,CHEMBL4213328,10.1016/j.bmc.2017.09.045,Antioxidant activity assessed as DPPH free radical scavenging activity after 30 mins by spectrophotometric analysis,3.44006128869817,COc1ccccc1N1CCN(CC(=O)Nc2nc3ccccc3[nH]2)CC1
421,"InChI=1S/C19H16N2O5/c1-26-17-10-12(7-9-16(17)22)6-8-14-19(25)21(11-18(23)24)15-5-3-2-4-13(15)20-14/h2-10,22H,11H2,1H3,(H,23,24)/b8-6+",352.3,CHEMBL3409369,10.1021/jm501484b,Antioxidant activity assessed as DPPH scavenging activity after 30 mins by UV spectrophotometry,4.61798295742513,COc1cc(C=Cc2nc3ccccc3n(CC(=O)O)c2=O)ccc1O
124,"InChI=1S/C18H14F3N3O3S/c19-18(20,21)12-2-1-3-13(9-12)22-10-24-17(28)27-16(23-24)11-4-5-14-15(8-11)26-7-6-25-14/h1-5,8-9,22H,6-7,10H2",409.4,CHEMBL2435564,10.1016/j.bmc.2013.08.002,Antioxidant activity assessed as DPPH free radical scavenging activity after 30 mins by spectrophotometric analysis,4.44952704289344,FC(F)(F)c1cccc(NCn2nc(-c3ccc4c(c3)OCCO4)oc2=S)c1
1581,"InChI=1S/C24H16BrN3O4S/c25-18-9-6-15(7-10-18)19(29)11-3-14-1-4-16(5-2-14)22(32)26-24-28-27-23(33-24)17-8-12-20(30)21(31)13-17/h1-13,30-31H,(H,26,28,32)/b11-3+",522.4,CHEMBL4290841,10.1039/C8MD00316E,Antioxidant activity assessed as DPPH free radical scavenging activity after 30 mins,4.74376346679408,O=C(C=Cc1ccc(C(=O)Nc2nnc(-c3ccc(O)c(O)c3)s2)cc1)c1ccc(Br)cc1
925,"InChI=1S/C31H34O11/c1-37-23-12-18(7-8-22(23)35)28(36)27(16-34)41-31-25(39-3)13-19(14-26(31)40-4)29-21(15-33)20-10-17(6-5-9-32)11-24(38-2)30(20)42-29/h5-14,21,27-29,33-36H,15-16H2,1-4H3/b6-5+/t21-,27?,28?,29+/m1/s1",582.6,CHEMBL221879,10.1021/np0603931,Antioxidant effect assessed as DPPH radical scavenging activity 30 min (manual check),3.83268266525182,COc1cc(C(O)C(CO)Oc2c(OC)cc(C3Oc4c(OC)cc(C=CC=O)cc4C3CO)cc2OC)ccc1O
1941,"InChI=1S/C20H12O6/c21-9-3-1-6-8-5-11(23)15-16(18(25)20-19(26-20)17(15)24)13(8)7-2-4-10(22)14(9)12(6)7/h1-5,17,19-24H/t17-,19-,20+/m0/s1",348.3,CHEMBL3358089,10.1021/np500522z,Antioxidant activity assessed as DPPH radical scavenging activity incubated for 30 mins,5.50863830616573,O=C1c2c3c(cc(O)c2C(O)C2OC12)-c1ccc(O)c2c(O)ccc-3c12
130,"InChI=1S/C20H22N2O2S/c23-20(13-22-10-4-3-5-15(22)12-24-20)14-8-9-19-17(11-14)21-16-6-1-2-7-18(16)25-19/h1-2,6-9,11,15,21,23H,3-5,10,12-13H2",354.5,CHEMBL3234104,10.1021/jm401842e,Antioxidant activity assessed as DPPH radical scavenging activity after 30 mins,3.73518217699046,OC1(c2ccc3c(c2)Nc2ccccc2S3)CN2CCCCC2CO1
1973,"InChI=1S/C21H34O3/c1-4-5-6-7-8-9-10-11-12-13-16-24-21-17-19(23-3)14-15-20(21)18(2)22/h14-15,17H,4-13,16H2,1-3H3",334.5,CHEMBL3922196,10.1016/j.bmcl.2016.09.060,Antioxidant activity assessed as DPPH radical scavenging activity incubated for 30 mins in dark,1.42712839779952,CCCCCCCCCCCCOc1cc(OC)ccc1C(C)=O
580,"InChI=1S/C21H14ClN5OS/c1-12-16-18(25-15-9-7-14(22)8-10-15)23-11-24-21(16)29-17(12)20-27-26-19(28-20)13-5-3-2-4-6-13/h2-11H,1H3,(H,23,24,25)",419.9,CHEMBL2153863,10.1016/j.ejmech.2012.10.007,Antioxidant activity assessed as inhibition of DPPH free radical production after 30 mins by spectrophotometric analysis,4.36715014791554,Cc1c(-c2nnc(-c3ccccc3)o2)sc2ncnc(Nc3ccc(Cl)cc3)c12
2117,"InChI=1S/C8H10O3/c1-11-5-6-4-7(9)2-3-8(6)10/h2-4,9-10H,5H2,1H3",154.2,CHEMBL256084,10.1021/np070421v,DPPH radical scavenging activity 30 min (manual check),5.0087739243075,COCc1cc(O)ccc1O
1645,"InChI=1S/C12H16O9/c13-3-7-8(17)9(18)10(19)12(20-7)21-11-5(15)1-4(14)2-6(11)16/h1-2,7-10,12-19H,3H2/t7-,8-,9+,10-,12+/m1/s1",304.3,CHEMBL4168843,10.1021/acs.jnatprod.7b00564,Antioxidant activity assessed as DPPH radical scavenging activity measured after 30 mins incubation under dark condition,5.4089353929735,OCC1OC(Oc2c(O)cc(O)cc2O)C(O)C(O)C1O
131,"InChI=1S/C21H24N2O2S/c1-23-13-21(24,25-18-8-4-3-7-17(18)23)14-10-11-20-16(12-14)22-15-6-2-5-9-19(15)26-20/h2,5-6,9-12,17-18,22,24H,3-4,7-8,13H2,1H3",368.5,CHEMBL3234105,10.1021/jm401842e,Antioxidant activity assessed as DPPH radical scavenging activity after 30 mins,3.72584215073632,CN1CC(O)(c2ccc3c(c2)Nc2ccccc2S3)OC2CCCCC21
1904,"InChI=1S/C17H18O4S/c18-16-9-8-15(13-17(16)19)10-12-22(20,21)11-4-7-14-5-2-1-3-6-14/h1-3,5-6,8-10,12-13,18-19H,4,7,11H2/b12-10+",318.4,CHEMBL3259966,10.1021/jm500258v,Antioxidant activity assessed as DPPH free radical scavenging effect after 30 mins by spectrophotometric analysis,5.00436480540245,O=S(=O)(C=Cc1ccc(O)c(O)c1)CCCc1ccccc1
1728,"InChI=1S/C15H10O5/c16-9-2-3-10-13(7-9)20-14(15(10)19)6-8-1-4-11(17)12(18)5-8/h1-7,16-18H/b14-6-",270.2,CHEMBL490355,10.1021/np000292h,Antioxidant activity assessed as DPPH radical scavenging activity after 30 mins,4.22485946865416,O=C1C(=Cc2ccc(O)c(O)c2)Oc2cc(O)ccc21
1833,"InChI=1S/C35H34N2O8/c1-43-29-20-25(19-28(40)21-29)33-34(35(42)37-17-15-23-4-10-27(39)11-5-23)45-31-18-24(6-12-30(31)44-33)7-13-32(41)36-16-14-22-2-8-26(38)9-3-22/h2-13,18-21,33-34,38-40H,14-17H2,1H3,(H,36,41)(H,37,42)/b13-7-/t33-,34+/m1/s1",610.7,CHEMBL2337121,10.1021/np300655y,Antioxidant activity assessed as DPPH radical scavenging activity after 30 mins,4.30986180950072,COc1cc(O)cc(C2Oc3ccc(C=CC(=O)NCCc4ccc(O)cc4)cc3OC2C(=O)NCCc2ccc(O)cc2)c1
1423,"InChI=1S/C19H19NO5/c1-23-13-6-4-12(5-7-13)20-19(22)15-8-11-9-16(24-2)17(25-3)10-14(11)18(15)21/h4-7,9-10,15H,8H2,1-3H3,(H,20,22)",341.4,CHEMBL3633477,10.1016/j.bmcl.2015.10.051,Antioxidant activity assessed as DPPH scavenging activity at 10 to 60 ug/ml after 30 mins,3.83892160641453,COc1ccc(NC(=O)C2Cc3cc(OC)c(OC)cc3C2=O)cc1
1020,"InChI=1S/C22H27ClO13/c23-18-17(35-19(31)8-1-2-10(26)11(27)5-8)9-3-4-33-20(13(9)22(18,32)7-25)36-21-16(30)15(29)14(28)12(6-24)34-21/h1-5,9,12-18,20-21,24-30,32H,6-7H2/t9-,12+,13-,14+,15-,16+,17+,18-,20+,21-,22-/m1/s1",534.9,CHEMBL1224778,10.1021/np100366k,Antioxidant activity assessed as DPPH radical scavenging activity after 30 mins,4.29690883373603,O=C(OC1C2C=COC(OC3OC(CO)C(O)C(O)C3O)C2C(O)(CO)C1Cl)c1ccc(O)c(O)c1
1409,"InChI=1S/C23H20N4O/c1-15-5-3-7-17(13-15)14-24-27-23(28)19-11-9-18(10-12-19)22-25-20-8-4-6-16(2)21(20)26-22/h3-14H,1-2H3,(H,25,26)(H,27,28)/b24-14+",368.4,CHEMBL3317801,10.1016/j.ejmech.2014.07.078,Antioxidant activity assessed as DPPH free radical scavenging activity incubated at 37 degC for 30 mins by microtiter plate reader based method,3.82387978894391,Cc1cccc(C=NNC(=O)c2ccc(-c3nc4cccc(C)c4[nH]3)cc2)c1
92,"InChI=1S/C24H31N3O11S/c1-6-33-18-9-16(7-8-17(18)32)10-25-27-24(39)26-23-22(37-15(5)31)21(36-14(4)30)20(35-13(3)29)19(38-23)11-34-12(2)28/h7-10,19-23,32H,6,11H2,1-5H3,(H2,26,27,39)/b25-10+/t19-,20+,21+,22-,23-/m1/s1",569.6,CHEMBL2324816,10.1016/j.ejmech.2012.10.004,Antioxidant activity assessed as DPPH radical scavenging activity after 30 mins by spectrophotometry,4.14874165128092,CCOc1cc(C=NNC(=S)NC2OC(COC(C)=O)C(OC(C)=O)C(OC(C)=O)C2OC(C)=O)ccc1O
2085,"InChI=1S/C8H7Br3O3/c1-14-2-3-4(9)6(11)8(13)7(12)5(3)10/h12-13H,2H2,1H3",390.9,CHEMBL228855,10.1021/np070061b,DPPH radical scavenging activity 30 min (manual check),4.80966830182971,COCc1c(Br)c(O)c(O)c(Br)c1Br
1342,"InChI=1S/C16H11ClN2O3/c1-8-6-12-14(16(20)21-8)13(11(7-18)15(19)22-12)9-2-4-10(17)5-3-9/h2-6,13H,19H2,1H3",314.7,CHEMBL2282429,10.1007/s00044-013-0586-4,Antioxidant activity assessed as inhibition of DPPH radical after 30 mins by spectrophotometric analysis,3.31263158797851,Cc1cc2c(c(=O)o1)C(c1ccc(Cl)cc1)C(C#N)=C(N)O2
1283,"InChI=1S/C17H23NO3/c1-21-15-7-5-14(6-8-15)12-18-13-17(11-16(19)20)9-3-2-4-10-17/h5-8,12H,2-4,9-11,13H2,1H3,(H,19,20)/b18-12+",289.4,CHEMBL2236479,10.1007/s00044-010-9498-8,Antioxidant activity assessed as DPPH free radical scavenging activity after 30 min,3.48744762399014,COc1ccc(C=NCC2(CC(=O)O)CCCCC2)cc1
1369,"InChI=1S/C17H17NO3/c1-18(2)13-6-3-12(4-7-13)5-10-16(20)15-9-8-14(19)11-17(15)21/h3-11,19,21H,1-2H3/b10-5+",283.3,CHEMBL2263059,10.1007/s00044-012-0413-3,Antioxidant activity assessed as DPPH free radical scavenging activity after 30 min by spectrophotometeric analysis,3.63402068090648,CN(C)c1ccc(C=CC(=O)c2ccc(O)cc2O)cc1
564,"InChI=1S/C15H20O6/c1-3-4-9(16)7-10-5-8-6-11(20-2)13(17)14(18)12(8)15(19)21-10/h6,9-10,16-18H,3-5,7H2,1-2H3/t9-,10-/m0/s1",296.3,CHEMBL1668328,10.1021/np1003752,Antioxidant activity assessed as DPPH radical scavenging activity 30 min (manual check),4.7851561519523,CCCC(O)CC1Cc2cc(OC)c(O)c(O)c2C(=O)O1
1979,"InChI=1S/C33H25N5O/c1-16-7-6-10-21-22-11-12-33(27(29(22)37-28(16)21)23(15-34)32(39)38-33)26-19-8-4-5-9-20(19)30-31(26)36-25-14-18(3)17(2)13-24(25)35-30/h4-10,13-14,26,37H,11-12H2,1-3H3,(H,38,39)",507.6,CHEMBL4207950,10.1016/j.ejmech.2018.03.056,Antioxidant activity assessed as DPPH radical scavenging activity incubated under dark condition for 30 mins,4.55476517356236,Cc1cc2nc3c(nc2cc1C)C(C12CCc4c([nH]c5c(C)cccc45)C1=C(C#N)C(=O)N2)c1ccccc1-3
589,"InChI=1S/C21H13F2N5OS/c1-11-16-18(26-15-8-7-13(22)9-14(15)23)24-10-25-21(16)30-17(11)20-28-27-19(29-20)12-5-3-2-4-6-12/h2-10H,1H3,(H,24,25,26)",421.4,CHEMBL2151335,10.1016/j.ejmech.2012.10.007,Antioxidant activity assessed as inhibition of DPPH free radical production after 30 mins by spectrophotometric analysis,4.39655092367434,Cc1c(-c2nnc(-c3ccccc3)o2)sc2ncnc(Nc3ccc(F)cc3F)c12
729,"InChI=1S/C18H16N4O4/c23-14-6-5-11(9-15(14)24)10-19-22-17(25)8-7-16-20-13-4-2-1-3-12(13)18(26)21-16/h1-6,9-10,23-24H,7-8H2,(H,22,25)(H,20,21,26)/b19-10+",352.4,CHEMBL3397971,10.1016/j.bmcl.2015.01.010,Antioxidant activity assessed as DPPH scavenging activity after 30 mins by spectrophotometry,0.94692155651658,O=C(CCc1nc2ccccc2c(=O)[nH]1)NN=Cc1ccc(O)c(O)c1
2032,"InChI=1S/C17H14O5/c18-13-3-1-2-11(8-13)4-6-14(19)10-16(21)12-5-7-15(20)17(22)9-12/h1-9,18,20,22H,10H2/b6-4+",298.3,CHEMBL4460460,10.1016/j.bmcl.2019.06.052,Antioxidant activity assessed as DPPH radical scavenging activity measured after 30 mins,5.0,O=C(C=Cc1cccc(O)c1)CC(=O)c1ccc(O)c(O)c1
2126,"InChI=1S/C16H14O8/c1-23-15(21)7-10-12(19)5-9(17)6-14(10)24-16(22)8-2-3-11(18)13(20)4-8/h2-6,17-20H,7H2,1H3",334.3,CHEMBL495849,10.1021/np0600999,Antiradical activity assessed as DPPH radical scavenging activity 30 min (manual check),4.28903688100472,COC(=O)Cc1c(O)cc(O)cc1OC(=O)c1ccc(O)c(O)c1
789,"InChI=1S/C18H15ClN4OS/c19-14-5-3-4-13(8-14)9-22-10-15(20-21-22)11-23-16-6-1-2-7-17(16)25-12-18(23)24/h1-8,10H,9,11-12H2",370.9,CHEMBL3765435,10.1016/j.bmcl.2015.11.071,Antioxidant activity assessed as DPPH radical scavenging activity by spectrophotometric assay 30 min (manual check),3.91000636455595,O=C1CSc2ccccc2N1Cc1cn(Cc2cccc(Cl)c2)nn1
898,"InChI=1S/C13H9Cl2N7S2/c14-8-2-1-7(5-9(8)15)18-12(23)21-22-11(19-20-13(22)24)10-6-16-3-4-17-10/h1-6H,(H,20,24)(H2,18,21,23)",398.3,CHEMBL4104637,10.1016/j.bmcl.2017.06.053,Antioxidant activity assessed as DPPH free radical scavenging activity after 30 mins,4.09044397075882,S=C(Nc1ccc(Cl)c(Cl)c1)Nn1c(S)nnc1-c1cnccn1
1172,"InChI=1S/C25H24N2O8/c1-5-33-25(29)22-15(3)26(17-8-6-7-9-18(17)27(30)31)14(2)21(24(28)32-4)23(22)16-10-11-19-20(12-16)35-13-34-19/h6-12,23H,5,13H2,1-4H3",480.5,CHEMBL2413661,10.1016/j.ejmech.2013.06.006,Antioxidant activity assessed as DPPH free radical scavenging activity under dark condition after 30 mins,2.71181174825806,CCOC(=O)C1=C(C)N(c2ccccc2[N+](=O)[O-])C(C)=C(C(=O)OC)C1c1ccc2c(c1)OCO2
874,"InChI=1S/C15H12O3/c16-12-7-8-13(15(18)10-12)14(17)9-6-11-4-2-1-3-5-11/h1-10,16,18H/b9-6+",240.3,CHEMBL105310,10.1016/j.bmcl.2017.01.053,Antioxidant activity assessed as DPPH free radical scavenging activity incubated for 30 mins,3.70553377383841,O=C(C=Cc1ccccc1)c1ccc(O)cc1O
480,"InChI=1S/C19H12F3N3S2/c20-19(21,22)14-7-5-12(6-8-14)16-11-26-18(24-16)25-23-10-15-9-13-3-1-2-4-17(13)27-15/h1-11H,(H,24,25)/b23-10+",403.5,CHEMBL4442313,10.1016/j.ejmech.2019.111765,Antioxidant activity assessed as DPPH radical scavenging activity incubated for 30 mins under dark condition by Uv-vis spectrophotometric method,4.62893213772826,FC(F)(F)c1ccc(-c2csc(NN=Cc3cc4ccccc4s3)n2)cc1
752,"InChI=1S/C35H47N3O3/c1-23-24(2)33-26(25(3)32(23)39)19-20-35(4,41-33)34(40)37-22-14-8-6-5-7-13-21-36-31-27-15-9-11-17-29(27)38-30-18-12-10-16-28(30)31/h9,11,15,17,39H,5-8,10,12-14,16,18-22H2,1-4H3,(H,36,38)(H,37,40)",557.8,CHEMBL3410956,10.1016/j.ejmech.2015.01.058,Antioxidant activity assessed as DPPH scavenging activity after 30 mins by spectrophotometry,7.32513885926219,Cc1c(C)c2c(c(C)c1O)CCC(C)(C(=O)NCCCCCCCCNc1c3c(nc4ccccc14)CCCC3)O2
1257,"InChI=1S/C12H8N2O2/c13-14-11(15)8-5-1-3-7-4-2-6-9(10(7)8)12(14)16/h1-6H,13H2",212.2,CHEMBL2234770,10.1007/s00044-010-9384-4,Antioxidant activity assessed as DPPH radical scavenging activity 30 min (manual check),3.72885568205092,NN1C(=O)c2cccc3cccc(c23)C1=O
361,"InChI=1S/C15H10ClN/c16-10-5-6-11-9(7-10)8-13-12-3-1-2-4-14(12)17-15(11)13/h1-7,17H,8H2",239.7,CHEMBL595861,10.1016/j.bmc.2009.07.077,Antioxidant activity assessed as DPPH radical scavenging activity 30 min (manual check),3.73444232249824,Clc1ccc2c(c1)Cc1c-2[nH]c2ccccc12
258,"InChI=1S/C23H25NO4/c1-27-22-12-18(8-10-20(22)25)15-24(14-17-6-4-3-5-7-17)16-19-9-11-21(26)23(13-19)28-2/h3-13,25-26H,14-16H2,1-2H3",379.5,CHEMBL4285541,10.1016/j.ejmech.2017.11.072,Antioxidant activity assessed as DPPH radical scavenging activity after 30 mins,4.52724355068279,COc1cc(CN(Cc2ccccc2)Cc2ccc(O)c(OC)c2)ccc1O
1822,"InChI=1S/C36H36N2O9/c1-46-29-19-23-17-26(35(44)37-15-13-20-3-8-24(39)9-4-20)32(36(45)38-16-14-21-5-10-25(40)11-6-21)30(31(23)34(47-2)33(29)43)22-7-12-27(41)28(42)18-22/h3-12,17-19,30,32,39-43H,13-16H2,1-2H3,(H,37,44)(H,38,45)",640.7,CHEMBL2337115,10.1021/np300655y,Antioxidant activity assessed as DPPH radical scavenging activity after 30 mins,4.33254704711005,COc1cc2c(c(OC)c1O)C(c1ccc(O)c(O)c1)C(C(=O)NCCc1ccc(O)cc1)C(C(=O)NCCc1ccc(O)cc1)=C2
884,"InChI=1S/C14H9N7S/c15-7-10-1-3-11(4-2-10)8-18-21-13(19-20-14(21)22)12-9-16-5-6-17-12/h1-6,8-9H,(H,20,22)/b18-8+",307.3,CHEMBL4098423,10.1016/j.bmcl.2017.06.053,Antioxidant activity assessed as DPPH free radical scavenging activity after 30 mins,4.32057210338788,N#Cc1ccc(C=Nn2c(S)nnc2-c2cnccn2)cc1
1653,"InChI=1S/C27H30N2O11/c30-17-6-5-12(9-18(17)31)24-23(35)22(34)19-21(33)13(10-28-7-1-3-15(28)26(36)37)20(32)14(25(19)40-24)11-29-8-2-4-16(29)27(38)39/h5-6,9,15-16,23-24,30-33,35H,1-4,7-8,10-11H2,(H,36,37)(H,38,39)/t15?,16?,23-,24+/m1/s1",558.5,CHEMBL4165377,10.1039/C6MD00496B,Antioxidant activity assessed as DPPH radical scavenging activity incubated for 30 mins,4.36653154442041,O=C1c2c(O)c(CN3CCCC3C(=O)O)c(O)c(CN3CCCC3C(=O)O)c2OC(c2ccc(O)c(O)c2)C1O
869,"InChI=1S/C18H17NO5/c1-19-17(23)7-4-10-2-6-14(21)18-12(10)9-16(24-18)11-3-5-13(20)15(22)8-11/h2-3,5-6,8-9,20-22H,4,7H2,1H3,(H,19,23)",327.3,CHEMBL4279042,10.1016/j.ejmech.2018.01.096,Antioxidant activity assessed as DPPH radical scavenging activity after 30 mins by spectrophotometric analysis,5.1791420105603,CNC(=O)CCc1ccc(O)c2oc(-c3ccc(O)c(O)c3)cc12
955,"InChI=1S/C28H30O13/c1-37-19-11-16(12-20(38-2)25(19)33)6-9-24(32)41-22-14-28(36,27(35)39-3)13-21(26(22)34)40-23(31)8-5-15-4-7-17(29)18(30)10-15/h4-12,21-22,26,29-30,33-34,36H,13-14H2,1-3H3/b8-5+,9-6+/t21-,22-,26+,28-/m1/s1",574.5,CHEMBL475065,10.1021/np050447r,Antioxidant activity assessed as DPPH free radical scavenging activity relative to control 30 min (manual check),4.82987110731001,COC(=O)C1(O)CC(OC(=O)C=Cc2ccc(O)c(O)c2)C(O)C(OC(=O)C=Cc2cc(OC)c(O)c(OC)c2)C1
176,"InChI=1S/C20H15ClN6O4S/c1-10-17(25-24-11-6-7-14(28)15(29)8-11)19(31)27(20(32)22-10)26-16(9-21)23-13-5-3-2-4-12(13)18(26)30/h2-8,17,28-29H,9H2,1H3/b25-24+",470.9,CHEMBL1800162,10.1016/j.bmcl.2011.05.031,Antioxidant activity against DPPH free radical assessed as compound able to consume half the initial amount of DPPH free radical after 30 to 60 mins by spectrophotometry,5.85387196432176,CC1=NC(=S)N(n2c(CCl)nc3ccccc3c2=O)C(=O)C1N=Nc1ccc(O)c(O)c1
677,"InChI=1S/C17H18N2O3/c1-11(2)15-9-16(12(3)8-17(15)20)18-10-13-4-6-14(7-5-13)19(21)22/h4-11,20H,1-3H3/b18-10+",298.3,CHEMBL2316837,10.1016/j.bmcl.2012.12.001,Antioxidant activity assessed as DPPH radical scavenging activity in ethanol solution 30 min (manual check),3.67510594623645,Cc1cc(O)c(C(C)C)cc1N=Cc1ccc([N+](=O)[O-])cc1
766,"InChI=1S/C20H19NO7/c1-3-21(4-2)20(26)27-12-7-5-11(6-8-12)15-9-13(22)17-16(28-15)10-14(23)18(24)19(17)25/h5-10,23-25H,3-4H2,1-2H3",385.4,CHEMBL3634645,10.1016/j.bmc.2015.09.047,Antioxidant activity assessed as DPPH radical scavenging by spectrophotometric analysis 30 min (manual check),4.48678239993206,CCN(CC)C(=O)Oc1ccc(-c2cc(=O)c3c(O)c(O)c(O)cc3o2)cc1
873,"InChI=1S/C15H12O3/c16-12-5-3-4-11(10-12)8-9-15(18)13-6-1-2-7-14(13)17/h1-10,16-17H/b9-8+",240.3,CHEMBL3823220,10.1016/j.bmcl.2017.01.053,Antioxidant activity assessed as DPPH free radical scavenging activity incubated for 30 mins,3.96657624451305,O=C(C=Cc1cccc(O)c1)c1ccccc1O
861,"InChI=1S/C23H16BrNO5/c24-15-4-6-16(7-5-15)25-22(29)10-3-13-1-9-19(27)23-17(13)12-21(30-23)14-2-8-18(26)20(28)11-14/h1-12,26-28H,(H,25,29)/b10-3+",466.3,CHEMBL4287785,10.1016/j.ejmech.2018.01.096,Antioxidant activity assessed as DPPH radical scavenging activity after 30 mins by spectrophotometric analysis,5.1791420105603,O=C(C=Cc1ccc(O)c2oc(-c3ccc(O)c(O)c3)cc12)Nc1ccc(Br)cc1
1548,"InChI=1S/C27H24N2O5/c1-3-4-8-25-26(27(30)19-9-12-22(33-2)13-10-19)23-16-20(11-14-24(23)34-25)28-17-18-6-5-7-21(15-18)29(31)32/h5-7,9-17H,3-4,8H2,1-2H3/b28-17+",456.5,CHEMBL4202857,10.1016/j.bmcl.2017.12.013,Antioxidant activity assessed as DPPH radical scavenging activity after 20 to 30 mins,4.12592291985335,CCCCc1oc2ccc(N=Cc3cccc([N+](=O)[O-])c3)cc2c1C(=O)c1ccc(OC)cc1
930,"InChI=1S/C41H46O15/c1-49-30-15-23(8-10-28(30)46)37(47)35(20-44)54-29-11-9-24(16-31(29)50-2)38(48)36(21-45)55-41-33(52-4)17-25(18-34(41)53-5)39-27(19-43)26-13-22(7-6-12-42)14-32(51-3)40(26)56-39/h6-18,27,35-39,43-48H,19-21H2,1-5H3/b7-6+/t27-,35?,36?,37?,38?,39+/m1/s1",778.8,CHEMBL225531,10.1021/np0603931,Antioxidant effect assessed as DPPH radical scavenging activity 30 min (manual check),3.69680394257951,COc1cc(C(O)C(CO)Oc2ccc(C(O)C(CO)Oc3c(OC)cc(C4Oc5c(OC)cc(C=CC=O)cc5C4CO)cc3OC)cc2OC)ccc1O
1270,InChI=1S/C13H8ClN3O/c14-11-3-1-9(2-4-11)12-16-17-13(18-12)10-5-7-15-8-6-10/h1-8H,257.7,CHEMBL2236013,10.1007/s00044-010-9480-5,Antioxidant activity of the compound assessed as DPPH radical scavenging activity after 30 min,4.45638962757184,Clc1ccc(-c2nnc(-c3ccncc3)o2)cc1
1471,"InChI=1S/C16H12IN5O5/c17-15-7-14(22(25)26)5-6-16(15)27-10-12-9-20(19-18-12)8-11-1-3-13(4-2-11)21(23)24/h1-7,9H,8,10H2",481.2,CHEMBL3741627,10.1039/C5MD00057B,Antioxidant activity assessed as DPPH radical scavenging activity after 30 mins by spectrophotometric analysis,4.45701633694194,O=[N+]([O-])c1ccc(Cn2cc(COc3ccc([N+](=O)[O-])cc3I)nn2)cc1
2116,"InChI=1S/C14H13ClO5/c15-12-5-11(17)4-9(14(12)19)7-20-6-8-3-10(16)1-2-13(8)18/h1-5,16-19H,6-7H2",296.7,CHEMBL257555,10.1021/np070421v,DPPH radical scavenging activity 30 min (manual check),5.36653154442041,Oc1ccc(O)c(COCc2cc(O)cc(Cl)c2O)c1
1363,"InChI=1S/C17H15NO3/c1-18(2)12-5-3-11(4-6-12)9-16-17(20)14-10-13(19)7-8-15(14)21-16/h3-10,19H,1-2H3/b16-9-",281.3,CHEMBL1630356,10.1007/s00044-012-0413-3,Antioxidant activity assessed as DPPH free radical scavenging activity after 30 min by spectrophotometeric analysis,3.06356345856689,CN(C)c1ccc(C=C2Oc3ccc(O)cc3C2=O)cc1
336,"InChI=1S/C7H5NS2/c9-7-8-5-3-1-2-4-6(5)10-7/h1-4H,(H,8,9)",167.3,CHEMBL111654,10.1016/j.bmc.2009.05.039,Antioxidant activity assessed as DPPH free radical scavenging activity by UV spectroscopic method 30 min (manual check),4.03621217265444,Sc1nc2ccccc2s1
1725,"InChI=1S/C30H18O10/c31-15-3-5-17-23(11-15)39-29(27(17)37)25(13-1-7-19(33)21(35)9-13)26(14-2-8-20(34)22(36)10-14)30-28(38)18-6-4-16(32)12-24(18)40-30/h1-12,31-36H/b29-25-,30-26-",538.5,CHEMBL523383,10.1021/np000292h,Antioxidant activity assessed as DPPH radical scavenging activity after 30 mins,4.74441397336776,O=C1C(=C(C(=C2Oc3cc(O)ccc3C2=O)c2ccc(O)c(O)c2)c2ccc(O)c(O)c2)Oc2cc(O)ccc21
1419,"InChI=1S/C27H44O7/c1-23(2,32)9-8-22(31)26(5,33)21-7-11-27(34)16-12-18(28)17-13-19(29)20(30)14-24(17,3)15(16)6-10-25(21,27)4/h12,15,17,19-22,29-34H,6-11,13-14H2,1-5H3/t15-,17-,19+,20-,21-,22+,24+,25+,26+,27+/m0/s1",480.6,CHEMBL224128,10.1016/j.bmcl.2015.03.028,Antioxidant activity assessed as DPPH radical scavenging activity incubated for 30 mins by UV absorption spectrometry,3.48916056645493,CC(C)(O)CCC(O)C(C)(O)C1CCC2(O)C3=CC(=O)C4CC(O)C(O)CC4(C)C3CCC12C
1481,"InChI=1S/C27H34O5/c1-2-3-4-5-6-7-8-9-10-14-17-31-24-19-23-25(27(30)26(24)29)21(28)18-22(32-23)20-15-12-11-13-16-20/h11-13,15-16,18-19,29-30H,2-10,14,17H2,1H3",438.6,CHEMBL3753264,10.1039/C5MD00163C,Antioxidant activity assessed as DPPH radical scavenging activity after 30 mins by ELISA reader analysis,4.62874737087506,CCCCCCCCCCCCOc1cc2oc(-c3ccccc3)cc(=O)c2c(O)c1O
1758,"InChI=1S/C15H14O3/c1-17-14-9-12(16)8-11-7-6-10-4-2-3-5-13(10)18-15(11)14/h2-5,8-9,16H,6-7H2,1H3",242.3,CHEMBL474975,10.1016/j.bmc.2009.02.057,Antioxidant activity assessed as DPPH radical scavenging activity after 30 mins by microplate reader assay,3.77582738056031,COc1cc(O)cc2c1Oc1ccccc1CC2
1871,"InChI=1S/C14H16O4/c1-10(2)7-8-18-14(17)6-4-11-3-5-12(15)13(16)9-11/h3-6,9,15-16H,1,7-8H2,2H3/b6-4+",248.3,CHEMBL2441911,10.1016/j.bmc.2013.08.057,Antioxidant activity assessed as DPPH radical scavenging activity after 30 mins by spectrophotometry,5.02227639471115,C=C(C)CCOC(=O)C=Cc1ccc(O)c(O)c1
1115,"InChI=1S/C20H22N2O6S/c23-15-4-1-12(9-17(15)25)3-6-19(27)22-14(11-29)20(28)21-8-7-13-2-5-16(24)18(26)10-13/h1-6,9-10,14,23-26,29H,7-8,11H2,(H,21,28)(H,22,27)/b6-3+/t14-/m0/s1",418.5,CHEMBL1950223,10.1016/j.ejmech.2012.02.018,Antioxidant activity assessed as DPPH free radical scavenging activity by UV-Vis spectrophotometry 30 min (manual check),4.58502665202918,O=C(C=Cc1ccc(O)c(O)c1)NC(CS)C(=O)NCCc1ccc(O)c(O)c1
1362,"InChI=1S/C17H14O5/c1-20-13-6-3-10(7-15(13)21-2)8-16-17(19)12-5-4-11(18)9-14(12)22-16/h3-9,18H,1-2H3/b16-8-",298.3,CHEMBL1807487,10.1007/s00044-012-0413-3,Antioxidant activity assessed as DPPH free radical scavenging activity after 30 min by spectrophotometeric analysis,3.23587975164137,COc1ccc(C=C2Oc3cc(O)ccc3C2=O)cc1OC
1469,"InChI=1S/C16H11Cl4N3O/c17-11-3-1-2-10(4-11)7-23-8-13(21-22-23)9-24-16-14(19)5-12(18)6-15(16)20/h1-6,8H,7,9H2",403.1,CHEMBL3739713,10.1039/C5MD00057B,Antioxidant activity assessed as DPPH radical scavenging activity after 30 mins by spectrophotometric analysis,4.39056895010535,Clc1cccc(Cn2cc(COc3c(Cl)cc(Cl)cc3Cl)nn2)c1
1071,"InChI=1S/C6H6O4/c7-2-4-1-5(8)6(9)3-10-4/h1,3,7,9H,2H2",142.1,CHEMBL287556,10.1016/j.bmcl.2011.09.122,Antioxidant activity assessed as DPPH radical scavenging activity after 30 mins,2.83863199776503,O=c1cc(CO)occ1O
694,"InChI=1S/C17H18N2O/c18-14-7-1-5-13(10-14)15-11-20-16-8-2-4-12-6-3-9-19(15)17(12)16/h1-2,4-5,7-8,10,15H,3,6,9,11,18H2",266.3,CHEMBL3086059,10.1016/j.bmcl.2013.09.088,Antioxidant activity assessed as DPPH free radical scavenging activity after 30 mins by spectrophotometry,4.28149831113273,Nc1cccc(C2COc3cccc4c3N2CCC4)c1
1120,"InChI=1S/C25H26N2O7/c28-18-5-1-15(2-6-18)11-19(27-24(33)14-17-4-8-21(30)23(32)13-17)25(34)26-10-9-16-3-7-20(29)22(31)12-16/h1-8,12-13,19,28-32H,9-11,14H2,(H,26,34)(H,27,33)/t19-/m0/s1",466.5,CHEMBL1950227,10.1016/j.ejmech.2012.02.018,Antioxidant activity assessed as DPPH free radical scavenging activity by UV-Vis spectrophotometry 30 min (manual check),4.49485002168009,O=C(Cc1ccc(O)c(O)c1)NC(Cc1ccc(O)cc1)C(=O)NCCc1ccc(O)c(O)c1
1693,"InChI=1S/C26H27NO5/c1-27(17-18-8-7-9-19(28)14-18)12-5-2-6-13-31-20-15-22(29)25-24(16-20)32-23-11-4-3-10-21(23)26(25)30/h3-4,7-11,14-16,28-29H,2,5-6,12-13,17H2,1H3",433.5,CHEMBL4758250,10.1016/j.ejmech.2021.113154,Antioxidant activity assessed as DPPH radical scavenging activity incubated for 30 mins under dark condition,3.3401788419443,CN(CCCCCOc1cc(O)c2c(=O)c3ccccc3oc2c1)Cc1cccc(O)c1
1122,"InChI=1S/C19H23NO3/c1-12(2)15-10-16(13(3)8-17(15)21)20-11-14-6-7-18(22-4)19(9-14)23-5/h6-12,21H,1-5H3/b20-11+",313.4,CHEMBL2316840,10.1016/j.bmcl.2012.12.001,Antioxidant activity assessed as DPPH radical scavenging activity in chloroform solution 30 min (manual check),4.21989922845729,COc1ccc(C=Nc2cc(C(C)C)c(O)cc2C)cc1OC
1519,"InChI=1S/C17H19N7O/c25-15(22-16-20-13-4-1-2-5-14(13)21-16)12-23-8-10-24(11-9-23)17-18-6-3-7-19-17/h1-7H,8-12H2,(H2,20,21,22,25)",337.4,CHEMBL4218251,10.1016/j.bmc.2017.09.045,Antioxidant activity assessed as DPPH free radical scavenging activity after 30 mins by spectrophotometric analysis,3.495647195396,O=C(CN1CCN(c2ncccn2)CC1)Nc1nc2ccccc2[nH]1
1547,"InChI=1S/C27H24ClNO3/c1-3-4-5-25-26(27(30)19-8-13-22(31-2)14-9-19)23-16-21(12-15-24(23)32-25)29-17-18-6-10-20(28)11-7-18/h6-17H,3-5H2,1-2H3/b29-17+",445.9,CHEMBL4202752,10.1016/j.bmcl.2017.12.013,Antioxidant activity assessed as DPPH radical scavenging activity after 20 to 30 mins,3.76922463398284,CCCCc1oc2ccc(N=Cc3ccc(Cl)cc3)cc2c1C(=O)c1ccc(OC)cc1
1054,"InChI=1S/C30H32N2O5/c1-20(2)15-24(16-23-13-14-26(33)27(34)18-23)29(36)32-25(17-21-9-5-3-6-10-21)28(35)30(37)31-19-22-11-7-4-8-12-22/h3-14,16,18,20,25,33-34H,15,17,19H2,1-2H3,(H,31,37)(H,32,36)/b24-16+/t25-/m0/s1",500.6,CHEMBL1771025,10.1016/j.bmcl.2011.03.077,Antioxidant activity assessed as DPPH free radical scavenging activity after 30 mins,4.35017853677543,CC(C)CC(=Cc1ccc(O)c(O)c1)C(=O)NC(Cc1ccccc1)C(=O)C(=O)NCc1ccccc1
576,"InChI=1S/C27H27N3O3S2/c1-19-8-10-21(11-9-19)26-27(35(31,32)18-24-28-16-17-34-24)25(20-12-14-23(33-2)15-13-20)29-30(26)22-6-4-3-5-7-22/h3-15,26-27H,16-18H2,1-2H3",505.7,CHEMBL1829919,10.1016/j.ejmech.2011.08.010,Antioxidant activity assessed as DPPH free radical scavenging activity after 30 mins by spectrophotometric analysis,3.71694216577403,COc1ccc(C2=NN(c3ccccc3)C(c3ccc(C)cc3)C2S(=O)(=O)CC2=NCCS2)cc1
1474,"InChI=1S/C20H18O5/c1-12(2)8-9-24-17-11-16-18(20(23)19(17)22)14(21)10-15(25-16)13-6-4-3-5-7-13/h3-8,10-11,22-23H,9H2,1-2H3",338.4,CHEMBL1782451,10.1039/C5MD00163C,Antioxidant activity assessed as DPPH radical scavenging activity after 30 mins by ELISA reader analysis,4.62033196596635,CC(C)=CCOc1cc2oc(-c3ccccc3)cc(=O)c2c(O)c1O
324,"InChI=1S/C33H38ClN3O3/c1-21-14-23-16-24(15-21)32-28(17-23)37-27-19-25(34)10-11-26(27)33(32)35-13-7-5-3-4-6-8-31(39)36-20-22-9-12-29(38)30(18-22)40-2/h5,7,9-12,14,18-19,23-24,38H,3-4,6,8,13,15-17,20H2,1-2H3,(H,35,37)(H,36,39)/b7-5+",560.1,CHEMBL4741162,10.1021/acs.jmedchem.0c01775,Antioxidant activity assessed as DPPH radical scavenging activity incubated for 30 mins under dark condition by UV-Vis spectrophotometric analysis,4.49894073778225,COc1cc(CNC(=O)CCCCC=CCNc2c3c(nc4cc(Cl)ccc24)CC2C=C(C)CC3C2)ccc1O
1975,"InChI=1S/C25H42O3/c1-4-5-6-7-8-9-10-11-12-13-14-15-16-17-20-28-25-21-23(27-3)18-19-24(25)22(2)26/h18-19,21H,4-17,20H2,1-3H3",390.6,CHEMBL3895269,10.1016/j.bmcl.2016.09.060,Antioxidant activity assessed as DPPH radical scavenging activity incubated for 30 mins in dark,1.40450377817443,CCCCCCCCCCCCCCCCOc1cc(OC)ccc1C(C)=O
427,"InChI=1S/C11H10O3/c1-7-2-4-8(5-3-7)10-9(12)6-14-11(10)13/h2-5,12H,6H2,1H3",190.2,CHEMBL3601596,10.1016/j.bmc.2015.05.026,Antioxidant activity assessed as DPPH radical scavenging activity incubated for 30 mins,4.9100948885606,Cc1ccc(C2=C(O)COC2=O)cc1
1224,"InChI=1S/C21H20O12/c22-6-13-15(27)17(29)18(30)21(32-13)33-20-16(28)14-11(26)4-8(23)5-12(14)31-19(20)7-1-2-9(24)10(25)3-7/h1-5,13,15,17-18,21-27,29-30H,6H2/t13-,15-,17+,18-,21+/m1/s1",464.4,CHEMBL250450,10.1016/j.bmc.2012.11.034,Antioxidant activity assessed as DPPH radical scavenging activity 30 min (manual check),4.32310191234049,O=c1c(OC2OC(CO)C(O)C(O)C2O)c(-c2ccc(O)c(O)c2)oc2cc(O)cc(O)c12
269,"InChI=1S/C27H23NO7/c1-34-27(33)20(13-16-5-3-2-4-6-16)28-25(32)12-9-17-7-11-22(30)26-19(17)15-24(35-26)18-8-10-21(29)23(31)14-18/h2-12,14-15,20,29-31H,13H2,1H3,(H,28,32)/b12-9+/t20-/m0/s1",473.5,CHEMBL4095851,10.1016/j.ejmech.2016.08.019,Antioxidant activity assessed as DPPH radical scavenging activity incubated for 30 mins under dark conditions by spectrophotometry,5.06248210798265,COC(=O)C(Cc1ccccc1)NC(=O)C=Cc1ccc(O)c2oc(-c3ccc(O)c(O)c3)cc12
649,"InChI=1S/C19H21NO3/c1-12-7-16(21)14(19(2,3)4)9-15(12)20-10-13-5-6-17-18(8-13)23-11-22-17/h5-10,21H,11H2,1-4H3/b20-10+",311.4,CHEMBL2316865,10.1016/j.bmcl.2012.12.001,Antioxidant activity assessed as DPPH radical scavenging activity in ethanol solution 30 min (manual check),4.35850423791164,Cc1cc(O)c(C(C)(C)C)cc1N=Cc1ccc2c(c1)OCO2
1996,"InChI=1S/C25H17N5O4/c1-15(13-22(31)16-7-3-2-4-8-16)27-28-23-19-14-17(30(33)34)11-12-21(19)29-24(23)26-20-10-6-5-9-18(20)25(29)32/h2-14,31H,1H3/b22-13-,27-15+,28-23-",451.4,CHEMBL4104522,10.1016/j.bmcl.2017.08.064,Antioxidant activity assessed as DPPH radical scavenging activity incubated for 30 mins under dark condition by UV-vis spectrophotometric method,4.52709734819634,CC(C=C(O)c1ccccc1)=NN=C1c2cc([N+](=O)[O-])ccc2-n2c1nc1ccccc1c2=O
982,"InChI=1S/C21H20O12/c22-6-14-17(27)19(29)20(30)21(33-14)32-13-5-12-15(18(28)16(13)26)10(25)4-11(31-12)7-1-2-8(23)9(24)3-7/h1-5,14,17,19-24,26-30H,6H2/t14-,17-,19+,20-,21-/m1/s1",464.4,CHEMBL469621,10.1021/np0501233,Antioxidant activity assessed as DPPH free radical scavenging activity after 30 mins by TLC autographic assay,4.95860731484177,O=c1cc(-c2ccc(O)c(O)c2)oc2cc(OC3OC(CO)C(O)C(O)C3O)c(O)c(O)c12
239,"InChI=1S/C23H16Cl2F2N2O3/c1-32-21-9-4-14(10-19(21)27)22(30)29-23(31,17-8-5-15(24)11-18(17)25)12-20(28-29)13-2-6-16(26)7-3-13/h2-11,31H,12H2,1H3",477.3,CHEMBL3741013,10.1016/j.ejmech.2015.09.029,Antioxidant activity assessed as DPPH free radical scavenging activity after 30 mins by spectrophotometric assay,4.2690273300999,COc1ccc(C(=O)N2N=C(c3ccc(F)cc3)CC2(O)c2ccc(Cl)cc2Cl)cc1F
1511,"InChI=1S/C14H13NO3/c1-18-14-7-6-10(8-13(14)17)9-15-11-4-2-3-5-12(11)16/h2-9,16-17H,1H3/b15-9+",243.3,CHEMBL4174378,10.1016/j.bmc.2018.08.029,Antioxidant activity assessed as DPPH radical scavenging activity after 30 mins by spectrophotometric method,4.46218090492673,COc1ccc(C=Nc2ccccc2O)cc1O
1683,"InChI=1S/C14H13N3O3/c1-20-13-8-10(2-3-12(13)18)9-16-17-14(19)11-4-6-15-7-5-11/h2-9,18H,1H3,(H,17,19)/b16-9+",271.3,CHEMBL2105120,10.1016/j.bmc.2020.115470,Antioxidant activity assessed as DPPH radical scavenging activity after 30 mins,4.47366072261016,COc1cc(C=NNC(=O)c2ccncc2)ccc1O
75,"InChI=1S/C16H13N3O/c20-16-13(10-12-6-4-5-9-15(12)18-16)11-17-19-14-7-2-1-3-8-14/h1-11,19H,(H,18,20)/b17-11+",263.3,CHEMBL2312092,10.1016/j.bmcl.2012.11.006,Antioxidant activity assessed as DPPH scavenging activity after 30 mins by spectrophotometry,4.11633856484638,O=c1[nH]c2ccccc2cc1C=NNc1ccccc1
1707,"InChI=1S/C29H37NO4/c1-18-7-6-8-27-28(18,3)12-11-19(2)29(27,4)16-21-14-25(33)22(15-24(21)32)30-17-20-9-10-23(31)26(13-20)34-5/h7,9-10,13-15,19,27,30-31H,6,8,11-12,16-17H2,1-5H3/t19-,27+,28+,29+/m0/s1",463.6,CHEMBL458045,10.1021/np049873n,Antioxidant activity assessed as DPPH free radical scavenging activity after 30 mins by TLC autographic assay,4.0087739243075,COc1cc(CNC2=CC(=O)C(CC3(C)C(C)CCC4(C)C(C)=CCCC43)=CC2=O)ccc1O
1700,"InChI=1S/C27H29NO5/c1-28(18-19-10-12-20(29)13-11-19)14-6-2-3-7-15-32-21-16-23(30)26-25(17-21)33-24-9-5-4-8-22(24)27(26)31/h4-5,8-13,16-17,29-30H,2-3,6-7,14-15,18H2,1H3",447.5,CHEMBL4752063,10.1016/j.ejmech.2021.113154,Antioxidant activity assessed as DPPH radical scavenging activity incubated for 30 mins under dark condition,2.89279003035213,CN(CCCCCCOc1cc(O)c2c(=O)c3ccccc3oc2c1)Cc1ccc(O)cc1
432,"InChI=1S/C11H7F3O3/c12-11(13,14)7-3-1-2-6(4-7)9-8(15)5-17-10(9)16/h1-4,15H,5H2",244.2,CHEMBL3601591,10.1016/j.bmc.2015.05.026,Antioxidant activity assessed as DPPH radical scavenging activity incubated for 30 mins,3.95860731484178,O=C1OCC(O)=C1c1cccc(C(F)(F)F)c1
1630,"InChI=1S/C15H18N4O2S/c1-10(2)7-11(3)17-18-15-16-14(9-22-15)12-5-4-6-13(8-12)19(20)21/h4-6,8-10H,7H2,1-3H3,(H,16,18)/b17-11-",318.4,CHEMBL4172739,10.1016/j.ejmech.2017.10.050,Antioxidant activity assessed as DPPH radical scavenging activity after 30 mins,2.86966623150499,CC(CC(C)C)=NNc1nc(-c2cccc([N+](=O)[O-])c2)cs1
838,"InChI=1S/C32H46N2O2/c1-23-8-10-25(11-9-23)22-34-18-15-24(16-19-34)14-17-33-29(35)13-12-26-20-27(31(2,3)4)30(36)28(21-26)32(5,6)7/h8-13,20-21,24,36H,14-19,22H2,1-7H3,(H,33,35)/b13-12+",490.7,CHEMBL4284895,10.1016/j.ejmech.2018.08.005,Antioxidant activity assessed as DPPH radical scavenging activity measured after 30 mins incubation in dark by UV-Visible spectrophotometric analysis,4.21896306137887,Cc1ccc(CN2CCC(CCNC(=O)C=Cc3cc(C(C)(C)C)c(O)c(C(C)(C)C)c3)CC2)cc1
2110,"InChI=1S/C24H29N3O3/c1-7-24(5,6)21-17(12-19-23(30)25-14(4)22(29)27-19)16-10-15(8-9-18(16)26-21)11-20(28)13(2)3/h7-10,12-14,26H,1,11H2,2-6H3,(H,25,30)(H,27,29)/b19-12-/t14-/m0/s1",407.5,CHEMBL400170,10.1021/np070208z,DPPH radical scavenging activity 30 min (manual check),4.10237290870956,C=CC(C)(C)c1[nH]c2ccc(CC(=O)C(C)C)cc2c1C=C1NC(=O)C(C)NC1=O
1813,"InChI=1S/C18H19N3OS/c1-21(2)14-8-4-12(5-9-14)16-17(20-18(23)19-16)13-6-10-15(22-3)11-7-13/h4-11H,1-3H3,(H2,19,20,23)",325.4,CHEMBL2207967,10.1016/j.bmc.2012.09.050,Antioxidant activity of compound assessed as DPPH radical scavenging activity by colorimetric method 30 min (manual check),4.81815641205523,COc1ccc(-c2[nH]c(=S)[nH]c2-c2ccc(N(C)C)cc2)cc1
1989,"InChI=1S/C7H6O5/c8-4-1-3(7(11)12)2-5(9)6(4)10/h1-2,8-10H,(H,11,12)",170.1,CHEMBL288114,10.1021/np0495985,Antioxidant activity assessed as DPPH radical scavenging activity after 30 mins,4.74605698427946,O=C(O)c1cc(O)c(O)c(O)c1
1268,InChI=1S/C13H8N4O3/c18-17(19)11-3-1-9(2-4-11)12-15-16-13(20-12)10-5-7-14-8-6-10/h1-8H,268.2,CHEMBL229411,10.1007/s00044-010-9480-5,Antioxidant activity of the compound assessed as DPPH radical scavenging activity after 30 min,4.33259232003704,O=[N+]([O-])c1ccc(-c2nnc(-c3ccncc3)o2)cc1
1460,"InChI=1S/C16H13ClN4O3/c17-13-4-1-3-12(7-13)9-20-10-14(18-19-20)11-24-16-6-2-5-15(8-16)21(22)23/h1-8,10H,9,11H2",344.8,CHEMBL3741365,10.1039/C5MD00057B,Antioxidant activity assessed as DPPH radical scavenging activity after 30 mins by spectrophotometric analysis,4.04341266313423,O=[N+]([O-])c1cccc(OCc2cn(Cc3cccc(Cl)c3)nn2)c1
860,"InChI=1S/C23H16ClNO5/c24-15-4-6-16(7-5-15)25-22(29)10-3-13-1-9-19(27)23-17(13)12-21(30-23)14-2-8-18(26)20(28)11-14/h1-12,26-28H,(H,25,29)/b10-3+",421.8,CHEMBL4278372,10.1016/j.ejmech.2018.01.096,Antioxidant activity assessed as DPPH radical scavenging activity after 30 mins by spectrophotometric analysis,5.1791420105603,O=C(C=Cc1ccc(O)c2oc(-c3ccc(O)c(O)c3)cc12)Nc1ccc(Cl)cc1
144,"InChI=1S/C17H18O4/c1-4-20-17-9(2)13-14(10(3)18)15(19)11-7-5-6-8-12(11)16(13)21-17/h5-9,17,19H,4H2,1-3H3/t9-,17+/m0/s1",286.3,CHEMBL3331265,10.1016/j.ejmech.2014.09.025,Antioxidant activity assessed as DPPH scavenging activity after 30 mins by spectrophotometry,3.6608718491188,CCOC1Oc2c(c(C(C)=O)c(O)c3ccccc23)C1C
1380,"InChI=1S/C33H42N4O4S/c1-23-17-19-24(20-18-23)21-28(35-30(38)25-11-5-2-6-12-25)31(39)36-29(22-42)32(40)37(27-15-9-4-10-16-27)33(41)34-26-13-7-3-8-14-26/h2,5-6,11-12,17-21,26-27,29,42H,3-4,7-10,13-16,22H2,1H3,(H,34,41)(H,35,38)(H,36,39)/b28-21+",590.8,CHEMBL3237200,10.1016/j.ejmech.2014.03.037,Antioxidant activity assessed as DPPH radical scavenging activity after 20 to 30 mins,4.07577241873988,Cc1ccc(C=C(NC(=O)c2ccccc2)C(=O)NC(CS)C(=O)N(C(=O)NC2CCCCC2)C2CCCCC2)cc1
1853,"InChI=1S/C15H14FNO4S/c16-13-4-1-12(2-5-13)10-17-22(20,21)8-7-11-3-6-14(18)15(19)9-11/h1-9,17-19H,10H2/b8-7+",323.3,CHEMBL2414569,10.1016/j.bmc.2013.05.043,Antioxidant activity assessed as DPPH radical scavenging activity after 30 mins,5.08092190762393,O=S(=O)(C=Cc1ccc(O)c(O)c1)NCc1ccc(F)cc1
605,"InChI=1S/C42H54O10/c1-2-3-4-5-6-7-8-9-10-11-12-13-14-15-16-17-18-19-20-27-50-30-37-39(47)40(48)41(49)42(52-37)51-36-29-33(44)28-35(46)38(36)34(45)26-23-31-21-24-32(43)25-22-31/h3-4,6-7,9-10,12-13,15-16,18-19,21-22,24-25,28-29,37,39-44,46-49H,2,5,8,11,14,17,20,23,26-27,30H2,1H3/b4-3-,7-6-,10-9-,13-12-,16-15-,19-18-/t37-,39-,40+,41-,42-/m1/s1",718.9,CHEMBL2316184,10.1016/j.bmc.2012.11.034,Antioxidant activity assessed as DPPH radical scavenging activity 30 min (manual check),2.71948992029672,CCC=CCC=CCC=CCC=CCC=CCC=CCCOCC1OC(Oc2cc(O)cc(O)c2C(=O)CCc2ccc(O)cc2)C(O)C(O)C1O
596,"InChI=1S/C22H25NO6/c1-11(2)23(12(3)4)10-15-19(26)21(28)20(27)18-16(25)9-17(29-22(15)18)13-5-7-14(24)8-6-13/h5-9,11-12,24,26-28H,10H2,1-4H3",399.4,CHEMBL2204078,10.1016/j.bmc.2012.10.015,Antioxidant activity assessed as inhibition of DPPH radical by spectrophotometric analysis using MTT assay method 30 min (manual check),4.5217221680804,CC(C)N(Cc1c(O)c(O)c(O)c2c(=O)cc(-c3ccc(O)cc3)oc12)C(C)C
101,"InChI=1S/C18H17N3O4S/c1-22-14-5-3-13(4-6-14)19-11-21-18(26)25-17(20-21)12-2-7-15-16(10-12)24-9-8-23-15/h2-7,10,19H,8-9,11H2,1H3",371.4,CHEMBL2435583,10.1016/j.bmc.2013.08.002,Antioxidant activity assessed as DPPH free radical scavenging activity after 30 mins by spectrophotometric analysis,4.49825627037201,COc1ccc(NCn2nc(-c3ccc4c(c3)OCCO4)oc2=S)cc1
1213,"InChI=1S/C14H13NO2/c1-17-13-7-8-14(16)11(9-13)10-15-12-5-3-2-4-6-12/h2-10,16H,1H3/b15-10+",227.3,CHEMBL3098349,10.1016/j.ejmech.2013.10.068,Antioxidant activity assessed as DPPH free radical scavenging activity after 30 mins by spectrophotometric analysis,3.09996076451268,COc1ccc(O)c(C=Nc2ccccc2)c1
1063,"InChI=1S/C24H22N4O2/c1-3-30-24(29)20-19(14-5-4-10-26-12-14)16-8-7-15-17-11-13(2)6-9-18(17)27-21(15)22(16)28-23(20)25/h4-6,9-12,27H,3,7-8H2,1-2H3,(H2,25,28)",398.5,CHEMBL1911078,10.1016/j.ejmech.2011.09.024,Antioxidant activity assessed as DPPH radical scavenging activity after 30 mins by micro plate reader,3.27750645614904,CCOC(=O)c1c(N)nc2c(c1-c1cccnc1)CCc1c-2[nH]c2ccc(C)cc12
452,"InChI=1S/C26H19NO5/c28-16-11-9-15(10-12-16)19(20-14-27-21-7-3-1-5-17(20)21)13-22(29)24-25(30)18-6-2-4-8-23(18)32-26(24)31/h1-12,14,19,27-28,30H,13H2",425.4,CHEMBL3752368,10.1016/j.bmcl.2015.12.085,Antioxidant activity of the compound assessed as DPPH radical scavenging after 30 mins by spectrophotometric analysis,3.85860846283072,O=C(CC(c1ccc(O)cc1)c1c[nH]c2ccccc12)c1c(O)c2ccccc2oc1=O
1812,"InChI=1S/C16H13FN2OS/c1-20-13-8-4-11(5-9-13)15-14(18-16(21)19-15)10-2-6-12(17)7-3-10/h2-9H,1H3,(H2,18,19,21)",300.4,CHEMBL2207968,10.1016/j.bmc.2012.09.050,Antioxidant activity of compound assessed as DPPH radical scavenging activity by colorimetric method 30 min (manual check),4.24260397120698,COc1ccc(-c2[nH]c(=S)[nH]c2-c2ccc(F)cc2)cc1
104,"InChI=1S/C18H17N3O3S/c1-12-4-2-3-5-14(12)19-11-21-18(25)24-17(20-21)13-6-7-15-16(10-13)23-9-8-22-15/h2-7,10,19H,8-9,11H2,1H3",355.4,CHEMBL2435580,10.1016/j.bmc.2013.08.002,Antioxidant activity assessed as DPPH free radical scavenging activity after 30 mins by spectrophotometric analysis,4.44009337496389,Cc1ccccc1NCn1nc(-c2ccc3c(c2)OCCO3)oc1=S
1802,"InChI=1S/C29H41NO2/c1-6-10-26-21-27(30-29(31)25-15-9-16-25)17-18-28(26)32-20-19-24(5)14-8-13-23(4)12-7-11-22(2)3/h6,11,13,17-19,21,25H,1,7-10,12,14-16,20H2,2-5H3,(H,30,31)/b23-13+,24-19+",435.7,CHEMBL2087309,10.1016/j.bmc.2012.07.025,Antioxidant activity assessed as inhibition of DPPH radical scavenging activity after 30 mins by spectrophotometry,3.85542579239038,C=CCc1cc(NC(=O)C2CCC2)ccc1OCC=C(C)CCC=C(C)CCC=C(C)C
381,InChI=1S/C16H9ClO2S/c17-12-7-5-10(6-8-12)15(18)13-9-11-3-1-2-4-14(11)19-16(13)20/h1-9H,300.8,CHEMBL1164775,10.1016/j.ejmech.2010.01.070,Antioxidant activity assessed as DPPH radical scavenging activity 30 min (manual check),2.74783472896314,O=C(c1ccc(Cl)cc1)c1cc2ccccc2oc1=S
1646,"InChI=1S/C24H24O13/c1-8-20(35-9(2)25)18(31)19(32)24(34-8)37-23-17(30)16-12(27)6-11(26)7-15(16)36-21(23)10-4-13(28)22(33-3)14(29)5-10/h4-8,18-20,24,26-29,31-32H,1-3H3/t8-,18-,19+,20-,24-/m0/s1",520.4,CHEMBL4176025,10.1021/acs.jnatprod.7b00564,Antioxidant activity assessed as DPPH radical scavenging activity measured after 30 mins incubation under dark condition,5.65757731917779,COc1c(O)cc(-c2oc3cc(O)cc(O)c3c(=O)c2OC2OC(C)C(OC(C)=O)C(O)C2O)cc1O
793,"InChI=1S/C17H13N5O3S/c23-17-11-26-16-4-2-1-3-15(16)20(17)9-12-10-21(19-18-12)13-5-7-14(8-6-13)22(24)25/h1-8,10H,9,11H2",367.4,CHEMBL3765014,10.1016/j.bmcl.2015.11.071,Antioxidant activity assessed as DPPH radical scavenging activity by spectrophotometric assay 30 min (manual check),3.91883347168503,O=C1CSc2ccccc2N1Cc1cn(-c2ccc([N+](=O)[O-])cc2)nn1
1390,"InChI=1S/C22H17BrN4O2/c1-13-3-2-4-18-20(13)26-21(25-18)15-6-8-16(9-7-15)22(29)27-24-12-14-5-10-19(28)17(23)11-14/h2-12,28H,1H3,(H,25,26)(H,27,29)/b24-12+",449.3,CHEMBL3317789,10.1016/j.ejmech.2014.07.078,Antioxidant activity assessed as DPPH free radical scavenging activity incubated at 37 degC for 30 mins by microtiter plate reader based method,4.59808274948243,Cc1cccc2nc(-c3ccc(C(=O)NN=Cc4ccc(O)c(Br)c4)cc3)[nH]c12
964,"InChI=1S/C38H50O6/c1-22(2)11-13-27(25(7)8)20-37-21-28(15-12-23(3)4)36(9,10)38(35(37)44,18-17-24(5)6)34(43)31(33(37)42)32(41)26-14-16-29(39)30(40)19-26/h12,14,16-17,19,27-28,39-40,42H,1,7,11,13,15,18,20-21H2,2-6,8-10H3/t27-,28+,37+,38-/m1/s1",602.8,CHEMBL510949,10.1021/np0497595,Antioxidant activity assessed as DPPH radical scavenging activity 30 min (manual check),4.27572413039921,C=C(C)CCC(CC12CC(CC=C(C)C)C(C)(C)C(CC=C(C)C)(C(=O)C(C(=O)c3ccc(O)c(O)c3)=C1O)C2=O)C(=C)C
1325,"InChI=1S/C22H20O4/c1-4-7-15-8-6-9-17-18(23)14-20(26-22(15)17)16-10-11-19(25-12-5-2)21(13-16)24-3/h4-6,8-11,13-14H,1-2,7,12H2,3H3",348.4,CHEMBL2261254,10.1007/s00044-010-9474-3,Antioxidant activity assessed as DPPH free radical scavenging activity after 30 min by UV-VIS spectrophotometer analysis,3.56863623584101,C=CCOc1ccc(-c2cc(=O)c3cccc(CC=C)c3o2)cc1OC
531,"InChI=1S/C26H22O12/c27-9-17-21(32)23(34)25(38-26(35)10-4-2-1-3-5-10)24(37-17)18-14(30)8-16-19(22(18)33)20(31)11-6-12(28)13(29)7-15(11)36-16/h1-8,17,21,23-25,27-30,32-34H,9H2/t17-,21-,23+,24+,25-/m1/s1",526.5,CHEMBL466996,10.1021/np030100t,Antioxidant activity assessed as DPPH radical scavenging activity after 30 mins,4.48598381959935,O=C(OC1C(c2c(O)cc3oc4cc(O)c(O)cc4c(=O)c3c2O)OC(CO)C(O)C1O)c1ccccc1
573,"InChI=1S/C21H22N2O4S2/c1-14-3-5-16(6-4-14)20-21(29(24,25)13-18-22-11-12-28-18)19(23-27-20)15-7-9-17(26-2)10-8-15/h3-10,20-21H,11-13H2,1-2H3",430.6,CHEMBL1829925,10.1016/j.ejmech.2011.08.010,Antioxidant activity assessed as DPPH free radical scavenging activity after 30 mins by spectrophotometric analysis,3.70271787501954,COc1ccc(C2=NOC(c3ccc(C)cc3)C2S(=O)(=O)CC2=NCCS2)cc1
1745,"InChI=1S/C13H16O5/c1-5-7(3)18-4-8-9(5)6(2)11(14)10(12(8)15)13(16)17/h5,7,14-15H,4H2,1-3H3,(H,16,17)/t5-,7-/m1/s1",252.3,CHEMBL465873,10.1021/np0704708,Antioxidant activity assessed as DPPH free radical scavenging activity after 30 mins,3.90974194706868,Cc1c(O)c(C(=O)O)c(O)c2c1C(C)C(C)OC2
337,"InChI=1S/C8H7NS2/c1-5-2-3-6-7(4-5)11-8(10)9-6/h2-4H,1H3,(H,9,10)",181.3,CHEMBL568738,10.1016/j.bmc.2009.05.039,Antioxidant activity assessed as DPPH free radical scavenging activity by UV spectroscopic method 30 min (manual check),4.04095860767891,Cc1ccc2nc(S)sc2c1
1743,"InChI=1S/C11H16O3/c1-6(8(3)12)10-4-9(13)5-11(14)7(10)2/h4-6,8,12-14H,1-3H3/t6-,8-/m1/s1",196.2,CHEMBL444472,10.1021/np0704708,Antioxidant activity assessed as DPPH free radical scavenging activity after 30 mins,4.64781748188864,Cc1c(O)cc(O)cc1C(C)C(C)O
2122,"InChI=1S/C14H13ClO5/c15-11-5-13(19)9(10(6-16)14(11)20)4-7-3-8(17)1-2-12(7)18/h1-3,5,16-20H,4,6H2",296.7,CHEMBL402565,10.1021/np070421v,DPPH radical scavenging activity 30 min (manual check),5.38721614328026,OCc1c(O)c(Cl)cc(O)c1Cc1cc(O)ccc1O
1492,"InChI=1S/C24H32N2O3/c1-29-23-17-20(7-9-22(23)27)8-10-24(28)25-14-11-19-12-15-26(16-13-19)18-21-5-3-2-4-6-21/h2-7,9,17,19,27H,8,10-16,18H2,1H3,(H,25,28)",396.5,CHEMBL3818250,10.1039/C6MD00053C,Antioxidant activity assessed as DPPH radical scavenging activity incubated in dark for 30 mins by spectrophotometry,4.31605286924849,COc1cc(CCC(=O)NCCC2CCN(Cc3ccccc3)CC2)ccc1O
1575,"InChI=1S/C10H17N3O4S/c14-8(15)4-12-9(16)7(5-18)13-10(17)6-2-1-3-11-6/h6-7,11,18H,1-5H2,(H,12,16)(H,13,17)(H,14,15)/t6-,7-/m0/s1",275.3,CHEMBL4204721,10.1039/C6MD00006A,Antioxidant activity assessed as DPPH radical scavenging activity incubated for 30 mins under dark condition by spectrophotometric method,3.52287874528034,O=C(O)CNC(=O)C(CS)NC(=O)C1CCCN1
1357,"InChI=1S/C10H12N2O4/c1-10(12-11-9(15)5-16-10)7-3-2-6(13)4-8(7)14/h2-4,12-14H,5H2,1H3,(H,11,15)",224.2,CHEMBL2298302,10.1007/s00044-012-0313-6,Antioxidant activity assessed as DPPH radical scavenging activity after 30 min by spectrophotometric analysis,4.55267596452176,CC1(c2ccc(O)cc2O)NNC(=O)CO1
1901,"InChI=1S/C15H10O6/c16-8-2-3-9-12(6-8)21-15(14(20)13(9)19)7-1-4-10(17)11(18)5-7/h1-6,16-18,20H",286.2,CHEMBL31574,10.1016/j.ejmech.2014.04.002,Antioxidant activity assessed as DPPH radical scavenging activity after 30 mins,4.49005864274182,O=c1c(O)c(-c2ccc(O)c(O)c2)oc2cc(O)ccc12
1825,"InChI=1S/C17H19NO4/c19-14-5-1-12(2-6-14)9-10-18-17(22)8-4-13-3-7-15(20)16(21)11-13/h1-3,5-7,11,19-21H,4,8-10H2,(H,18,22)",301.3,CHEMBL208465,10.1021/np300655y,Antioxidant activity assessed as DPPH radical scavenging activity after 30 mins,4.21324857785444,O=C(CCc1ccc(O)c(O)c1)NCCc1ccc(O)cc1
844,"InChI=1S/C31H43ClN2O2/c1-30(2,3)25-19-23(20-26(29(25)36)31(4,5)6)11-12-28(35)33-16-13-22-14-17-34(18-15-22)21-24-9-7-8-10-27(24)32/h7-12,19-20,22,36H,13-18,21H2,1-6H3,(H,33,35)/b12-11+",511.2,CHEMBL4293155,10.1016/j.ejmech.2018.08.005,Antioxidant activity assessed as DPPH radical scavenging activity measured after 30 mins incubation in dark by UV-Visible spectrophotometric analysis,4.09582563171584,CC(C)(C)c1cc(C=CC(=O)NCCC2CCN(Cc3ccccc3Cl)CC2)cc(C(C)(C)C)c1O
1715,"InChI=1S/C34H44O19/c1-15-27(52-33-30(45)34(46,13-36)14-48-33)24(42)25(43)32(49-15)53-29-26(44)31(47-9-8-17-3-6-19(38)21(40)11-17)50-22(12-35)28(29)51-23(41)7-4-16-2-5-18(37)20(39)10-16/h2-7,10-11,15,22,24-33,35-40,42-46H,8-9,12-14H2,1H3/b7-4+/t15-,22+,24-,25+,26+,27-,28+,29+,30-,31+,32-,33-,34+/m0/s1",756.7,CHEMBL469152,10.1021/np010128+,Antioxidant activity assessed as DPPH free radical scavenging activity after 30 mins,4.62342304294349,CC1OC(OC2C(O)C(OCCc3ccc(O)c(O)c3)OC(CO)C2OC(=O)C=Cc2ccc(O)c(O)c2)C(O)C(O)C1OC1OCC(O)(CO)C1O
1462,"InChI=1S/C17H15ClN4O3/c1-12-8-16(6-7-17(12)18)25-11-14-10-21(20-19-14)9-13-2-4-15(5-3-13)22(23)24/h2-8,10H,9,11H2,1H3",358.8,CHEMBL3741085,10.1039/C5MD00057B,Antioxidant activity assessed as DPPH radical scavenging activity after 30 mins by spectrophotometric analysis,4.42774763600725,Cc1cc(OCc2cn(Cc3ccc([N+](=O)[O-])cc3)nn2)ccc1Cl
1937,"InChI=1S/C27H31N3O/c31-27-23(17-21-5-9-25(10-6-21)29-13-1-2-14-29)19-28-20-24(27)18-22-7-11-26(12-8-22)30-15-3-4-16-30/h5-12,17-18,28H,1-4,13-16,19-20H2/b23-17-,24-18+",413.6,CHEMBL3290189,10.1016/j.ejmech.2014.06.034,Antioxidant activity assessed as DPPH free radical scavenging activity 30 min (manual check),4.56960240861303,O=C1C(=Cc2ccc(N3CCCC3)cc2)CNCC1=Cc1ccc(N2CCCC2)cc1
1772,"InChI=1S/C28H33NO2S2/c1-17-8-7-11-24-27(17,3)13-12-18(2)28(24,4)16-19-14-20(30)15-23(25(19)31)33-26-29-21-9-5-6-10-22(21)32-26/h5-6,8-10,14-15,18,24,30-31H,7,11-13,16H2,1-4H3/t18-,24+,27+,28+/m0/s1",479.7,CHEMBL574482,10.1021/np800318m,Antioxidant activity assessed as DPPH radical scavenging activity 30 min (manual check),4.53017798402184,CC1=CCCC2C1(C)CCC(C)C2(C)Cc1cc(O)cc(Sc2nc3ccccc3s2)c1O
379,"InChI=1S/C11H8O2S/c1-7(12)9-6-8-4-2-3-5-10(8)13-11(9)14/h2-6H,1H3",204.2,CHEMBL1163364,10.1016/j.ejmech.2010.01.070,Antioxidant activity assessed as DPPH radical scavenging activity 30 min (manual check),3.76586362698586,CC(=O)c1cc2ccccc2oc1=S
1763,"InChI=1S/C15H14O3/c1-18-12-7-10-3-2-9-6-11(16)4-5-13(9)15(10)14(17)8-12/h4-8,16-17H,2-3H2,1H3",242.3,CHEMBL254187,10.1016/j.bmc.2009.02.057,Antioxidant activity assessed as DPPH radical scavenging activity after 30 mins by microplate reader assay,3.75088495855792,COc1cc(O)c2c(c1)CCc1cc(O)ccc1-2
823,"InChI=1S/C20H17NO3/c22-18-8-11-20(23)16(12-18)13-21-17-6-9-19(10-7-17)24-14-15-4-2-1-3-5-15/h1-13,22-23H,14H2/b21-13+",319.4,CHEMBL4202755,10.1016/j.bmc.2017.08.048,Antioxidant activity assessed as DPPH radical scavenging activity after 30 mins,4.67162039656126,Oc1ccc(O)c(C=Nc2ccc(OCc3ccccc3)cc2)c1
2081,"InChI=1S/C11H10Br3NO3/c12-7-5(4-15-3-1-2-6(15)16)8(13)10(17)11(18)9(7)14/h17-18H,1-4H2",443.9,CHEMBL228908,10.1021/np070061b,DPPH radical scavenging activity 30 min (manual check),4.73282827159699,O=C1CCCN1Cc1c(Br)c(O)c(O)c(Br)c1Br
2071,"InChI=1S/C17H12ClFN2O2/c18-12-3-1-2-11(8-12)16-20-21-17(23-16)15-6-4-10-9-13(19)5-7-14(10)22-15/h1-3,5,7-9,15H,4,6H2",330.7,CHEMBL4637647,10.1016/j.bmcl.2020.127136,Antioxidant activity assessed as DPPH radical scavenging activity 30 min (manual check),4.63695240547891,Fc1ccc2c(c1)CCC(c1nnc(-c3cccc(Cl)c3)o1)O2
915,"InChI=1S/C15H15NOS/c1-16-11-15(17,12-7-3-2-4-8-12)18-14-10-6-5-9-13(14)16/h2-10,17H,11H2,1H3",257.4,CHEMBL4174508,10.1016/j.ejmech.2017.06.042,Antioxidant activity assessed as DPPH radical scavenging activity measured at 30 to 60 mins by UV-Visible spectrophotometric method,3.73754891026957,CN1CC(O)(c2ccccc2)Sc2ccccc21
206,"InChI=1S/C23H23NO7/c1-4-31-23(26)22-19(14-6-5-7-16(10-14)24(27)28)11-15(12-20(22)25)18-9-8-17(29-2)13-21(18)30-3/h5-10,12-13,19,22H,4,11H2,1-3H3",425.4,CHEMBL3356224,10.1016/j.bmc.2014.10.015,Antioxidant activity assessed as DPPH radical scavenging activity after 30 mins by spectrophotometry,3.33731763333001,CCOC(=O)C1C(=O)C=C(c2ccc(OC)cc2OC)CC1c1cccc([N+](=O)[O-])c1
1220,"InChI=1S/C13H10FNO/c14-11-7-5-10(6-8-11)9-15-12-3-1-2-4-13(12)16/h1-9,16H/b15-9+",215.2,CHEMBL3098343,10.1016/j.ejmech.2013.10.068,Antioxidant activity assessed as DPPH free radical scavenging activity after 30 mins by spectrophotometric analysis,4.3840499483436,Oc1ccccc1N=Cc1ccc(F)cc1
1958,"InChI=1S/C9H10O3/c1-6(10)8-4-3-7(12-2)5-9(8)11/h3-5,11H,1-2H3",166.2,CHEMBL1079227,10.1016/j.bmcl.2016.09.060,Antioxidant activity assessed as DPPH radical scavenging activity incubated for 30 mins in dark,1.36855623098683,COc1ccc(C(C)=O)c(O)c1
107,"InChI=1S/C17H14N4O5S/c22-21(23)13-4-2-12(3-5-13)18-10-20-17(27)26-16(19-20)11-1-6-14-15(9-11)25-8-7-24-14/h1-6,9,18H,7-8,10H2",386.4,CHEMBL2435578,10.1016/j.bmc.2013.08.002,Antioxidant activity assessed as DPPH free radical scavenging activity after 30 mins by spectrophotometric analysis,4.32039042822024,O=[N+]([O-])c1ccc(NCn2nc(-c3ccc4c(c3)OCCO4)oc2=S)cc1
1533,"InChI=1S/C12H17N3O3/c1-8-2-4-9(5-3-8)14-15-11(16)7-6-10(13)12(17)18/h2-5,10,14H,6-7,13H2,1H3,(H,15,16)(H,17,18)/t10-/m0/s1",251.3,CHEMBL4208296,10.1016/j.bmcl.2017.11.012,Antioxidant activity assessed as DPPH radical scavenging activity incubated under dark condition for 30 mins by spectrophotometric analysis,4.40062700036659,Cc1ccc(NNC(=O)CCC(N)C(=O)O)cc1
2028,"InChI=1S/C17H14O4/c18-14(9-7-12-3-1-5-15(19)11-12)10-8-13-4-2-6-16(20)17(13)21/h1-11,19-21H/b9-7+,10-8+",282.3,CHEMBL4582302,10.1016/j.bmcl.2019.06.052,Antioxidant activity assessed as DPPH radical scavenging activity measured after 30 mins,4.31875876262441,O=C(C=Cc1cccc(O)c1)C=Cc1cccc(O)c1O
537,"InChI=1S/C21H18O12/c22-8-3-1-7(2-4-8)12-6-10(24)13-9(23)5-11(25)17(18(13)31-12)32-21-16(28)14(26)15(27)19(33-21)20(29)30/h1-6,14-16,19,21-23,25-28H,(H,29,30)/t14-,15-,16+,19-,21+/m0/s1",462.4,CHEMBL462705,10.1021/np034002j,Antioxidant activity assessed as DPPH radical scavenging activity after 30 mins,4.16685288808721,O=C(O)C1OC(Oc2c(O)cc(O)c3c(=O)cc(-c4ccc(O)cc4)oc23)C(O)C(O)C1O
71,"InChI=1S/C10H8N2O2/c13-10-8(6-11-14)5-7-3-1-2-4-9(7)12-10/h1-6,14H,(H,12,13)/b11-6+",188.2,CHEMBL2312108,10.1016/j.bmcl.2012.11.006,Antioxidant activity assessed as DPPH scavenging activity after 30 mins by spectrophotometry,3.92933424654627,O=c1[nH]c2ccccc2cc1C=NO
1626,"InChI=1S/C12H12N4O2S/c1-8(2)14-15-12-13-11(7-19-12)9-4-3-5-10(6-9)16(17)18/h3-7H,1-2H3,(H,13,15)",276.3,CHEMBL3263526,10.1016/j.ejmech.2017.10.050,Antioxidant activity assessed as DPPH radical scavenging activity after 30 mins,2.93554201077308,CC(C)=NNc1nc(-c2cccc([N+](=O)[O-])c2)cs1
758,"InChI=1S/C17H14O5/c18-11-3-1-10(2-4-11)7-16-14(9-17(21)22-16)13-6-5-12(19)8-15(13)20/h1-6,8-9,16,18-20H,7H2",298.3,CHEMBL3609498,10.1016/j.bmcl.2015.07.076,Antioxidant activity assessed as DPPH radical scavenging activity after 30 mins,4.18395101007421,O=C1C=C(c2ccc(O)cc2O)C(Cc2ccc(O)cc2)O1
253,"InChI=1S/C34H32N2/c1-5-13-29(14-6-1)25-35(26-30-15-7-2-8-16-30)33-21-23-34(24-22-33)36(27-31-17-9-3-10-18-31)28-32-19-11-4-12-20-32/h1-24H,25-28H2",468.6,CHEMBL4285881,10.1016/j.ejmech.2017.11.072,Antioxidant activity assessed as DPPH radical scavenging activity after 30 mins,3.84073366890651,c1ccc(CN(Cc2ccccc2)c2ccc(N(Cc3ccccc3)Cc3ccccc3)cc2)cc1
139,"InChI=1S/C16H16O4/c1-3-19-13-8-12-14(9(2)17)15(18)10-6-4-5-7-11(10)16(12)20-13/h4-7,13,18H,3,8H2,1-2H3",272.3,CHEMBL3331163,10.1016/j.ejmech.2014.09.025,Antioxidant activity assessed as DPPH scavenging activity after 30 mins by spectrophotometry,4.03520092862704,CCOC1Cc2c(C(C)=O)c(O)c3ccccc3c2O1
1022,"InChI=1S/C42H46O20/c1-54-28-16-22(4-10-25(28)45)7-13-33(48)57-20-32-36(51)40(60-35(50)15-9-24-6-12-27(47)30(18-24)56-3)42(21-44,61-32)62-41-38(53)37(52)39(31(19-43)58-41)59-34(49)14-8-23-5-11-26(46)29(17-23)55-2/h4-18,31-32,36-41,43-47,51-53H,19-21H2,1-3H3/b13-7+,14-8+,15-9+/t31-,32-,36-,37-,38-,39-,40+,41-,42+/m1/s1",870.8,CHEMBL1224877,10.1021/np100181c,Antioxidant activity assessed as DPPH radical scavenging activity after 30 mins by ELISA reader,4.20411998265593,COc1cc(C=CC(=O)OCC2OC(CO)(OC3OC(CO)C(OC(=O)C=Cc4ccc(O)c(OC)c4)C(O)C3O)C(OC(=O)C=Cc3ccc(O)c(OC)c3)C2O)ccc1O
1360,"InChI=1S/C10H12N2O2/c1-10(8-5-3-2-4-6-8)12-11-9(13)7-14-10/h2-6,12H,7H2,1H3,(H,11,13)",192.2,CHEMBL2298299,10.1007/s00044-012-0313-6,Antioxidant activity assessed as DPPH radical scavenging activity after 30 min by spectrophotometric analysis,4.3672994347826,CC1(c2ccccc2)NNC(=O)CO1
1043,"InChI=1S/C29H28O12/c30-18-9-16(10-19(31)12-18)27(37)40-25-24(36)13-39-26(25)29(17-2-4-21(33)23(35)11-17)6-5-15(28(38)41-29)7-14-1-3-20(32)22(34)8-14/h1-4,8-12,15,24-26,30-36H,5-7,13H2/t15-,24+,25-,26-,29+/m1/s1",568.5,CHEMBL1765880,10.1021/np1007476,Antioxidant activity assessed as DPPH free radical scavenging activity after 30 mins in dark by spectrophotometry,5.1249387366083,O=C(OC1C(O)COC1C1(c2ccc(O)c(O)c2)CCC(Cc2ccc(O)c(O)c2)C(=O)O1)c1cc(O)cc(O)c1
203,"InChI=1S/C21H19NO5/c1-2-27-21(24)20-18(15-9-6-10-17(11-15)22(25)26)12-16(13-19(20)23)14-7-4-3-5-8-14/h3-11,13,18,20H,2,12H2,1H3",365.4,CHEMBL3356221,10.1016/j.bmc.2014.10.015,Antioxidant activity assessed as DPPH radical scavenging activity after 30 mins by spectrophotometry,3.34473221181557,CCOC(=O)C1C(=O)C=C(c2ccccc2)CC1c1cccc([N+](=O)[O-])c1
2109,"InChI=1S/C24H30ClN3O3/c1-7-23(3,4)20-16(12-17-22(31)26-13(2)21(30)27-17)15-10-8-9-14(19(15)28-20)11-18(29)24(5,6)25/h7-10,12-13,18,28-29H,1,11H2,2-6H3,(H,26,31)(H,27,30)/b17-12-/t13-,18+/m0/s1",444.0,CHEMBL251050,10.1021/np070208z,DPPH radical scavenging activity 30 min (manual check),4.11350927482752,C=CC(C)(C)c1[nH]c2c(CC(O)C(C)(C)Cl)cccc2c1C=C1NC(=O)C(C)NC1=O
701,"InChI=1S/C21H19NO/c1-2-6-17-13-18(11-10-15(17)5-1)19-14-23-20-9-3-7-16-8-4-12-22(19)21(16)20/h1-3,5-7,9-11,13,19H,4,8,12,14H2",301.4,CHEMBL3086052,10.1016/j.bmcl.2013.09.088,Antioxidant activity assessed as DPPH free radical scavenging activity after 30 mins by spectrophotometry,4.00744648216786,c1cc2c3c(c1)OCC(c1ccc4ccccc4c1)N3CCC2
1682,"InChI=1S/C16H11N3O3/c20-15-12(10-22-14-4-2-1-3-13(14)15)9-18-19-16(21)11-5-7-17-8-6-11/h1-10H,(H,19,21)/b18-9+",293.3,CHEMBL3212643,10.1016/j.bmc.2020.115470,Antioxidant activity assessed as DPPH radical scavenging activity after 30 mins,4.37263414340727,O=C(NN=Cc1coc2ccccc2c1=O)c1ccncc1
22,"InChI=1S/C20H20O5/c1-2-3-8-24-15-5-6-16-19(11-15)25-12-14(20(16)23)9-13-4-7-17(21)18(22)10-13/h4-7,9-11,21-22H,2-3,8,12H2,1H3/b14-9+",340.4,CHEMBL248801,10.1016/j.bmcl.2007.10.034,Antioxidant activity assessed as DPPH free radical scavenging activity  30 min (manual check),4.61083391563547,CCCCOc1ccc2c(c1)OCC(=Cc1ccc(O)c(O)c1)C2=O
503,"InChI=1S/C17H14ClN5S/c1-22-15(20-21-17(22)24)10-23-14-5-3-2-4-13(14)19-16(23)11-6-8-12(18)9-7-11/h2-9H,10H2,1H3,(H,21,24)",355.9,CHEMBL259082,10.1016/j.bmc.2008.02.077,Antioxidant activity assessed as DPPH free radical scavenging activity after 30 mins,3.33535802444387,Cn1c(Cn2c(-c3ccc(Cl)cc3)nc3ccccc32)n[nH]c1=S
1874,"InChI=1S/C12H14O4/c1-8(2)16-12(15)6-4-9-3-5-10(13)11(14)7-9/h3-8,13-14H,1-2H3/b6-4+",222.2,CHEMBL481890,10.1016/j.bmc.2013.08.057,Antioxidant activity assessed as DPPH radical scavenging activity after 30 mins by spectrophotometry,4.88605664769316,CC(C)OC(=O)C=Cc1ccc(O)c(O)c1
335,"InChI=1S/C13H11NO3/c15-10-6-5-9(13(17)7-10)8-14-11-3-1-2-4-12(11)16/h1-8,15-17H/b14-8+",229.2,CHEMBL3098344,10.1016/j.ejmech.2013.10.068,Antioxidant activity assessed as DPPH free radical scavenging activity after 30 mins by spectrophotometric analysis,4.3657133540199,Oc1ccc(C=Nc2ccccc2O)c(O)c1
1706,"InChI=1S/C10H9BrO3/c1-6(12)2-3-7-4-8(11)10(14)9(13)5-7/h2-5,13-14H,1H3/b3-2+",257.1,CHEMBL240090,10.1016/j.bmc.2007.08.023,DPPH radical scavenging activity relative to control 30 min (manual check),5.014573525917,CC(=O)C=Cc1cc(O)c(O)c(Br)c1
508,"InChI=1S/C17H16ClN5OS/c1-19-17(25)22-21-15(24)10-23-14-5-3-2-4-13(14)20-16(23)11-6-8-12(18)9-7-11/h2-9H,10H2,1H3,(H,21,24)(H2,19,22,25)",373.9,CHEMBL406934,10.1016/j.bmc.2008.02.077,Antioxidant activity assessed as DPPH free radical scavenging activity after 30 mins,4.52287874528034,CNC(=S)NNC(=O)Cn1c(-c2ccc(Cl)cc2)nc2ccccc21
1634,"InChI=1S/C17H22N4O2S/c1-3-5-6-9-14(4-2)19-20-17-18-16(12-24-17)13-8-7-10-15(11-13)21(22)23/h7-8,10-12H,3-6,9H2,1-2H3,(H,18,20)/b19-14-",346.5,CHEMBL4165922,10.1016/j.ejmech.2017.10.050,Antioxidant activity assessed as DPPH radical scavenging activity after 30 mins,2.93181413825384,CCCCCC(CC)=NNc1nc(-c2cccc([N+](=O)[O-])c2)cs1
1878,"InChI=1S/C18H20N2OS/c1-2-3-7-14-10-12-16(13-11-14)19-18(22)20-17(21)15-8-5-4-6-9-15/h4-6,8-13H,2-3,7H2,1H3,(H2,19,20,21,22)",312.4,CHEMBL3087557,10.1016/j.ejmech.2013.10.012,Antioxidant activity assessed as DPPH free radical scavenging activity after 30 mins,3.17005330405836,CCCCc1ccc(NC(=S)NC(=O)c2ccccc2)cc1
46,"InChI=1S/C23H17N3O5/c27-23-12-17(14-24-25-18-6-8-19(9-7-18)26(28)29)21-11-10-20(13-22(21)31-23)30-15-16-4-2-1-3-5-16/h1-14,25H,15H2/b24-14-",415.4,CHEMBL1909911,10.1016/j.bmcl.2011.09.029,Antioxidant activity assessed as DPPH free radical scavenging activity after 30 mins by spectrophotometric analysis,2.87071301578201,O=c1cc(C=NNc2ccc([N+](=O)[O-])cc2)c2ccc(OCc3ccccc3)cc2o1
1643,"InChI=1S/C17H20N4O2S/c1-12(13-6-3-2-4-7-13)19-20-17-18-16(11-24-17)14-8-5-9-15(10-14)21(22)23/h5,8-11,13H,2-4,6-7H2,1H3,(H,18,20)/b19-12-",344.4,CHEMBL4166872,10.1016/j.ejmech.2017.10.050,Antioxidant activity assessed as DPPH radical scavenging activity after 30 mins,2.86966623150499,CC(=NNc1nc(-c2cccc([N+](=O)[O-])c2)cs1)C1CCCCC1
1836,"InChI=1S/C27H27NO7/c1-33-23-15-19(6-9-21(23)31)27-25(16-29)34-24-14-18(4-10-22(24)35-27)5-11-26(32)28-13-12-17-2-7-20(30)8-3-17/h2-11,14-15,25,27,29-31H,12-13,16H2,1H3,(H,28,32)/b11-5+/t25-,27-/m1/s1",477.5,CHEMBL2331613,10.1021/np300655y,Antioxidant activity assessed as DPPH radical scavenging activity after 30 mins,4.26243182858211,COc1cc(C2Oc3ccc(C=CC(=O)NCCc4ccc(O)cc4)cc3OC2CO)ccc1O
245,"InChI=1S/C24H19ClF2N2O3/c1-14-6-9-16(10-7-14)24(31)13-20(17-4-3-5-18(25)22(17)27)28-29(24)23(30)15-8-11-21(32-2)19(26)12-15/h3-12,31H,13H2,1-2H3",456.9,CHEMBL3740836,10.1016/j.ejmech.2015.09.029,Antioxidant activity assessed as DPPH free radical scavenging activity after 30 mins by spectrophotometric assay,4.28746157553138,COc1ccc(C(=O)N2N=C(c3cccc(Cl)c3F)CC2(O)c2ccc(C)cc2)cc1F
858,"InChI=1S/C24H19NO5/c26-19-9-7-17(12-21(19)28)22-13-18-16(6-10-20(27)24(18)30-22)8-11-23(29)25-14-15-4-2-1-3-5-15/h1-13,26-28H,14H2,(H,25,29)/b11-8+",401.4,CHEMBL4281832,10.1016/j.ejmech.2018.01.096,Antioxidant activity assessed as DPPH radical scavenging activity after 30 mins by spectrophotometric analysis,5.1791420105603,O=C(C=Cc1ccc(O)c2oc(-c3ccc(O)c(O)c3)cc12)NCc1ccccc1
378,"InChI=1S/C17H12O3S/c1-19-14-9-5-8-12-10-13(17(21)20-16(12)14)15(18)11-6-3-2-4-7-11/h2-10H,1H3",296.3,CHEMBL1165206,10.1016/j.ejmech.2010.01.070,Antioxidant activity assessed as DPPH radical scavenging activity 30 min (manual check),3.47732650479088,COc1cccc2cc(C(=O)c3ccccc3)c(=S)oc12
663,"InChI=1S/C20H25NO/c1-6-15-7-9-16(10-8-15)13-21-18-12-17(20(3,4)5)19(22)11-14(18)2/h7-13,22H,6H2,1-5H3/b21-13+",295.4,CHEMBL2316849,10.1016/j.bmcl.2012.12.001,Antioxidant activity assessed as DPPH radical scavenging activity in ethanol solution 30 min (manual check),4.08947602764523,CCc1ccc(C=Nc2cc(C(C)(C)C)c(O)cc2C)cc1
1701,"InChI=1S/C28H31NO5/c1-29(19-20-11-13-21(30)14-12-20)15-7-3-2-4-8-16-33-22-17-24(31)27-26(18-22)34-25-10-6-5-9-23(25)28(27)32/h5-6,9-14,17-18,30-31H,2-4,7-8,15-16,19H2,1H3",461.6,CHEMBL4741451,10.1016/j.ejmech.2021.113154,Antioxidant activity assessed as DPPH radical scavenging activity incubated for 30 mins under dark condition,2.88405682306094,CN(CCCCCCCOc1cc(O)c2c(=O)c3ccccc3oc2c1)Cc1ccc(O)cc1
853,"InChI=1S/C18H15NO5/c1-19-17(23)7-4-10-2-6-14(21)18-12(10)9-16(24-18)11-3-5-13(20)15(22)8-11/h2-9,20-22H,1H3,(H,19,23)/b7-4+",325.3,CHEMBL4282897,10.1016/j.ejmech.2018.01.096,Antioxidant activity assessed as DPPH radical scavenging activity after 30 mins by spectrophotometric analysis,5.1791420105603,CNC(=O)C=Cc1ccc(O)c2oc(-c3ccc(O)c(O)c3)cc12
1762,"InChI=1S/C15H14O3/c1-18-13-8-11(16)7-10-6-5-9-3-2-4-12(17)14(9)15(10)13/h2-4,7-8,16-17H,5-6H2,1H3",242.3,CHEMBL475652,10.1016/j.bmc.2009.02.057,Antioxidant activity assessed as DPPH radical scavenging activity after 30 mins by microplate reader assay,3.57953273541634,COc1cc(O)cc2c1-c1c(O)cccc1CC2
394,"InChI=1S/C31H26ClNO6P2/c32-25-21-23-26(24-22-25)33-31(40(34,36-27-13-5-1-6-14-27)37-28-15-7-2-8-16-28)41(35,38-29-17-9-3-10-18-29)39-30-19-11-4-12-20-30/h1-24,31,33H",606.0,CHEMBL1824396,10.1016/j.ejmech.2011.02.038,Antioxidant activity assessed as DPPH free radical scavenging activity after 30 mins,4.16442452745419,O=P(Oc1ccccc1)(Oc1ccccc1)C(Nc1ccc(Cl)cc1)P(=O)(Oc1ccccc1)Oc1ccccc1
744,"InChI=1S/C26H24O13/c27-14-8-13(9-15(28)19(14)20(31)11-4-2-1-3-5-11)38-26-24(35)23(34)22(33)18(39-26)10-37-25(36)12-6-16(29)21(32)17(30)7-12/h1-9,18,22-24,26-30,32-35H,10H2/t18-,22-,23+,24-,26-/m1/s1",544.5,CHEMBL3402213,10.1016/j.bmcl.2015.03.058,Antioxidant activity assessed as DPPH radical scavenging activity after 30 mins by microplate reader based assay,4.157015041389,O=C(OCC1OC(Oc2cc(O)c(C(=O)c3ccccc3)c(O)c2)C(O)C(O)C1O)c1cc(O)c(O)c(O)c1
175,"InChI=1S/C21H17ClN6O3S/c1-11-6-5-9-15(18(11)29)25-26-17-12(2)23-21(32)28(20(17)31)27-16(10-22)24-14-8-4-3-7-13(14)19(27)30/h3-9,17,29H,10H2,1-2H3/b26-25+",468.9,CHEMBL1800161,10.1016/j.bmcl.2011.05.031,Antioxidant activity against DPPH free radical assessed as compound able to consume half the initial amount of DPPH free radical after 30 to 60 mins by spectrophotometry,5.45593195564972,CC1=NC(=S)N(n2c(CCl)nc3ccccc3c2=O)C(=O)C1N=Nc1cccc(C)c1O
429,"InChI=1S/C10H7ClO3/c11-7-3-1-6(2-4-7)9-8(12)5-14-10(9)13/h1-4,12H,5H2",210.6,CHEMBL3601594,10.1016/j.bmc.2015.05.026,Antioxidant activity assessed as DPPH radical scavenging activity incubated for 30 mins,4.73282827159699,O=C1OCC(O)=C1c1ccc(Cl)cc1
103,"InChI=1S/C18H17N3O4S/c1-22-14-5-3-2-4-13(14)19-11-21-18(26)25-17(20-21)12-6-7-15-16(10-12)24-9-8-23-15/h2-7,10,19H,8-9,11H2,1H3",371.4,CHEMBL2435582,10.1016/j.bmc.2013.08.002,Antioxidant activity assessed as DPPH free radical scavenging activity after 30 mins by spectrophotometric analysis,4.54302698636418,COc1ccccc1NCn1nc(-c2ccc3c(c2)OCCO3)oc1=S
65,"InChI=1S/C13H14N2O2/c1-9-2-3-12-10(6-9)7-11(13(17)15-12)8-14-4-5-16/h2-3,6-8,16H,4-5H2,1H3,(H,15,17)/b14-8+",230.3,CHEMBL2312087,10.1016/j.bmcl.2012.11.006,Antioxidant activity assessed as DPPH scavenging activity after 30 mins by spectrophotometry,3.30311090062194,Cc1ccc2[nH]c(=O)c(C=NCCO)cc2c1
549,"InChI=1S/C34H44O19/c1-14-24(42)26(44)31(53-32-27(45)25(43)21(40)13-48-32)34(49-14)52-30-28(46)33(47-9-8-16-3-6-18(37)20(39)11-16)50-22(12-35)29(30)51-23(41)7-4-15-2-5-17(36)19(38)10-15/h2-7,10-11,14,21-22,24-40,42-46H,8-9,12-13H2,1H3/b7-4+/t14-,21-,22+,24-,25+,26+,27+,28+,29+,30+,31+,32-,33+,34-/m0/s1",756.7,CHEMBL595544,10.1016/j.bmc.2009.07.065,Antioxidant activity assessed as DPPH radical scavenging activity after 30 mins by spectrophotometry,4.78251605578609,CC1OC(OC2C(O)C(OCCc3ccc(O)c(O)c3)OC(CO)C2OC(=O)C=Cc2ccc(O)c(O)c2)C(OC2OCC(O)C(O)C2O)C(O)C1O
183,"InChI=1S/C12H8ClN3O2/c13-6-3-9-12(14-5-6)16-11(15-9)8-4-7(17)1-2-10(8)18/h1-5,17-18H,(H,14,15,16)",261.7,CHEMBL4531474,10.1016/j.ejmech.2019.06.010,Antioxidant activity assessed as DPPH radical scavenging activity after 30 mins,4.13966199342901,Oc1ccc(O)c(-c2nc3ncc(Cl)cc3[nH]2)c1
821,"InChI=1S/C9H6O4/c10-6-2-3-7-5(9(6)12)1-4-8(11)13-7/h1-4,10,12H",178.1,CHEMBL4166923,10.1021/acs.jnatprod.7b00665,Antioxidant activity assessed as DPPH radical scavenging activity incubated for 30 mins under dark condition,0.958407848106767,O=c1ccc2c(O)c(O)ccc2o1
1432,"InChI=1S/C18H16FNO4/c1-23-15-7-10-6-14(17(21)13(10)9-16(15)24-2)18(22)20-12-5-3-4-11(19)8-12/h3-5,7-9,14H,6H2,1-2H3,(H,20,22)",329.3,CHEMBL3633486,10.1016/j.bmcl.2015.10.051,Antioxidant activity assessed as DPPH scavenging activity at 10 to 60 ug/ml after 30 mins,3.75334085527313,COc1cc2c(cc1OC)C(=O)C(C(=O)Nc1cccc(F)c1)C2
1327,"InChI=1S/C22H22O4/c1-4-7-17-8-6-9-18(22(17)24)19(23)12-10-16-11-13-20(26-14-5-2)21(15-16)25-3/h4-6,8-13,15,24H,1-2,7,14H2,3H3/b12-10+",350.4,CHEMBL2261252,10.1007/s00044-010-9474-3,Antioxidant activity assessed as DPPH free radical scavenging activity after 30 min by UV-VIS spectrophotometer analysis,4.07058107428571,C=CCOc1ccc(C=CC(=O)c2cccc(CC=C)c2O)cc1OC
1527,"InChI=1S/C12H16FN3O5S/c1-22(20,21)7-2-4-10(8(13)6-7)15-16-11(17)5-3-9(14)12(18)19/h2,4,6,9,15H,3,5,14H2,1H3,(H,16,17)(H,18,19)/t9-/m0/s1",333.3,CHEMBL4215190,10.1016/j.bmcl.2017.11.012,Antioxidant activity assessed as DPPH radical scavenging activity incubated under dark condition for 30 mins by spectrophotometric analysis,4.58231882872796,CS(=O)(=O)c1ccc(NNC(=O)CCC(N)C(=O)O)c(F)c1
1639,"InChI=1S/C16H18N4O2S/c1-11-5-7-13(8-6-11)18-19-16-17-15(10-23-16)12-3-2-4-14(9-12)20(21)22/h2-4,9-11H,5-8H2,1H3,(H,17,19)",330.4,CHEMBL4175062,10.1016/j.ejmech.2017.10.050,Antioxidant activity assessed as DPPH radical scavenging activity after 30 mins,2.92811799269387,CC1CCC(=NNc2nc(-c3cccc([N+](=O)[O-])c3)cs2)CC1
1751,"InChI=1S/C15H14O5/c1-6-15(2,3)10-11(17)7-4-5-8(16)12(18)9(7)13(19)14(10)20-6/h4-6,16,18H,1-3H3/t6-/m0/s1",274.3,CHEMBL463959,10.1021/np049632f,Antioxidant activity assessed as DPPH radical scavenging activity 30 min (manual check),3.90371582175514,CC1OC2=C(C(=O)c3ccc(O)c(O)c3C2=O)C1(C)C
583,"InChI=1S/C21H14FN5OS/c1-12-16-18(25-15-9-7-14(22)8-10-15)23-11-24-21(16)29-17(12)20-27-26-19(28-20)13-5-3-2-4-6-13/h2-11H,1H3,(H,23,24,25)",403.4,CHEMBL2151330,10.1016/j.ejmech.2012.10.007,Antioxidant activity assessed as inhibition of DPPH free radical production after 30 mins by spectrophotometric analysis,4.36894679446745,Cc1c(-c2nnc(-c3ccccc3)o2)sc2ncnc(Nc3ccc(F)cc3)c12
208,"InChI=1S/C19H17NO5S/c1-2-25-19(22)18-15(12-5-3-6-14(9-12)20(23)24)10-13(11-16(18)21)17-7-4-8-26-17/h3-9,11,15,18H,2,10H2,1H3",371.4,CHEMBL3356226,10.1016/j.bmc.2014.10.015,Antioxidant activity assessed as DPPH radical scavenging activity after 30 mins by spectrophotometry,3.24979952392412,CCOC(=O)C1C(=O)C=C(c2cccs2)CC1c1cccc([N+](=O)[O-])c1
1130,"InChI=1S/C19H23NO3/c1-12(2)17-10-19(21)13(3)6-18(17)20-11-14-7-15(22-4)9-16(8-14)23-5/h6-12,21H,1-5H3/b20-11+",313.4,CHEMBL2316811,10.1016/j.bmcl.2012.12.001,Antioxidant activity assessed as DPPH radical scavenging activity in chloroform solution 30 min (manual check),4.11896466374574,COc1cc(C=Nc2cc(C)c(O)cc2C(C)C)cc(OC)c1
1073,"InChI=1S/C20H22O7/c1-10-11(2)18-14(12(3)17(10)23)5-6-20(4,27-18)19(24)26-8-13-7-15(21)16(22)9-25-13/h7,9,22-23H,5-6,8H2,1-4H3",374.4,CHEMBL1928639,10.1016/j.bmcl.2011.09.122,Antioxidant activity assessed as DPPH radical scavenging activity after 30 mins,4.93516778026143,Cc1c(C)c2c(c(C)c1O)CCC(C)(C(=O)OCc1cc(=O)c(O)co1)O2
1293,"InChI=1S/C15H13NO/c17-15-10-4-9-14(12-15)16-11-5-8-13-6-2-1-3-7-13/h1-12,17H/b8-5+,16-11+",223.3,CHEMBL2236148,10.1007/s00044-011-9648-7,Antioxidant activity assessed as inhibition of DPPH free radical 30 min (manual check),3.84369320050593,Oc1cccc(N=CC=Cc2ccccc2)c1
957,"InChI=1S/C28H30O13/c1-37-20-11-16(12-21(38-2)25(20)34)6-9-24(33)41-26-19(31)13-28(36,27(35)39-3)14-22(26)40-23(32)8-5-15-4-7-17(29)18(30)10-15/h4-12,19,22,26,29-31,34,36H,13-14H2,1-3H3/b8-5+,9-6+/t19-,22-,26-,28+/m1/s1",574.5,CHEMBL474262,10.1021/np050447r,Antioxidant activity assessed as DPPH free radical scavenging activity relative to control 30 min (manual check),4.84021194064823,COC(=O)C1(O)CC(O)C(OC(=O)C=Cc2cc(OC)c(O)c(OC)c2)C(OC(=O)C=Cc2ccc(O)c(O)c2)C1
1741,"InChI=1S/C9H12O2/c1-5-4-8(10)7(3)9(11)6(5)2/h4,10-11H,1-3H3",152.2,CHEMBL448432,10.1021/np0704708,Antioxidant activity assessed as DPPH free radical scavenging activity after 30 mins,5.42021640338319,Cc1cc(O)c(C)c(O)c1C
611,"InChI=1S/C21H24O10/c22-9-16-18(27)19(28)20(29)21(31-16)30-15-8-12(24)7-14(26)17(15)13(25)6-3-10-1-4-11(23)5-2-10/h1-2,4-5,7-8,16,18-24,26-29H,3,6,9H2/t16-,18-,19+,20-,21-/m1/s1",436.4,CHEMBL245067,10.1016/j.bmc.2012.11.034,Antioxidant activity assessed as DPPH radical scavenging activity 30 min (manual check),2.82713447008301,O=C(CCc1ccc(O)cc1)c1c(O)cc(O)cc1OC1OC(CO)C(O)C(O)C1O
411,"InChI=1S/C16H17NO2/c1-9(18)7-12-10(2)15(19)8-13-11-5-3-4-6-14(11)17-16(12)13/h3-6,8-9,17-19H,7H2,1-2H3",255.3,CHEMBL3309631,10.1016/j.bmcl.2014.05.050,Antioxidant activity assessed as DPPH radical scavenging capacity after 30 mins by UV spectrophotometry,4.92081875395237,Cc1c(O)cc2c([nH]c3ccccc32)c1CC(C)O
1512,"InChI=1S/C14H11NO3/c16-13-4-2-1-3-12(13)15-9-10-5-7-11(8-6-10)14(17)18/h1-9,16H,(H,17,18)/b15-9+",241.2,CHEMBL4159253,10.1016/j.bmc.2018.08.029,Antioxidant activity assessed as DPPH radical scavenging activity after 30 mins by spectrophotometric method,4.43651891460559,O=C(O)c1ccc(C=Nc2ccccc2O)cc1
2095,"InChI=1S/C29H35N3O2/c1-9-29(7,8)26-22(16-24-28(34)30-19(6)27(33)32-24)25-21(14-11-18(4)5)20(12-10-17(2)3)13-15-23(25)31-26/h9-11,13,15-16,31H,1,6,12,14H2,2-5,7-8H3,(H,30,34)(H,32,33)/b24-16-",457.6,CHEMBL251474,10.1021/np070208z,DPPH radical scavenging activity 30 min (manual check),4.29242982390206,C=CC(C)(C)c1[nH]c2ccc(CC=C(C)C)c(CC=C(C)C)c2c1C=c1[nH]c(=O)c(=C)[nH]c1=O
1459,"InChI=1S/C16H13ClN4O3/c17-13-6-4-12(5-7-13)9-20-10-14(18-19-20)11-24-16-3-1-2-15(8-16)21(22)23/h1-8,10H,9,11H2",344.8,CHEMBL3742177,10.1039/C5MD00057B,Antioxidant activity assessed as DPPH radical scavenging activity after 30 mins by spectrophotometric analysis,3.96585842534399,O=[N+]([O-])c1cccc(OCc2cn(Cc3ccc(Cl)cc3)nn2)c1
1177,"InChI=1S/C26H26N2O8/c1-5-33-25(29)22-15(3)27(18-9-7-8-10-19(18)28(31)32)16(4)23(26(30)34-6-2)24(22)17-11-12-20-21(13-17)36-14-35-20/h7-13,24H,5-6,14H2,1-4H3",494.5,CHEMBL2413656,10.1016/j.ejmech.2013.06.006,Antioxidant activity assessed as DPPH free radical scavenging activity under dark condition after 30 mins,2.7526548632988,CCOC(=O)C1=C(C)N(c2ccccc2[N+](=O)[O-])C(C)=C(C(=O)OCC)C1c1ccc2c(c1)OCO2
1055,"InChI=1S/C18H21NO2/c1-12(2)16-10-18(20)13(3)9-17(16)19-11-14-5-7-15(21-4)8-6-14/h5-12,20H,1-4H3/b19-11+",283.4,CHEMBL2311592,10.1016/j.bmcl.2012.12.001,Antioxidant activity assessed as DPPH radical scavenging activity in chloroform solution 30 min (manual check),4.28193994921136,COc1ccc(C=Nc2cc(C)c(O)cc2C(C)C)cc1
716,"InChI=1S/C12H12N2O3.ClH/c1-17-11(15)7-6-10-13-9-5-3-2-4-8(9)12(16)14-10;/h2-5H,6-7H2,1H3,(H,13,14,16);1H",268.7,CHEMBL3397959,10.1016/j.bmcl.2015.01.010,Antioxidant activity assessed as DPPH scavenging activity after 30 mins by spectrophotometry,0.0644927341752872,COC(=O)CCc1nc2ccccc2c(=O)[nH]1
1711,"InChI=1S/C14H18O10/c1-22-13(21)5-2-6(16)9(17)7(3-5)23-14-12(20)11(19)10(18)8(4-15)24-14/h2-3,8,10-12,14-20H,4H2,1H3/t8-,10-,11+,12-,14-/m1/s1",346.3,CHEMBL520981,10.1021/np020048l,Antioxidant activity assessed as DPPH free radical scavenging activity after 30 mins,4.87669465986789,COC(=O)c1cc(O)c(O)c(OC2OC(CO)C(O)C(O)C2O)c1
278,"InChI=1S/C26H21NO8/c28-17-6-1-14(2-7-17)11-19(26(33)34)27-24(32)10-5-15-3-9-21(30)25-18(15)13-23(35-25)16-4-8-20(29)22(31)12-16/h1-10,12-13,19,28-31H,11H2,(H,27,32)(H,33,34)/b10-5+/t19-/m0/s1",475.5,CHEMBL4086701,10.1016/j.ejmech.2016.08.019,Antioxidant activity assessed as DPPH radical scavenging activity incubated for 30 mins under dark conditions by spectrophotometry,5.1890957193313,O=C(C=Cc1ccc(O)c2oc(-c3ccc(O)c(O)c3)cc12)NC(Cc1ccc(O)cc1)C(=O)O
927,"InChI=1S/C12H18O5/c1-3-17-12(10(15)7-13)8-4-5-9(14)11(6-8)16-2/h4-6,10,12-15H,3,7H2,1-2H3",242.3,CHEMBL224843,10.1021/np0603931,Antioxidant effect assessed as DPPH radical scavenging activity 30 min (manual check),3.87942606879415,CCOC(c1ccc(O)c(OC)c1)C(O)CO
900,"InChI=1S/C15H17N3O3S.2H2O/c19-11-7-6-10(8-12(11)20)14-17-18-15(22-14)16-13(21)9-4-2-1-3-5-9;;/h6-9,19-20H,1-5H2,(H,16,18,21);2*1H2",355.4,CHEMBL4086399,10.1016/j.bmcl.2017.07.003,Antioxidant activity assessed as DPPH radical scavenging activity after 30 mins in absence of light,4.42852409631806,O=C(Nc1nnc(-c2ccc(O)c(O)c2)s1)C1CCCCC1
1864,"InChI=1S/C18H18O5/c1-22-15-6-2-13(3-7-15)10-11-23-18(21)9-5-14-4-8-16(19)17(20)12-14/h2-9,12,19-20H,10-11H2,1H3/b9-5+",314.3,CHEMBL2441915,10.1016/j.bmc.2013.08.057,Antioxidant activity assessed as DPPH radical scavenging activity after 30 mins by spectrophotometry,4.7594507517174,COc1ccc(CCOC(=O)C=Cc2ccc(O)c(O)c2)cc1
364,"InChI=1S/C15H11NO/c17-10-5-6-11-9(7-10)8-13-12-3-1-2-4-14(12)16-15(11)13/h1-7,16-17H,8H2",221.3,CHEMBL593972,10.1016/j.bmc.2009.07.077,Antioxidant activity assessed as DPPH radical scavenging activity 30 min (manual check),4.27791055788189,Oc1ccc2c(c1)Cc1c-2[nH]c2ccccc12
515,"InChI=1S/C28H34N2O11/c1-3-12-14(8-18-21-15(9-19(29-18)25(35)36)13-6-4-5-7-17(13)30-21)16(26(37)38-2)11-39-27(12)41-28-24(34)23(33)22(32)20(10-31)40-28/h3-7,11-12,14,18-20,22-24,27-34H,1,8-10H2,2H3,(H,35,36)/t12?,14?,18-,19?,20+,22+,23-,24+,27-,28-/m0/s1",574.6,CHEMBL502463,10.1021/np049863m,Antioxidant activity assessed as DPPH radical scavenging activity 30 min (manual check),4.3269790928711,C=CC1C(OC2OC(CO)C(O)C(O)C2O)OC=C(C(=O)OC)C1CC1NC(C(=O)O)Cc2c1[nH]c1ccccc21
2027,"InChI=1S/C17H14O4/c18-14(10-8-12-4-1-2-6-15(12)19)11-9-13-5-3-7-16(20)17(13)21/h1-11,19-21H/b10-8+,11-9+",282.3,CHEMBL4550028,10.1016/j.bmcl.2019.06.052,Antioxidant activity assessed as DPPH radical scavenging activity measured after 30 mins,4.00436480540245,O=C(C=Cc1ccccc1O)C=Cc1cccc(O)c1O
1518,"InChI=1S/C18H20N6O/c25-17(22-18-20-14-5-1-2-6-15(14)21-18)13-23-9-11-24(12-10-23)16-7-3-4-8-19-16/h1-8H,9-13H2,(H2,20,21,22,25)",336.4,CHEMBL4213315,10.1016/j.bmc.2017.09.045,Antioxidant activity assessed as DPPH free radical scavenging activity after 30 mins by spectrophotometric analysis,3.68194411321373,O=C(CN1CCN(c2ccccn2)CC1)Nc1nc2ccccc2[nH]1
360,"InChI=1S/C15H10FN/c16-10-5-6-11-9(7-10)8-13-12-3-1-2-4-14(12)17-15(11)13/h1-7,17H,8H2",223.3,CHEMBL593759,10.1016/j.bmc.2009.07.077,Antioxidant activity assessed as DPPH radical scavenging activity 30 min (manual check),3.65227026383921,Fc1ccc2c(c1)Cc1c-2[nH]c2ccccc12
510,"InChI=1S/C21H18N6OS/c28-19(25-26-21(29)23-16-6-2-1-3-7-16)14-27-18-9-5-4-8-17(18)24-20(27)15-10-12-22-13-11-15/h1-13H,14H2,(H,25,28)(H2,23,26,29)",402.5,CHEMBL410139,10.1016/j.bmc.2008.02.077,Antioxidant activity assessed as DPPH free radical scavenging activity after 30 mins,4.88605664769316,O=C(Cn1c(-c2ccncc2)nc2ccccc21)NNC(=S)Nc1ccccc1
775,"InChI=1S/C20H21NO6/c1-21(2)8-3-9-26-13-6-4-12(5-7-13)16-10-14(22)18-17(27-16)11-15(23)19(24)20(18)25/h4-7,10-11,23-25H,3,8-9H2,1-2H3",371.4,CHEMBL3634654,10.1016/j.bmc.2015.09.047,Antioxidant activity assessed as DPPH radical scavenging by spectrophotometric analysis 30 min (manual check),3.63620005452089,CN(C)CCCOc1ccc(-c2cc(=O)c3c(O)c(O)c(O)cc3o2)cc1
440,"InChI=1S/C20H18O4/c21-17-10-9-13(12-18(17)22)11-15-7-4-8-16(20(15)24)19(23)14-5-2-1-3-6-14/h1-3,5-6,9-12,21-22,24H,4,7-8H2/b15-11+",322.4,CHEMBL3601736,10.1016/j.bmcl.2015.05.056,Antioxidant activity assessed as DPPH radical scavenging activity incubated for 30 mins under dark conditions,4.93930215964639,O=C(C1=C(O)C(=Cc2ccc(O)c(O)c2)CCC1)c1ccccc1
676,"InChI=1S/C15H14O7/c16-7-3-9(17)8-5-12(20)15(22-13(8)4-7)6-1-10(18)14(21)11(19)2-6/h1-4,12,15-21H,5H2/t12-,15-/m1/s1",306.3,CHEMBL47386,10.1021/acs.jnatprod.6b00720,Antioxidant activity assessed as DPPH radical scavenging activity incubated for 30 mins,4.60662107684859,Oc1cc(O)c2c(c1)OC(c1cc(O)c(O)c(O)c1)C(O)C2
1018,"InChI=1S/C18H19Br2NO2/c1-10-5-16(22)12(18(2,3)4)8-15(10)21-9-11-6-13(19)17(23)14(20)7-11/h5-9,22-23H,1-4H3/b21-9+",441.2,CHEMBL2316864,10.1016/j.bmcl.2012.12.001,Antioxidant activity assessed as DPPH radical scavenging activity in chloroform solution 30 min (manual check),4.69117317534917,Cc1cc(O)c(C(C)(C)C)cc1N=Cc1cc(Br)c(O)c(Br)c1
210,"InChI=1S/C20H17N3O4/c1-27-16-7-5-12(6-8-16)14-10-17(19-18(11-14)21-22-20(19)24)13-3-2-4-15(9-13)23(25)26/h2-9,11,17,19H,10H2,1H3,(H,22,24)",363.4,CHEMBL3356228,10.1016/j.bmc.2014.10.015,Antioxidant activity assessed as DPPH radical scavenging activity after 30 mins by spectrophotometry,3.62216550515927,COc1ccc(C2=CC3=NNC(=O)C3C(c3cccc([N+](=O)[O-])c3)C2)cc1
1845,"InChI=1S/C27H27N3O5S/c1-2-35-26(34)21(29-30-27(36)28-16-9-4-3-5-10-16)15-22(31)19-13-8-14-20-23(19)25(33)18-12-7-6-11-17(18)24(20)32/h6-8,11-14,16H,2-5,9-10,15H2,1H3,(H2,28,30,36)/b29-21-",505.6,CHEMBL2393471,10.1016/j.ejmech.2013.03.071,Antioxidant activity assessed as DPPH radical scavenging activity after 30 mins by spectrophotometric analysis,4.7851561519523,CCOC(=O)C(CC(=O)c1cccc2c1C(=O)c1ccccc1C2=O)=NNC(=S)NC1CCCCC1
736,"InChI=1S/C20H20N4O5/c1-29-16-10-12(9-15(25)19(16)27)11-21-24-18(26)8-4-7-17-22-14-6-3-2-5-13(14)20(28)23-17/h2-3,5-6,9-11,25,27H,4,7-8H2,1H3,(H,24,26)(H,22,23,28)/b21-11+",396.4,CHEMBL3397977,10.1016/j.bmcl.2015.01.010,Antioxidant activity assessed as DPPH scavenging activity after 30 mins by spectrophotometry,1.05551732784983,COc1cc(C=NNC(=O)CCCc2nc3ccccc3c(=O)[nH]2)cc(O)c1O
863,"InChI=1S/C24H19NO6/c1-30-17-7-5-16(6-8-17)25-23(29)11-4-14-2-10-20(27)24-18(14)13-22(31-24)15-3-9-19(26)21(28)12-15/h2-13,26-28H,1H3,(H,25,29)/b11-4+",417.4,CHEMBL4289306,10.1016/j.ejmech.2018.01.096,Antioxidant activity assessed as DPPH radical scavenging activity after 30 mins by spectrophotometric analysis,5.1791420105603,COc1ccc(NC(=O)C=Cc2ccc(O)c3oc(-c4ccc(O)c(O)c4)cc23)cc1
1318,"InChI=1S/C28H38O13/c1-36-16-7-13(8-17(37-2)22(16)31)20-15(11-40-28-26(35)25(34)23(32)19(10-30)41-28)14(9-29)5-12-6-18(38-3)24(33)27(39-4)21(12)20/h6-8,14-15,19-20,23,25-26,28-35H,5,9-11H2,1-4H3/t14-,15-,19-,20+,23-,25+,26-,28-/m1/s1",582.6,CHEMBL2332109,10.1007/s00044-009-9190-z,Antioxidant activity assessed as inhibition of DPPH radical formation measured at 30 min relative to trolox,3.36552376757873,COc1cc(C2c3c(cc(OC)c(O)c3OC)CC(CO)C2COC2OC(CO)C(O)C(O)C2O)cc(OC)c1O
1810,"InChI=1S/C16H13FN2S2/c1-21-13-8-4-11(5-9-13)15-14(18-16(20)19-15)10-2-6-12(17)7-3-10/h2-9H,1H3,(H2,18,19,20)",316.4,CHEMBL2207970,10.1016/j.bmc.2012.09.050,Antioxidant activity of compound assessed as DPPH radical scavenging activity by colorimetric method 30 min (manual check),4.30980391997149,CSc1ccc(-c2[nH]c(=S)[nH]c2-c2ccc(F)cc2)cc1
1969,"InChI=1S/C13H18O3/c1-4-5-8-16-13-9-11(15-3)6-7-12(13)10(2)14/h6-7,9H,4-5,8H2,1-3H3",222.3,CHEMBL3964738,10.1016/j.bmcl.2016.09.060,Antioxidant activity assessed as DPPH radical scavenging activity incubated for 30 mins in dark,1.36351210364663,CCCCOc1cc(OC)ccc1C(C)=O
346,"InChI=1S/C6H11N3OS/c1-2-5-8-9(3-4-10)6(7)11-5/h7,10H,2-4H2,1H3",173.2,CHEMBL568560,10.1016/j.bmc.2009.05.039,Antioxidant activity assessed as DPPH free radical scavenging activity by UV spectroscopic method 30 min (manual check),2.61978875828839,CCc1nn(CCO)c(=N)s1
936,"InChI=1S/C20H26O6/c1-19(2)4-3-5-20-14(19)7-13(26-18(20)25)12-6-11(10(8-21)9-22)16(23)17(24)15(12)20/h6,10,13-14,21-24H,3-5,7-9H2,1-2H3/t13?,14-,20+/m0/s1",362.4,CHEMBL483017,10.1021/np020189n,Antioxidant activity assessed as DPPH free radical scavenging activity after 30 mins,4.18045606445813,CC1(C)CCCC23C(=O)OC(CC12)c1cc(C(CO)CO)c(O)c(O)c13
541,"InChI=1S/C19H22O6/c1-24-17-11-13(3-2-10-20)4-9-16(17)25-18(12-21)19(23)14-5-7-15(22)8-6-14/h2-9,11,18-23H,10,12H2,1H3/b3-2+/t18-,19-/m1/s1",346.4,CHEMBL552045,10.1021/np800488p,Antioxidant activity assessed as DPPH radical scavenging activity after 30 mins by spectrophotometry,3.71582966196496,COc1cc(C=CCO)ccc1OC(CO)C(O)c1ccc(O)cc1
1428,"InChI=1S/C19H19NO4/c1-11-5-4-6-13(7-11)20-19(22)15-8-12-9-16(23-2)17(24-3)10-14(12)18(15)21/h4-7,9-10,15H,8H2,1-3H3,(H,20,22)",325.4,CHEMBL3633482,10.1016/j.bmcl.2015.10.051,Antioxidant activity assessed as DPPH scavenging activity at 10 to 60 ug/ml after 30 mins,3.76554992075041,COc1cc2c(cc1OC)C(=O)C(C(=O)Nc1cccc(C)c1)C2
1903,"InChI=1S/C16H16O4S/c17-15-7-6-14(12-16(15)18)9-11-21(19,20)10-8-13-4-2-1-3-5-13/h1-7,9,11-12,17-18H,8,10H2/b11-9+",304.4,CHEMBL3259965,10.1021/jm500258v,Antioxidant activity assessed as DPPH free radical scavenging effect after 30 mins by spectrophotometric analysis,4.97881070093006,O=S(=O)(C=Cc1ccc(O)c(O)c1)CCc1ccccc1
447,"InChI=1S/C26H19NO4/c28-22(24-25(29)18-11-5-7-13-23(18)31-26(24)30)14-19(16-8-2-1-3-9-16)20-15-27-21-12-6-4-10-17(20)21/h1-13,15,19,27,29H,14H2",409.4,CHEMBL3754238,10.1016/j.bmcl.2015.12.085,Antioxidant activity of the compound assessed as DPPH radical scavenging after 30 mins by spectrophotometric analysis,4.51872615316425,O=C(CC(c1ccccc1)c1c[nH]c2ccccc12)c1c(O)c2ccccc2oc1=O
1906,"InChI=1S/C15H13ClO4S/c16-13-4-1-12(2-5-13)10-21(19,20)8-7-11-3-6-14(17)15(18)9-11/h1-9,17-18H,10H2/b8-7+",324.8,CHEMBL3259968,10.1021/jm500258v,Antioxidant activity assessed as DPPH free radical scavenging effect after 30 mins by spectrophotometric analysis,5.05551732784983,O=S(=O)(C=Cc1ccc(O)c(O)c1)Cc1ccc(Cl)cc1
128,"InChI=1S/C17H14FN3O3S/c18-12-2-4-13(5-3-12)19-10-21-17(25)24-16(20-21)11-1-6-14-15(9-11)23-8-7-22-14/h1-6,9,19H,7-8,10H2",359.4,CHEMBL2435560,10.1016/j.bmc.2013.08.002,Antioxidant activity assessed as DPPH free radical scavenging activity after 30 mins by spectrophotometric analysis,4.53357727756621,Fc1ccc(NCn2nc(-c3ccc4c(c3)OCCO4)oc2=S)cc1
153,"InChI=1S/C19H16N2OS/c1-13-18(16-12-23-17-11-7-6-10-15(16)17)19(22-2)21(20-13)14-8-4-3-5-9-14/h3-12H,1-2H3",320.4,CHEMBL3793624,10.1016/j.bmcl.2016.03.024,Antioxidant activity assessed as DPPH free radical scavenging activity incubated for 30 mins in dark condition by spectrophotometric method,3.80094160312153,COc1c(-c2csc3ccccc23)c(C)nn1-c1ccccc1
1245,"InChI=1S/C35H42N2O2/c1-6-19-36-29-15-13-27-31-25(29)9-7-10-26(31)32(38)37(33(27)39)21-34(4)17-8-18-35(5)28-14-11-23(22(2)3)20-24(28)12-16-30(34)35/h7,9-11,13-15,20,22,30,36H,6,8,12,16-19,21H2,1-5H3/t30?,34-,35-/m1/s1",522.7,CHEMBL2234760,10.1007/s00044-010-9384-4,Antioxidant activity assessed as DPPH radical scavenging activity 30 min (manual check),3.6779875614176,CCCNc1ccc2c3c(cccc13)C(=O)N(CC1(C)CCCC3(C)c4ccc(C(C)C)cc4CCC13)C2=O
1421,"InChI=1S/C19H19NO4/c1-11-4-6-13(7-5-11)20-19(22)15-8-12-9-16(23-2)17(24-3)10-14(12)18(15)21/h4-7,9-10,15H,8H2,1-3H3,(H,20,22)",325.4,CHEMBL3633475,10.1016/j.bmcl.2015.10.051,Antioxidant activity assessed as DPPH scavenging activity at 10 to 60 ug/ml after 30 mins,3.68105976315877,COc1cc2c(cc1OC)C(=O)C(C(=O)Nc1ccc(C)cc1)C2
424,"InChI=1S/C12H12O5/c1-15-9-4-3-7(5-10(9)16-2)11-8(13)6-17-12(11)14/h3-5,13H,6H2,1-2H3",236.2,CHEMBL3601618,10.1016/j.bmc.2015.05.026,Antioxidant activity assessed as DPPH radical scavenging activity incubated for 30 mins,4.6903698325741,COc1ccc(C2=C(O)COC2=O)cc1OC
1737,"InChI=1S/C21H28O6/c1-26-20-11-14(5-9-18(20)24)3-7-16(22)13-17(23)8-4-15-6-10-19(25)21(12-15)27-2/h5-6,9-12,16-17,22-25H,3-4,7-8,13H2,1-2H3/t16-,17+",376.4,CHEMBL463199,10.1021/np0603119,Antioxidant activity assessed as DPPH free radical scavenging activity after 30 mins by multilabel counter,4.62289374184206,COc1cc(CCC(O)CC(O)CCc2ccc(O)c(OC)c2)ccc1O
797,"InChI=1S/C13H13NO3/c15-11-4-2-1-3-10(11)14-8-9-5-6-12(16)13(17)7-9/h1-7,14-17H,8H2",231.3,CHEMBL3819497,10.1016/j.bmc.2016.06.012,Antioxidant activity assessed as DPPH free radical scavenging activity after 30 mins by spectrophotometry,5.51570016065321,Oc1ccc(CNc2ccccc2O)cc1O
1092,"InChI=1S/C42H32O9/c43-28-10-5-22(6-11-28)4-7-24-14-33(48)21-36-38(24)39(41(50-36)25-2-1-3-30(45)15-25)27-18-34-37(26-16-31(46)20-32(47)17-26)40(51-42(34)35(49)19-27)23-8-12-29(44)13-9-23/h1-21,37,39-41,43-49H/b7-4+/t37-,39+,40+,41-/m1/s1",680.7,CHEMBL1082599,10.1016/j.bmcl.2011.12.012,Antioxidant activity assessed as DPPH free radical scavenging activity after 30 mins by microplate reader assay,3.75671385391655,Oc1ccc(C=Cc2cc(O)cc3c2C(c2cc(O)c4c(c2)C(c2cc(O)cc(O)c2)C(c2ccc(O)cc2)O4)C(c2cccc(O)c2)O3)cc1
909,"InChI=1S/C19H21N3O3S/c23-14-3-1-2-13(15(14)24)16-21-22-18(26-16)20-17(25)19-7-10-4-11(8-19)6-12(5-10)9-19/h1-3,10-12,23-24H,4-9H2,(H,20,22,25)",371.5,CHEMBL4082886,10.1016/j.bmcl.2017.07.003,Antioxidant activity assessed as DPPH radical scavenging activity after 30 mins in absence of light,4.84740592207253,O=C(Nc1nnc(-c2cccc(O)c2O)s1)C12CC3CC(CC(C3)C1)C2
240,"InChI=1S/C24H18Cl2F2N2O3/c1-13-3-4-14(9-19(13)27)21-12-24(32,17-7-6-16(25)11-18(17)26)30(29-21)23(31)15-5-8-22(33-2)20(28)10-15/h3-11,32H,12H2,1-2H3",491.3,CHEMBL3741115,10.1016/j.ejmech.2015.09.029,Antioxidant activity assessed as DPPH free radical scavenging activity after 30 mins by spectrophotometric assay,4.39975593847682,COc1ccc(C(=O)N2N=C(c3ccc(C)c(F)c3)CC2(O)c2ccc(Cl)cc2Cl)cc1F
1012,"InChI=1S/C21H20O11/c22-7-16-18(27)19(28)20(29)21(32-16)30-9-4-12(25)17-13(26)6-14(31-15(17)5-9)8-1-2-10(23)11(24)3-8/h1-6,16,18-25,27-29H,7H2/t16-,18-,19+,20-,21?/m0/s1",448.4,CHEMBL574683,10.1016/j.bmcl.2009.09.062,Antioxidant activity assessed as DPPH radical scavenging activity after 30 mins,4.76245626185713,O=c1cc(-c2ccc(O)c(O)c2)oc2cc(OC3OC(CO)C(O)C(O)C3O)cc(O)c12
168,"InChI=1S/C7H9NO2/c1-10-7-4-5(8)2-3-6(7)9/h2-4,9H,8H2,1H3",139.2,CHEMBL4294643,10.1016/j.ejmech.2018.09.009,Antioxidant activity assessed as DPPH free radical scavenging activity incubated for 5 to 30 mins in dark condition followed by incubated in room temperature for 24 hrs by UV-vis method,4.86488563432171,COc1cc(N)ccc1O
1849,"InChI=1S/C17H19NO4S/c1-18(11-9-14-5-3-2-4-6-14)23(21,22)12-10-15-7-8-16(19)17(20)13-15/h2-8,10,12-13,19-20H,9,11H2,1H3/b12-10+",333.4,CHEMBL2414573,10.1016/j.bmc.2013.05.043,Antioxidant activity assessed as DPPH radical scavenging activity after 30 mins,5.16749108729376,CN(CCc1ccccc1)S(=O)(=O)C=Cc1ccc(O)c(O)c1
2019,"InChI=1S/C19H16O5/c20-15-9-10-19(24)14(11-15)6-8-17(22)12-16(21)7-5-13-3-1-2-4-18(13)23/h1-11,20,23-24H,12H2/b7-5+,8-6+",324.3,CHEMBL4460553,10.1016/j.bmcl.2019.06.052,Antioxidant activity assessed as DPPH radical scavenging activity measured after 30 mins,4.31875876262441,O=C(C=Cc1ccccc1O)CC(=O)C=Cc1cc(O)ccc1O
1164,"InChI=1S/C27H32O10/c1-13(2)4-9-16-19(36-27-25(33)24(32)23(31)21(12-28)37-27)11-20(34-3)22-17(30)10-18(35-26(16)22)14-5-7-15(29)8-6-14/h4-8,11,18,21,23-25,27-29,31-33H,9-10,12H2,1-3H3/t18-,21+,23+,24-,25+,27+/m0/s1",516.5,CHEMBL2346982,10.1016/j.bmcl.2013.02.031,Antioxidant activity assessed as DPPH radical scavenging activity by by UV-vis spectrophotometry analysis 30 min (manual check),5.21253952548158,COc1cc(OC2OC(CO)C(O)C(O)C2O)c(CC=C(C)C)c2c1C(=O)CC(c1ccc(O)cc1)O2
1697,"InChI=1S/C24H23NO5/c1-25(15-16-7-9-17(26)10-8-16)11-4-12-29-18-13-20(27)23-22(14-18)30-21-6-3-2-5-19(21)24(23)28/h2-3,5-10,13-14,26-27H,4,11-12,15H2,1H3",405.5,CHEMBL4744250,10.1016/j.ejmech.2021.113154,Antioxidant activity assessed as DPPH radical scavenging activity incubated for 30 mins under dark condition,3.26368319209589,CN(CCCOc1cc(O)c2c(=O)c3ccccc3oc2c1)Cc1ccc(O)cc1
2130,"InChI=1S/C19H14O6/c1-24-16-10-11(6-8-13(16)20)7-9-14(21)17-18(22)12-4-2-3-5-15(12)25-19(17)23/h2-10,20,22H,1H3/b9-7+",338.3,CHEMBL242326,10.1016/j.bmc.2007.03.077,DPPH radical scavenging activity 30 min (manual check),4.27984069659404,COc1cc(C=CC(=O)c2c(O)c3ccccc3oc2=O)ccc1O
1307,"InChI=1S/C21H22O5/c1-13(2)4-10-16-18(24)12-19(26-3)20(21(16)25)17(23)11-7-14-5-8-15(22)9-6-14/h4-9,11-12,22,24-25H,10H2,1-3H3/b11-7+",354.4,CHEMBL253896,10.1016/j.bmc.2013.01.026,Antioxidant activity assessed as concentration required for 50 % inhibition of micoM DPPH activity after 30 mins by UV-vis spectrophotometry,5.70333480973847,COc1cc(O)c(CC=C(C)C)c(O)c1C(=O)C=Cc1ccc(O)cc1
828,"InChI=1S/C30H20O12/c31-13-6-17(34)27-20(37)9-24(41-25(27)7-13)12-3-14(29(40)22(39)5-12)26-18(35)8-19(36)28-21(38)10-23(42-30(26)28)11-1-2-15(32)16(33)4-11/h1-8,10,24,31-36,39-40H,9H2",572.5,CHEMBL4202921,10.1021/acs.jnatprod.7b00085,Antioxidant activity assessed as DPPH radical scavenging activity after 30 mins under dark condition,3.89346914617762,O=C1CC(c2cc(O)c(O)c(-c3c(O)cc(O)c4c(=O)cc(-c5ccc(O)c(O)c5)oc34)c2)Oc2cc(O)cc(O)c21
1839,"InChI=1S/C17H13ClN4OS/c1-23-14-4-2-3-11(9-14)10-15-19-20-17-22(15)21-16(24-17)12-5-7-13(18)8-6-12/h2-9H,10H2,1H3",356.8,CHEMBL2377879,10.1016/j.ejmech.2013.01.060,Antioxidant activity of the compound assessed as DPPH radical scavenging activity after 30 mins by spectrophotometry,5.04383156952464,COc1cccc(Cc2nnc3sc(-c4ccc(Cl)cc4)nn23)c1
902,"InChI=1S/C16H13N3O3S/c20-12-7-6-11(9-13(12)21)15-18-19-16(23-15)17-14(22)8-10-4-2-1-3-5-10/h1-7,9,20-21H,8H2,(H,17,19,22)",327.4,CHEMBL4076268,10.1016/j.bmcl.2017.07.003,Antioxidant activity assessed as DPPH radical scavenging activity after 30 mins in absence of light,4.67182433856168,O=C(Cc1ccccc1)Nc1nnc(-c2ccc(O)c(O)c2)s1
897,"InChI=1S/C14H10F3N7S2/c15-14(16,17)8-1-3-9(4-2-8)20-12(25)23-24-11(21-22-13(24)26)10-7-18-5-6-19-10/h1-7H,(H,22,26)(H2,20,23,25)",397.4,CHEMBL4086729,10.1016/j.bmcl.2017.06.053,Antioxidant activity assessed as DPPH free radical scavenging activity after 30 mins,4.23062267392386,FC(F)(F)c1ccc(NC(=S)Nn2c(S)nnc2-c2cnccn2)cc1
12,"InChI=1S/C20H21N3O3/c1-14-19(20(24)23(22(14)2)16-8-6-5-7-9-16)21-13-15-10-11-17(25-3)12-18(15)26-4/h5-13H,1-4H3/b21-13+",351.4,CHEMBL2088277,10.1016/j.bmc.2012.04.058,Antioxidant activity assessed as DPPH free radical scavenging activity incubated for 30 mins,4.83773438570198,COc1ccc(C=Nc2c(C)n(C)n(-c3ccccc3)c2=O)c(OC)c1
1818,"InChI=1S/C15H10Cl2N2S/c16-11-5-1-9(2-6-11)13-14(19-15(20)18-13)10-3-7-12(17)8-4-10/h1-8H,(H2,18,19,20)",321.2,CHEMBL2207975,10.1016/j.bmc.2012.09.050,Antioxidant activity of compound assessed as DPPH radical scavenging activity by colorimetric method 30 min (manual check),3.96899571863646,S=c1[nH]c(-c2ccc(Cl)cc2)c(-c2ccc(Cl)cc2)[nH]1
1971,"InChI=1S/C17H26O3/c1-4-5-6-7-8-9-12-20-17-13-15(19-3)10-11-16(17)14(2)18/h10-11,13H,4-9,12H2,1-3H3",278.4,CHEMBL3913194,10.1016/j.bmcl.2016.09.060,Antioxidant activity assessed as DPPH radical scavenging activity incubated for 30 mins in dark,1.39794000867204,CCCCCCCCOc1cc(OC)ccc1C(C)=O
331,"InChI=1S/C26H32O12/c1-33-17-7-12(3-5-15(17)28)23-14-10-35-24(13-4-6-16(29)18(8-13)34-2)26(14,11-36-23)38-25-22(32)21(31)20(30)19(9-27)37-25/h3-8,14,19-25,27-32H,9-11H2,1-2H3/t14-,19-,20-,21+,22-,23-,24-,25+,26-/m1/s1",536.5,CHEMBL517863,10.1021/np0100845,Antioxidant activity assessed as DPPH free radical scavenging activity after 30 mins,4.69250396208679,COc1cc(C2OCC3(OC4OC(CO)C(O)C(O)C4O)C(c4ccc(O)c(OC)c4)OCC23)ccc1O
341,"InChI=1S/C9H10N2S2/c12-6-5-10-9-11-7-3-1-2-4-8(7)13-9/h1-4,12H,5-6H2,(H,10,11)",210.3,CHEMBL567806,10.1016/j.bmc.2009.05.039,Antioxidant activity assessed as DPPH free radical scavenging activity by UV spectroscopic method 30 min (manual check),2.85698519974591,SCCNc1nc2ccccc2s1
871,"InChI=1S/C23H19NO6/c25-16-6-4-15(5-7-16)24-22(29)10-3-13-1-9-19(27)23-17(13)12-21(30-23)14-2-8-18(26)20(28)11-14/h1-2,4-9,11-12,25-28H,3,10H2,(H,24,29)",405.4,CHEMBL4294196,10.1016/j.ejmech.2018.01.096,Antioxidant activity assessed as DPPH radical scavenging activity after 30 mins by spectrophotometric analysis,5.1791420105603,O=C(CCc1ccc(O)c2oc(-c3ccc(O)c(O)c3)cc12)Nc1ccc(O)cc1
741,"InChI=1S/C24H22O12/c25-14-6-12(7-15(26)19(14)28)23(32)33-10-17-20(29)21(30)22(31)24(36-17)34-13-8-16(35-18(27)9-13)11-4-2-1-3-5-11/h1-9,17,20-22,24-26,28-31H,10H2/t17-,20-,21+,22-,24-/m1/s1",502.4,CHEMBL3402210,10.1016/j.bmcl.2015.03.058,Antioxidant activity assessed as DPPH radical scavenging activity after 30 mins by microplate reader based assay,4.5847740431486,O=C(OCC1OC(Oc2cc(-c3ccccc3)oc(=O)c2)C(O)C(O)C1O)c1cc(O)c(O)c(O)c1
2097,"InChI=1S/C24H31N3O2/c1-7-24(5,6)21-18(13-20-23(29)25-15(4)22(28)27-20)17-12-16(9-8-14(2)3)10-11-19(17)26-21/h7-8,10-12,15,20,26H,1,9,13H2,2-6H3,(H,25,29)(H,27,28)/t15-,20-/m0/s1",393.5,CHEMBL400852,10.1021/np070208z,DPPH radical scavenging activity 30 min (manual check),3.04000516167158,C=CC(C)(C)c1[nH]c2ccc(CC=C(C)C)cc2c1CC1NC(=O)C(C)NC1=O
899,"InChI=1S/C10H9N3O3S.H2O/c1-5(14)11-10-13-12-9(17-10)6-2-3-7(15)8(16)4-6;/h2-4,15-16H,1H3,(H,11,13,14);1H2",269.3,CHEMBL4080989,10.1016/j.bmcl.2017.07.003,Antioxidant activity assessed as DPPH radical scavenging activity after 30 mins in absence of light,4.63152716155964,CC(=O)Nc1nnc(-c2ccc(O)c(O)c2)s1
156,"InChI=1S/C15H14N2OS/c1-11-14(12-8-9-19-10-12)15(18-2)17(16-11)13-6-4-3-5-7-13/h3-10H,1-2H3",270.4,CHEMBL3794496,10.1016/j.bmcl.2016.03.024,Antioxidant activity assessed as DPPH free radical scavenging activity incubated for 30 mins in dark condition by spectrophotometric method,3.95372885534999,COc1c(-c2ccsc2)c(C)nn1-c1ccccc1
1590,"InChI=1S/C24H17N3O4S/c28-19(16-4-2-1-3-5-16)12-8-15-6-9-17(10-7-15)22(31)25-24-27-26-23(32-24)18-11-13-20(29)21(30)14-18/h1-14,29-30H,(H,25,27,31)/b12-8+",443.5,CHEMBL4282928,10.1039/C8MD00316E,Antioxidant activity assessed as DPPH free radical scavenging activity after 30 mins,4.91973437266016,O=C(C=Cc1ccc(C(=O)Nc2nnc(-c3ccc(O)c(O)c3)s2)cc1)c1ccccc1
375,"InChI=1S/C18H14O3S/c1-11-6-8-12(9-7-11)16(19)14-10-13-4-3-5-15(20-2)17(13)21-18(14)22/h3-10H,1-2H3",310.4,CHEMBL1165208,10.1016/j.ejmech.2010.01.070,Antioxidant activity assessed as DPPH radical scavenging activity 30 min (manual check),3.12324441717336,COc1cccc2cc(C(=O)c3ccc(C)cc3)c(=S)oc12
1202,"InChI=1S/C28H24O7/c1-31-25-13-19(14-26(32-2)27(25)33-3)9-11-23(29)22-16-20-15-21(10-12-24(20)35-28(22)30)34-17-18-7-5-4-6-8-18/h4-16H,17H2,1-3H3/b11-9+",472.5,CHEMBL2425228,10.1016/j.ejmech.2013.07.014,Antioxidant activity assessed as DPPH free radical scavenging activity after 30 mins,2.93930215964639,COc1cc(C=CC(=O)c2cc3cc(OCc4ccccc4)ccc3oc2=O)cc(OC)c1OC
1546,"InChI=1S/C27H24FNO3/c1-3-4-5-25-26(27(30)19-8-13-22(31-2)14-9-19)23-16-21(12-15-24(23)32-25)29-17-18-6-10-20(28)11-7-18/h6-17H,3-5H2,1-2H3/b29-17+",429.5,CHEMBL4206446,10.1016/j.bmcl.2017.12.013,Antioxidant activity assessed as DPPH radical scavenging activity after 20 to 30 mins,3.63166223514684,CCCCc1oc2ccc(N=Cc3ccc(F)cc3)cc2c1C(=O)c1ccc(OC)cc1
2069,"InChI=1S/C17H12ClFN2O2/c18-12-4-1-10(2-5-12)16-20-21-17(23-16)15-7-3-11-9-13(19)6-8-14(11)22-15/h1-2,4-6,8-9,15H,3,7H2",330.7,CHEMBL4634183,10.1016/j.bmcl.2020.127136,Antioxidant activity assessed as DPPH radical scavenging activity 30 min (manual check),4.76573587562121,Fc1ccc2c(c1)CCC(c1nnc(-c3ccc(Cl)cc3)o1)O2
1993,"InChI=1S/C23H15FN4O3/c1-31-19-8-4-5-13(21(19)29)12-25-27-20-16-11-14(24)9-10-18(16)28-22(20)26-17-7-3-2-6-15(17)23(28)30/h2-12,29H,1H3/b25-12+,27-20-",414.4,CHEMBL4105478,10.1016/j.bmcl.2017.08.064,Antioxidant activity assessed as DPPH radical scavenging activity incubated for 30 mins under dark condition by UV-vis spectrophotometric method,4.6763354643919,COc1cccc(C=NN=C2c3cc(F)ccc3-n3c2nc2ccccc2c3=O)c1O
1026,"InChI=1S/C43H46O20/c1-23(46)58-40-38(54)39(60-35(51)16-8-24-4-11-27(47)12-5-24)32(20-44)59-42(40)63-43(22-45)41(61-36(52)17-10-26-7-14-29(49)31(19-26)56-3)37(53)33(62-43)21-57-34(50)15-9-25-6-13-28(48)30(18-25)55-2/h4-19,32-33,37-42,44-45,47-49,53-54H,20-22H2,1-3H3/b15-9+,16-8+,17-10+/t32-,33-,37-,38+,39-,40-,41+,42-,43+/m1/s1",882.8,CHEMBL1224881,10.1021/np100181c,Antioxidant activity assessed as DPPH radical scavenging activity after 30 mins by ELISA reader,4.16494389827988,COc1cc(C=CC(=O)OCC2OC(CO)(OC3OC(CO)C(OC(=O)C=Cc4ccc(O)cc4)C(O)C3OC(C)=O)C(OC(=O)C=Cc3ccc(O)c(OC)c3)C2O)ccc1O
1478,"InChI=1S/C21H22O5/c1-2-3-4-8-11-25-18-13-17-19(21(24)20(18)23)15(22)12-16(26-17)14-9-6-5-7-10-14/h5-7,9-10,12-13,23-24H,2-4,8,11H2,1H3",354.4,CHEMBL3752049,10.1039/C5MD00163C,Antioxidant activity assessed as DPPH radical scavenging activity after 30 mins by ELISA reader analysis,4.6272720591144,CCCCCCOc1cc2oc(-c3ccccc3)cc(=O)c2c(O)c1O
812,"InChI=1S/C27H32O10/c1-34-22-10-15(4-7-19(22)30)18(13-28)26(32)16-6-9-21(24(12-16)36-3)37-25(14-29)27(33)17-5-8-20(31)23(11-17)35-2/h4-12,18,25-33H,13-14H2,1-3H3/t18-,25+,26+,27-/m0/s1",516.5,CHEMBL3920281,10.1016/j.bmcl.2016.10.012,Antioxidant activity assessed as DPPH radical scavenging activity incubated in dark for 30 mins,4.16367588429325,COc1cc(C(O)C(CO)Oc2ccc(C(O)C(CO)c3ccc(O)c(OC)c3)cc2OC)ccc1O
2094,"InChI=1S/C29H35N3O2/c1-9-29(7,8)26-23(16-24-28(34)30-19(6)27(33)31-24)22-15-20(12-10-17(2)3)14-21(25(22)32-26)13-11-18(4)5/h9-11,14-16,32H,1,6,12-13H2,2-5,7-8H3,(H,30,34)(H,31,33)/b24-16-",457.6,CHEMBL251475,10.1021/np070208z,DPPH radical scavenging activity 30 min (manual check),4.36653154442041,C=CC(C)(C)c1[nH]c2c(CC=C(C)C)cc(CC=C(C)C)cc2c1C=c1[nH]c(=O)c(=C)[nH]c1=O
1447,"InChI=1S/C17H16N4O3/c1-13-2-8-17(9-3-13)24-12-15-11-20(19-18-15)10-14-4-6-16(7-5-14)21(22)23/h2-9,11H,10,12H2,1H3",324.3,CHEMBL3740738,10.1039/C5MD00057B,Antioxidant activity assessed as DPPH radical scavenging activity after 30 mins by spectrophotometric analysis,4.47352045073235,Cc1ccc(OCc2cn(Cc3ccc([N+](=O)[O-])cc3)nn2)cc1
186,"InChI=1S/C18H22O4/c1-4-13(12-9-10-15(19)17(11-12)21-3)14-7-6-8-16(18(14)20)22-5-2/h6-11,13,19-20H,4-5H2,1-3H3",302.4,CHEMBL1831285,10.1016/j.ejmech.2011.07.041,Antioxidant activity assessed as residual DPPH radical scavenging activity after 30 mins by spectrophotometric analysis,5.20830935097988,CCOc1cccc(C(CC)c2ccc(O)c(OC)c2)c1O
1544,"InChI=1S/C27H25NO3/c1-3-4-10-25-26(27(29)20-11-14-22(30-2)15-12-20)23-17-21(13-16-24(23)31-25)28-18-19-8-6-5-7-9-19/h5-9,11-18H,3-4,10H2,1-2H3/b28-18+",411.5,CHEMBL4205464,10.1016/j.bmcl.2017.12.013,Antioxidant activity assessed as DPPH radical scavenging activity after 20 to 30 mins,4.07983608354317,CCCCc1oc2ccc(N=Cc3ccccc3)cc2c1C(=O)c1ccc(OC)cc1
749,"InChI=1S/C32H41N3O3/c1-20-21(2)30-23(22(3)29(20)36)16-17-32(4,38-30)31(37)34-19-11-5-10-18-33-28-24-12-6-8-14-26(24)35-27-15-9-7-13-25(27)28/h6,8,12,14,36H,5,7,9-11,13,15-19H2,1-4H3,(H,33,35)(H,34,37)",515.7,CHEMBL3410953,10.1016/j.ejmech.2015.01.058,Antioxidant activity assessed as DPPH scavenging activity after 30 mins by spectrophotometry,7.39040559077478,Cc1c(C)c2c(c(C)c1O)CCC(C)(C(=O)NCCCCCNc1c3c(nc4ccccc14)CCCC3)O2
599,"InChI=1S/C42H50O12/c1-2-3-4-5-6-7-8-9-10-11-12-13-14-15-16-17-18-19-20-23-51-27-34-36(47)38(49)39(50)42(53-34)54-41-37(48)35-32(46)25-29(43)26-33(35)52-40(41)28-21-22-30(44)31(45)24-28/h3-4,6-7,9-10,12-13,15-16,18-19,21-22,24-26,34,36,38-39,42-47,49-50H,2,5,8,11,14,17,20,23,27H2,1H3/b4-3-,7-6-,10-9-,13-12-,16-15-,19-18-/t34-,36-,38+,39-,42+/m1/s1",746.9,CHEMBL2316178,10.1016/j.bmc.2012.11.034,Antioxidant activity assessed as DPPH radical scavenging activity 30 min (manual check),3.83416237530987,CCC=CCC=CCC=CCC=CCC=CCC=CCCOCC1OC(Oc2c(-c3ccc(O)c(O)c3)oc3cc(O)cc(O)c3c2=O)C(O)C(O)C1O
1553,"InChI=1S/C29H29NO3/c1-4-6-7-27-28(29(31)22-12-15-24(32-3)16-13-22)25-18-23(14-17-26(25)33-27)30-19-21-10-8-20(5-2)9-11-21/h8-19H,4-7H2,1-3H3/b30-19+",439.6,CHEMBL4212100,10.1016/j.bmcl.2017.12.013,Antioxidant activity assessed as DPPH radical scavenging activity after 20 to 30 mins,5.07603131759239,CCCCc1oc2ccc(N=Cc3ccc(CC)cc3)cc2c1C(=O)c1ccc(OC)cc1
710,"InChI=1S/C22H16O9/c1-9(23)29-21-17(11-3-5-12(25)6-4-11)19(28)20-18(22(21)30-10(2)24)13-7-14(26)15(27)8-16(13)31-20/h3-8,25-28H,1-2H3",424.4,CHEMBL3238009,10.1021/np401026b,Antioxidant activity assessed as DPPH radical scavenging activity after 30 mins by microplate reader analysis,4.55284196865778,CC(=O)Oc1c(-c2ccc(O)cc2)c(O)c2oc3cc(O)c(O)cc3c2c1OC(C)=O
225,"InChI=1S/C22H25NO7.ClH/c1-4-23(5-2)8-9-29-14-11-17(26)19-18(12-14)30-21(22(28-3)20(19)27)13-6-7-15(24)16(25)10-13;/h6-7,10-12,24-26H,4-5,8-9H2,1-3H3;1H",451.9,CHEMBL3593743,10.1016/j.bmc.2015.05.023,Antioxidant activity assessed as DPPH radical scavenging activity after 30 min,4.56304266933055,CCN(CC)CCOc1cc(O)c2c(=O)c(OC)c(-c3ccc(O)c(O)c3)oc2c1
1764,"InChI=1S/C20H20O4/c1-24-20-14-16(9-13-19(20)23)4-2-3-5-17(21)10-6-15-7-11-18(22)12-8-15/h2-5,7-9,11-14,22-23H,6,10H2,1H3/b4-2+,5-3+",324.4,CHEMBL475821,10.1016/j.bmc.2009.02.057,Antioxidant activity assessed as DPPH radical scavenging activity after 30 mins by microplate reader assay,3.90902085421116,COc1cc(C=CC=CC(=O)CCc2ccc(O)cc2)ccc1O
1671,InChI=1S/C19H11BrO2/c20-16-8-4-3-7-14(16)18-11-17(21)15-10-9-12-5-1-2-6-13(12)19(15)22-18/h1-11H,351.2,CHEMBL4099439,10.1039/C8MD00512E,Antioxidant activity assessed as DPPH radical scavenging activity shaken for 1 min and incubated under dark condition for 30 mins by spectrophotometric analysis,5.00436480540245,O=c1cc(-c2ccccc2Br)oc2c1ccc1ccccc12
488,"InChI=1S/C17H20O6/c1-21-14-7-10(4-5-12(14)18)6-13(19)11-8-15(22-2)17(20)16(9-11)23-3/h4-5,7-9,13,18-20H,6H2,1-3H3",320.3,CHEMBL219065,10.1021/np060449r,Antioxidant activity assessed by DPPH radical scavenging assay 30 min (manual check),4.70114692359029,COc1cc(CC(O)c2cc(OC)c(O)c(OC)c2)ccc1O
117,"InChI=1S/C17H13Cl2N3O3S/c18-11-2-3-13(12(19)8-11)20-9-22-17(26)25-16(21-22)10-1-4-14-15(7-10)24-6-5-23-14/h1-4,7-8,20H,5-6,9H2",410.3,CHEMBL2435569,10.1016/j.bmc.2013.08.002,Antioxidant activity assessed as DPPH free radical scavenging activity after 30 mins by spectrophotometric analysis,4.36201021921531,S=c1oc(-c2ccc3c(c2)OCCO3)nn1CNc1ccc(Cl)cc1Cl
1045,"InChI=1S/C18H21NO2/c1-12(2)16-10-17(13(3)9-18(16)20)19-11-14-5-7-15(21-4)8-6-14/h5-12,20H,1-4H3/b19-11+",283.4,CHEMBL2316839,10.1016/j.bmcl.2012.12.001,Antioxidant activity assessed as DPPH radical scavenging activity in chloroform solution 30 min (manual check),4.30406001265995,COc1ccc(C=Nc2cc(C(C)C)c(O)cc2C)cc1
987,"InChI=1S/C17H19NO2/c1-11(2)14-9-17(20)12(3)8-15(14)18-10-13-6-4-5-7-16(13)19/h4-11,19-20H,1-3H3/b18-10+",269.3,CHEMBL2316826,10.1016/j.bmcl.2012.12.001,Antioxidant activity assessed as DPPH radical scavenging activity in chloroform solution 30 min (manual check),4.29454222149271,Cc1cc(N=Cc2ccccc2O)c(C(C)C)cc1O
184,"InChI=1S/C10H12O2/c1-3-4-8-5-6-9(11)10(7-8)12-2/h3-7,11H,1-2H3/b4-3-",164.2,CHEMBL445206,10.1016/j.ejmech.2011.07.041,Antioxidant activity assessed as residual DPPH radical scavenging activity after 30 mins by spectrophotometric analysis,4.39072582759541,CC=Cc1ccc(O)c(OC)c1
498,"InChI=1S/C17H17N5OS/c1-18-17(24)21-20-15(23)11-22-14-10-6-5-9-13(14)19-16(22)12-7-3-2-4-8-12/h2-10H,11H2,1H3,(H,20,23)(H2,18,21,24)",339.4,CHEMBL438377,10.1016/j.bmc.2008.02.077,Antioxidant activity assessed as DPPH free radical scavenging activity after 30 mins,4.58502665202918,CNC(=S)NNC(=O)Cn1c(-c2ccccc2)nc2ccccc21
1140,"InChI=1S/C20H22O4/c1-11-6-14-8-18-19(24-10-23-18)9-15(14)20(12(11)2)13-4-5-16(21)17(7-13)22-3/h4-5,7-9,11-12,20-21H,6,10H2,1-3H3/t11-,12+,20+/m1/s1",326.4,CHEMBL428239,10.1021/np4010536,Antioxidant activity assessed as 150 uM DPPH free radical scavenging activity under dark condition after 30 mins by microplate reader analysis,3.59307055593372,COc1cc(C2c3cc4c(cc3CC(C)C2C)OCO4)ccc1O
560,"InChI=1S/C21H13BrN4O/c22-13-7-5-12(6-8-13)19-15(9-23)20(27-21(25)16(19)10-24)17-11-26-18-4-2-1-3-14(17)18/h1-8,11,19,26H,25H2",417.3,CHEMBL1222631,10.1016/j.bmcl.2010.07.039,Antioxidant activity assessed as DPPH radical scavenging activity 30 min (manual check),3.54930309426063,N#CC1=C(N)OC(c2c[nH]c3ccccc23)=C(C#N)C1c1ccc(Br)cc1
1461,"InChI=1S/C16H13BrN4O3/c17-13-6-4-12(5-7-13)9-20-10-14(18-19-20)11-24-16-3-1-2-15(8-16)21(22)23/h1-8,10H,9,11H2",389.2,CHEMBL3742358,10.1039/C5MD00057B,Antioxidant activity assessed as DPPH radical scavenging activity after 30 mins by spectrophotometric analysis,4.12182550118416,O=[N+]([O-])c1cccc(OCc2cn(Cc3ccc(Br)cc3)nn2)c1
783,"InChI=1S/C17H14O6/c1-21-10-5-3-9(4-6-10)12-7-11(18)15-13(23-12)8-14(22-2)16(19)17(15)20/h3-8,19-20H,1-2H3",314.3,CHEMBL209257,10.1016/j.ejmech.2015.10.039,Antioxidant activity assessed as DPPH radical scavenging activity after 30 mins,3.79950517826135,COc1ccc(-c2cc(=O)c3c(O)c(O)c(OC)cc3o2)cc1
1427,"InChI=1S/C18H16BrNO4/c1-23-15-8-10-7-14(17(21)13(10)9-16(15)24-2)18(22)20-12-5-3-11(19)4-6-12/h3-6,8-9,14H,7H2,1-2H3,(H,20,22)",390.2,CHEMBL3633481,10.1016/j.bmcl.2015.10.051,Antioxidant activity assessed as DPPH scavenging activity at 10 to 60 ug/ml after 30 mins,3.73311112707616,COc1cc2c(cc1OC)C(=O)C(C(=O)Nc1ccc(Br)cc1)C2
1152,"InChI=1S/C20H22O5/c1-11-12(2)20(14-5-7-16-18(9-14)24-10-23-16)25-19(11)13-4-6-15(21)17(8-13)22-3/h4-9,11-12,19-21H,10H2,1-3H3/t11-,12+,19+,20+/m1/s1",342.4,CHEMBL3290511,10.1021/np4010536,Antioxidant activity assessed as 150 uM DPPH free radical scavenging activity under dark condition after 30 mins by microplate reader analysis,4.49210674795001,COc1cc(C2OC(c3ccc4c(c3)OCO4)C(C)C2C)ccc1O
1425,"InChI=1S/C18H16FNO4/c1-23-15-8-10-7-14(17(21)13(10)9-16(15)24-2)18(22)20-12-5-3-11(19)4-6-12/h3-6,8-9,14H,7H2,1-2H3,(H,20,22)",329.3,CHEMBL3633479,10.1016/j.bmcl.2015.10.051,Antioxidant activity assessed as DPPH scavenging activity at 10 to 60 ug/ml after 30 mins,3.77754500666041,COc1cc2c(cc1OC)C(=O)C(C(=O)Nc1ccc(F)cc1)C2
527,"InChI=1S/C23H22O13/c24-12-3-1-10(5-13(12)25)2-4-18(29)35-17-9-23(34,22(32)33)8-16(28)20(17)36-21(31)11-6-14(26)19(30)15(27)7-11/h1-7,16-17,20,24-28,30,34H,8-9H2,(H,32,33)/b4-2+/t16-,17-,20-,23+/m1/s1",506.4,CHEMBL458307,10.1021/np020576x,Antioxidant activity assessed as DPPH radical scavenging activity after 30 mins,4.62893213772826,O=C(C=Cc1ccc(O)c(O)c1)OC1CC(O)(C(=O)O)CC(O)C1OC(=O)c1cc(O)c(O)c(O)c1
1934,"InChI=1S/C19H18N2O3/c1-20(2)16-10-9-14(18(12-16)21(23)24)11-15-8-7-13-5-3-4-6-17(13)19(15)22/h3-6,9-12H,7-8H2,1-2H3/b15-11+",322.4,CHEMBL3289942,10.1016/j.ejmech.2014.06.034,Antioxidant activity assessed as DPPH free radical scavenging activity 30 min (manual check),4.63846102873072,CN(C)c1ccc(C=C2CCc3ccccc3C2=O)c([N+](=O)[O-])c1
207,"InChI=1S/C21H19NO6/c1-2-28-21(25)20-18(14-4-3-5-16(10-14)22(26)27)11-15(12-19(20)24)13-6-8-17(23)9-7-13/h3-10,12,18,20,23H,2,11H2,1H3",381.4,CHEMBL3356225,10.1016/j.bmc.2014.10.015,Antioxidant activity assessed as DPPH radical scavenging activity after 30 mins by spectrophotometry,3.33834264002369,CCOC(=O)C1C(=O)C=C(c2ccc(O)cc2)CC1c1cccc([N+](=O)[O-])c1
463,"InChI=1S/C22H17N3O/c1-2-7-15(8-3-1)22-21(17-10-4-5-11-18(17)24-22)20-13-19(25-26-20)16-9-6-12-23-14-16/h1-12,14,20,24H,13H2",339.4,CHEMBL4159336,10.1016/j.ejmech.2018.01.026,Antioxidant activity assessed as inhibition of DPPH radical formation after 30 mins,3.7475231469064,c1ccc(-c2[nH]c3ccccc3c2C2CC(c3cccnc3)=NO2)cc1
689,"InChI=1S/C15H16N2O/c1-17(2)13-9-7-12(8-10-13)11-16-14-5-3-4-6-15(14)18/h3-11,18H,1-2H3/b16-11+",240.3,CHEMBL2236145,10.1016/j.ejmech.2013.10.068,Antioxidant activity assessed as DPPH free radical scavenging activity after 30 mins by spectrophotometric analysis,4.65559750074836,CN(C)c1ccc(C=Nc2ccccc2O)cc1
1757,"InChI=1S/C15H16O4/c1-19-15-11(3-2-4-14(15)18)6-5-10-7-12(16)9-13(17)8-10/h2-4,7-9,16-18H,5-6H2,1H3",260.3,CHEMBL474811,10.1016/j.bmc.2009.02.057,Antioxidant activity assessed as DPPH radical scavenging activity after 30 mins by microplate reader assay,3.74615728754312,COc1c(O)cccc1CCc1cc(O)cc(O)c1
1830,"InChI=1S/C33H39N3O8/c1-21(37)34-14-3-4-15-36-33(43)27(17-23-7-11-28(39)31(18-23)44-2)26-20-30(41)29(40)19-24(26)8-12-32(42)35-16-13-22-5-9-25(38)10-6-22/h5-7,9-11,17-20,38-41H,3-4,8,12-16H2,1-2H3,(H,34,37)(H,35,42)(H,36,43)/b27-17+",605.7,CHEMBL2337118,10.1021/np300655y,Antioxidant activity assessed as DPPH radical scavenging activity after 30 mins,4.18575240426808,COc1cc(C=C(C(=O)NCCCCNC(C)=O)c2cc(O)c(O)cc2CCC(=O)NCCc2ccc(O)cc2)ccc1O
1618,"InChI=1S/C43H48O18/c1-55-29-16-22(12-14-25(29)45)40-32(58-28-15-13-23(17-30(28)59-40)41-37(51)36(50)35-26(46)18-24(44)19-31(35)60-41)21-57-34(49)11-9-7-5-3-2-4-6-8-10-33(48)56-20-27(47)42-38(52)39(53)43(54)61-42/h12-19,27,32,37,40-42,44-47,51-53H,2-11,20-21H2,1H3/t27-,32+,37-,40+,41+,42+/m0/s1",852.8,CHEMBL4100739,10.1016/j.ejmech.2016.12.051,Antioxidant activity assessed as DPPH radical scavenging activity after 30 mins by spectrophotometric method,4.68613277963085,COc1cc(C2Oc3cc(C4Oc5cc(O)cc(O)c5C(=O)C4O)ccc3OC2COC(=O)CCCCCCCCCCC(=O)OCC(O)C2OC(=O)C(O)=C2O)ccc1O
1766,"InChI=1S/C21H28O2/c1-14-6-5-7-19-20(14,3)11-10-15(2)21(19,4)13-16-12-17(22)8-9-18(16)23/h6,8-9,12,15,19H,5,7,10-11,13H2,1-4H3/t15-,19+,20+,21+/m0/s1",312.5,CHEMBL464645,10.1021/np800318m,Antioxidant activity assessed as DPPH radical scavenging activity 30 min (manual check),4.49349496759513,CC1=CCCC2C1(C)CCC(C)C2(C)CC1=CC(=O)C=CC1=O
934,"InChI=1S/C21H32O3/c1-13(2)15-11-14-7-8-16-20(3,4)9-6-10-21(16,12-22)17(14)18(23)19(15)24-5/h11,13,16,22-23H,6-10,12H2,1-5H3/t16-,21+/m0/s1",332.5,CHEMBL483016,10.1021/np020189n,Antioxidant activity assessed as DPPH free radical scavenging activity after 30 mins,4.07883394936226,COc1c(C(C)C)cc2c(c1O)C1(CO)CCCC(C)(C)C1CC2
1082,"InChI=1S/C20H20O13/c21-9-1-7(2-10(22)15(9)26)19(29)32-6-14-17(28)18(13(25)5-31-14)33-20(30)8-3-11(23)16(27)12(24)4-8/h1-4,13-14,17-18,21-28H,5-6H2/t13-,14+,17+,18+/m0/s1",468.4,CHEMBL1933685,10.1016/j.bmcl.2011.10.073,Antioxidant activity assessed as DPPH free radical scavenging activity after 30 mins,4.73235901765408,O=C(OCC1OCC(O)C(OC(=O)c2cc(O)c(O)c(O)c2)C1O)c1cc(O)c(O)c(O)c1
1935,"InChI=1S/C21H21NO2/c1-22(2)17-11-7-15(8-12-17)9-14-20(23)19-13-10-16-5-3-4-6-18(16)21(19)24/h3-9,11-12,14,19H,10,13H2,1-2H3/b14-9+",319.4,CHEMBL3289943,10.1016/j.ejmech.2014.06.034,Antioxidant activity assessed as DPPH free radical scavenging activity 30 min (manual check),4.30891850787703,CN(C)c1ccc(C=CC(=O)C2CCc3ccccc3C2=O)cc1
1513,"InChI=1S/C14H11NO3/c16-13-8-4-3-7-12(13)15-9-10-5-1-2-6-11(10)14(17)18/h1-9,16H,(H,17,18)/b15-9+",241.2,CHEMBL4169896,10.1016/j.bmc.2018.08.029,Antioxidant activity assessed as DPPH radical scavenging activity after 30 mins by spectrophotometric method,4.4672456210075,O=C(O)c1ccccc1C=Nc1ccccc1O
779,"InChI=1S/C16H12O6/c1-21-16-11(19)7-13-14(15(16)20)10(18)6-12(22-13)8-2-4-9(17)5-3-8/h2-7,17,19-20H,1H3",300.3,CHEMBL293776,10.1016/j.ejmech.2015.10.039,Antioxidant activity assessed as DPPH radical scavenging activity after 30 mins,4.62580174207092,COc1c(O)cc2oc(-c3ccc(O)cc3)cc(=O)c2c1O
170,"InChI=1S/C19H13Cl2FN6/c1-10-18(26-27-28(10)13-6-7-14(20)15(21)8-13)17-9-16(24-19(23)25-17)11-2-4-12(22)5-3-11/h2-9H,1H3,(H2,23,24,25)",415.3,CHEMBL4286116,10.1016/j.ejmech.2018.09.009,Antioxidant activity assessed as DPPH free radical scavenging activity incubated for 30 mins in dark condition,3.8469949602521,Cc1c(-c2cc(-c3ccc(F)cc3)nc(N)n2)nnn1-c1ccc(Cl)c(Cl)c1
2049,"InChI=1S/C17H23NO5/c1-4-11(3)16(17(22)23-5-2)18-15(21)9-7-12-6-8-13(19)14(20)10-12/h6-11,16,19-20H,4-5H2,1-3H3,(H,18,21)/b9-7+/t11-,16-/m0/s1",321.4,CHEMBL4474219,10.1016/j.bmc.2019.05.031,Antioxidant activity assessed as DPPH free radical scavenging activity incubated for 30 mins in dark condition by spectrophotometric analysis,4.36151074304536,CCOC(=O)C(NC(=O)C=Cc1ccc(O)c(O)c1)C(C)CC
1767,"InChI=1S/C28H34O4S/c1-17-7-5-10-24-27(17,3)12-11-18(2)28(24,4)16-20-13-21(29)15-23(25(20)30)33-22-9-6-8-19(14-22)26(31)32/h6-9,13-15,18,24,29-30H,5,10-12,16H2,1-4H3,(H,31,32)/t18-,24+,27+,28+/m0/s1",466.6,CHEMBL584990,10.1021/np800318m,Antioxidant activity assessed as DPPH radical scavenging activity 30 min (manual check),4.49757288001557,CC1=CCCC2C1(C)CCC(C)C2(C)Cc1cc(O)cc(Sc2cccc(C(=O)O)c2)c1O
501,"InChI=1S/C19H17Cl2N5O2S/c1-25-17(23-24-19(25)29)9-26-14-8-12(21)11(20)7-13(14)22-18(26)10-4-5-15(27-2)16(6-10)28-3/h4-8H,9H2,1-3H3,(H,24,29)",450.4,CHEMBL263398,10.1016/j.bmc.2008.02.077,Antioxidant activity assessed as DPPH free radical scavenging activity after 30 mins,3.56703070912559,COc1ccc(-c2nc3cc(Cl)c(Cl)cc3n2Cc2n[nH]c(=S)n2C)cc1OC
751,"InChI=1S/C34H45N3O3/c1-22-23(2)32-25(24(3)31(22)38)18-19-34(4,40-32)33(39)36-21-13-7-5-6-12-20-35-30-26-14-8-10-16-28(26)37-29-17-11-9-15-27(29)30/h8,10,14,16,38H,5-7,9,11-13,15,17-21H2,1-4H3,(H,35,37)(H,36,39)",543.8,CHEMBL3410955,10.1016/j.ejmech.2015.01.058,Antioxidant activity assessed as DPPH scavenging activity after 30 mins by spectrophotometry,7.32882715728492,Cc1c(C)c2c(c(C)c1O)CCC(C)(C(=O)NCCCCCCCNc1c3c(nc4ccccc14)CCCC3)O2
1531,"InChI=1S/C12H17N3O5S/c1-21(19,20)9-4-2-8(3-5-9)14-15-11(16)7-6-10(13)12(17)18/h2-5,10,14H,6-7,13H2,1H3,(H,15,16)(H,17,18)/t10-/m0/s1",315.4,CHEMBL4211537,10.1016/j.bmcl.2017.11.012,Antioxidant activity assessed as DPPH radical scavenging activity incubated under dark condition for 30 mins by spectrophotometric analysis,4.51794975121604,CS(=O)(=O)c1ccc(NNC(=O)CCC(N)C(=O)O)cc1
916,"InChI=1S/C22H18F3NOS/c1-26-14-21(27,28-20-5-3-2-4-19(20)26)17-10-6-15(7-11-17)16-8-12-18(13-9-16)22(23,24)25/h2-13,27H,14H2,1H3",401.5,CHEMBL4164939,10.1016/j.ejmech.2017.06.042,Antioxidant activity assessed as DPPH radical scavenging activity measured at 30 to 60 mins by UV-Visible spectrophotometric method,3.76700388960785,CN1CC(O)(c2ccc(-c3ccc(C(F)(F)F)cc3)cc2)Sc2ccccc21
1848,"InChI=1S/C21H17N3O5S/c1-2-29-20(28)15(23-24-21(22)30)10-16(25)13-8-5-9-14-17(13)19(27)12-7-4-3-6-11(12)18(14)26/h3-9H,2,10H2,1H3,(H3,22,24,30)/b23-15+",423.5,CHEMBL2393468,10.1016/j.ejmech.2013.03.071,Antioxidant activity assessed as DPPH radical scavenging activity after 30 mins by spectrophotometric analysis,4.68824613894425,CCOC(=O)C(CC(=O)c1cccc2c1C(=O)c1ccccc1C2=O)=NNC(N)=S
730,"InChI=1S/C19H18N4O4/c24-15-9-8-12(10-16(15)25)11-20-23-18(26)7-3-6-17-21-14-5-2-1-4-13(14)19(27)22-17/h1-2,4-5,8-11,24-25H,3,6-7H2,(H,23,26)(H,21,22,27)/b20-11+",366.4,CHEMBL3397972,10.1016/j.bmcl.2015.01.010,Antioxidant activity assessed as DPPH scavenging activity after 30 mins by spectrophotometry,1.02227639471115,O=C(CCCc1nc2ccccc2c(=O)[nH]1)NN=Cc1ccc(O)c(O)c1
344,"InChI=1S/C11H14N2O2S/c1-2-15-8-3-4-9-10(7-8)16-11(12)13(9)5-6-14/h3-4,7,12,14H,2,5-6H2,1H3",238.3,CHEMBL571958,10.1016/j.bmc.2009.05.039,Antioxidant activity assessed as DPPH free radical scavenging activity by UV spectroscopic method 30 min (manual check),2.85387196432176,CCOc1ccc2c(c1)sc(=N)n2CCO
1756,"InChI=1S/C15H16O3/c1-18-15-13(16)9-12(10-14(15)17)8-7-11-5-3-2-4-6-11/h2-6,9-10,16-17H,7-8H2,1H3",244.3,CHEMBL474797,10.1016/j.bmc.2009.02.057,Antioxidant activity assessed as DPPH radical scavenging activity after 30 mins by microplate reader assay,3.81389219924572,COc1c(O)cc(CCc2ccccc2)cc1O
2031,"InChI=1S/C17H14O5/c18-13(7-5-11-3-1-2-4-14(11)19)10-16(21)12-6-8-15(20)17(22)9-12/h1-9,19-20,22H,10H2/b7-5+",298.3,CHEMBL4451204,10.1016/j.bmcl.2019.06.052,Antioxidant activity assessed as DPPH radical scavenging activity measured after 30 mins,4.79588001734407,O=C(C=Cc1ccccc1O)CC(=O)c1ccc(O)c(O)c1
109,"InChI=1S/C17H14N4O5S/c22-21(23)13-4-2-1-3-12(13)18-10-20-17(27)26-16(19-20)11-5-6-14-15(9-11)25-8-7-24-14/h1-6,9,18H,7-8,10H2",386.4,CHEMBL2435576,10.1016/j.bmc.2013.08.002,Antioxidant activity assessed as DPPH free radical scavenging activity after 30 mins by spectrophotometric analysis,4.32039042822024,O=[N+]([O-])c1ccccc1NCn1nc(-c2ccc3c(c2)OCCO3)oc1=S
58,"InChI=1S/C18H16N4O2/c1-12-2-3-16-14(8-12)10-15(18(24)21-16)11-20-22-17(23)9-13-4-6-19-7-5-13/h2-8,10-11H,9H2,1H3,(H,21,24)(H,22,23)/b20-11+",320.4,CHEMBL2312105,10.1016/j.bmcl.2012.11.006,Antioxidant activity assessed as DPPH scavenging activity after 30 mins by spectrophotometry,2.4460126581604,Cc1ccc2[nH]c(=O)c(C=NNC(=O)Cc3ccncc3)cc2c1
1922,"InChI=1S/C30H38O5/c1-5-32-29(33-6-2)24-16-12-22(13-17-24)20-26-10-9-11-27(28(26)31)21-23-14-18-25(19-15-23)30(34-7-3)35-8-4/h12-21,29-30H,5-11H2,1-4H3/b26-20+,27-21+",478.6,CHEMBL3289924,10.1016/j.ejmech.2014.06.034,Antioxidant activity assessed as DPPH free radical scavenging activity 30 min (manual check),4.69637202361611,CCOC(OCC)c1ccc(C=C2CCCC(=Cc3ccc(C(OCC)OCC)cc3)C2=O)cc1
2067,"InChI=1S/C17H12FN3O4/c18-12-4-8-14-11(9-12)3-7-15(24-14)17-20-19-16(25-17)10-1-5-13(6-2-10)21(22)23/h1-2,4-6,8-9,15H,3,7H2",341.3,CHEMBL4636886,10.1016/j.bmcl.2020.127136,Antioxidant activity assessed as DPPH radical scavenging activity 30 min (manual check),4.542269451754,O=[N+]([O-])c1ccc(-c2nnc(C3CCc4cc(F)ccc4O3)o2)cc1
158,"InChI=1S/C19H20N2O2/c1-14-18(17-12-8-7-9-15(17)13-22-2)19(23-3)21(20-14)16-10-5-4-6-11-16/h4-12H,13H2,1-3H3",308.4,CHEMBL3793850,10.1016/j.bmcl.2016.03.024,Antioxidant activity assessed as DPPH free radical scavenging activity incubated for 30 mins in dark condition by spectrophotometric method,4.18699999242272,COCc1ccccc1-c1c(C)nn(-c2ccccc2)c1OC
1348,"InChI=1S/C14H20O9/c15-5-9-11(19)12(20)13(21)14(23-9)22-2-1-6-3-7(16)10(18)8(17)4-6/h3-4,9,11-21H,1-2,5H2/t9-,11+,12+,13-,14-/m1/s1",332.3,CHEMBL2281640,10.1007/s00044-012-0247-z,Antioxidant activity assessed as decrease in initial DPPH concentration after 30 min by MicroELISA reader analysis,4.4325780894448,OCC1OC(OCCc2cc(O)c(O)c(O)c2)C(O)C(O)C1O
1876,"InChI=1S/C10H10O4/c1-14-10(13)5-3-7-2-4-8(11)9(12)6-7/h2-6,11-12H,1H3/b5-3+",194.2,CHEMBL17001,10.1016/j.bmc.2013.08.057,Antioxidant activity assessed as DPPH radical scavenging activity after 30 mins by spectrophotometry,4.67162039656126,COC(=O)C=Cc1ccc(O)c(O)c1
1503,"InChI=1S/C23H20N4O3S/c24-21-20(19(28)17-14-15-6-4-5-9-18(15)30-22(17)29)31-23(25-21)27-12-10-26(11-13-27)16-7-2-1-3-8-16/h1-9,14H,10-13,24H2",432.5,CHEMBL4168813,10.1016/j.ejmech.2018.06.015,Antioxidant activity assessed as DPPH radical scavenging activity incubated for 30 mins under dark condition by spectrophotometric method,4.05278733783221,Nc1nc(N2CCN(c3ccccc3)CC2)sc1C(=O)c1cc2ccccc2oc1=O
1982,"InChI=1S/C33H25N5O/c1-16-8-9-19-22-10-11-33(28(23(15-34)32(39)38-33)29(22)35-24(19)12-16)27-20-6-4-5-7-21(20)30-31(27)37-26-14-18(3)17(2)13-25(26)36-30/h4-9,12-14,27,35H,10-11H2,1-3H3,(H,38,39)",507.6,CHEMBL4211197,10.1016/j.ejmech.2018.03.056,Antioxidant activity assessed as DPPH radical scavenging activity incubated under dark condition for 30 mins,4.10302754461539,Cc1ccc2c3c([nH]c2c1)C1=C(C#N)C(=O)NC1(C1c2ccccc2-c2nc4cc(C)c(C)cc4nc21)CC3
1623,"InChI=1S/C19H16N2O9S/c22-15-8-6-13(12-16(15)23)7-9-17(24)28-10-11-29-18-19(21(25)30-20-18)31(26,27)14-4-2-1-3-5-14/h1-9,12,22-23H,10-11H2/b9-7+",448.4,CHEMBL4060853,10.1016/j.bmc.2017.06.023,Antioxidant activity assessed as DPPH free radical scavenging activity measured after 30 mins in absence of light,4.3767507096021,O=C(C=Cc1ccc(O)c(O)c1)OCCOc1no[n+]([O-])c1S(=O)(=O)c1ccccc1
193,"InChI=1S/C13H10O5/c14-9-6-10(18-13(17)7-9)3-1-8-2-4-11(15)12(16)5-8/h1-7,14-16H/b3-1+",246.2,CHEMBL1224512,10.1021/np400234u,Antioxidant activity assessed as DPPH free radical scavenging activity after 30 mins,4.23062267392386,O=c1cc(O)cc(C=Cc2ccc(O)c(O)c2)o1
841,"InChI=1S/C31H43FN2O2/c1-30(2,3)26-19-24(20-27(29(26)36)31(4,5)6)9-12-28(35)33-16-13-22-14-17-34(18-15-22)21-23-7-10-25(32)11-8-23/h7-12,19-20,22,36H,13-18,21H2,1-6H3,(H,33,35)/b12-9+",494.7,CHEMBL4284475,10.1016/j.ejmech.2018.08.005,Antioxidant activity assessed as DPPH radical scavenging activity measured after 30 mins incubation in dark by UV-Visible spectrophotometric analysis,4.24033215531037,CC(C)(C)c1cc(C=CC(=O)NCCC2CCN(Cc3ccc(F)cc3)CC2)cc(C(C)(C)C)c1O
340,"InChI=1S/C4H6N2S2/c1-2-3-5-6-4(7)8-3/h2H2,1H3,(H,6,7)",146.2,CHEMBL567156,10.1016/j.bmc.2009.05.039,Antioxidant activity assessed as DPPH free radical scavenging activity by UV spectroscopic method 30 min (manual check),4.07572071393812,CCc1nnc(S)s1
1256,"InChI=1S/C14H11NO3/c16-8-7-15-13(17)10-5-1-3-9-4-2-6-11(12(9)10)14(15)18/h1-6,16H,7-8H2",241.2,CHEMBL44709,10.1007/s00044-010-9384-4,Antioxidant activity assessed as DPPH radical scavenging activity 30 min (manual check),3.81022904365313,O=C1c2cccc3cccc(c23)C(=O)N1CCO
1659,"InChI=1S/C38H38O6/c1-22(2)5-13-28-31(40)18-24(19-32(28)41)7-6-23-8-14-34-30(17-23)36(37(43-34)25-9-11-27(39)12-10-25)26-20-33(42)29-15-16-38(3,4)44-35(29)21-26/h5-12,14,17-21,36-37,39-42H,13,15-16H2,1-4H3/b7-6+/t36-,37+/m0/s1",590.7,CHEMBL4439631,10.1016/j.ejmech.2018.11.040,Antioxidant activity assessed as inhibition of DPPH free radical after 30 mins by UV-Visible spectrophotometric analysis,4.45185636256515,CC(C)=CCc1c(O)cc(C=Cc2ccc3c(c2)C(c2cc(O)c4c(c2)OC(C)(C)CC4)C(c2ccc(O)cc2)O3)cc1O
2025,"InChI=1S/C17H14O4/c18-14-6-1-12(2-7-14)3-8-15(19)9-4-13-5-10-16(20)17(21)11-13/h1-11,18,20-21H/b8-3+,9-4+",282.3,CHEMBL4525599,10.1016/j.bmcl.2019.06.052,Antioxidant activity assessed as DPPH radical scavenging activity measured after 30 mins,4.61978875828839,O=C(C=Cc1ccc(O)cc1)C=Cc1ccc(O)c(O)c1
1709,"InChI=1S/C28H34O4S/c1-17-8-7-11-24-27(17,3)13-12-18(2)28(24,4)16-19-14-20(29)15-23(25(19)30)33-22-10-6-5-9-21(22)26(31)32/h5-6,8-10,14-15,18,24,29-30H,7,11-13,16H2,1-4H3,(H,31,32)/t18-,24+,27+,28+/m0/s1",466.6,CHEMBL238756,10.1021/np049873n,Antioxidant activity assessed as DPPH free radical scavenging activity after 30 mins by TLC autographic assay,4.46852108295774,CC1=CCCC2C1(C)CCC(C)C2(C)Cc1cc(O)cc(Sc2ccccc2C(=O)O)c1O
895,"InChI=1S/C13H9Cl2N7S2/c14-7-1-2-9(8(15)5-7)18-12(23)21-22-11(19-20-13(22)24)10-6-16-3-4-17-10/h1-6H,(H,20,24)(H2,18,21,23)",398.3,CHEMBL4094469,10.1016/j.bmcl.2017.06.053,Antioxidant activity assessed as DPPH free radical scavenging activity after 30 mins,4.2298847052129,S=C(Nc1ccc(Cl)cc1Cl)Nn1c(S)nnc1-c1cnccn1
962,"InChI=1S/C30H18O10/c31-15-4-1-13(2-5-15)24-12-23(38)29-21(36)10-20(35)27(30(29)40-24)17-7-14(3-6-18(17)33)25-11-22(37)28-19(34)8-16(32)9-26(28)39-25/h1-12,31-36H",538.5,CHEMBL63354,10.1021/np0497595,Antioxidant activity assessed as DPPH radical scavenging activity 30 min (manual check),3.73518217699046,O=c1cc(-c2ccc(O)c(-c3c(O)cc(O)c4c(=O)cc(-c5ccc(O)cc5)oc34)c2)oc2cc(O)cc(O)c12
413,"InChI=1S/C23H29NO3/c1-5-13(2)6-7-14(3)10-17-15(4)20(27)11-18-21-16(12-25)8-9-19(26)23(21)24-22(17)18/h8-11,13,24-27H,5-7,12H2,1-4H3/b14-10+/t13-/m0/s1",367.5,CHEMBL3309628,10.1016/j.bmcl.2014.05.050,Antioxidant activity assessed as DPPH radical scavenging capacity after 30 mins by UV spectrophotometry,5.0087739243075,CCC(C)CCC(C)=Cc1c(C)c(O)cc2c1[nH]c1c(O)ccc(CO)c12
2079,"InChI=1S/C14H10Br2O4/c15-7-3-5-1-2-6-4-8(17)13(19)11(16)9(6)10(5)14(20)12(7)18/h3-4,17-20H,1-2H2",402.0,CHEMBL403304,10.1021/np070281p,DPPH radical scavenging activity 30 min (manual check),5.21467016498923,Oc1cc2c(c(Br)c1O)-c1c(cc(Br)c(O)c1O)CC2
681,"InChI=1S/C21H27NO/c1-14(2)18-12-19(15(3)11-20(18)23)22-13-16-7-9-17(10-8-16)21(4,5)6/h7-14,23H,1-6H3/b22-13+",309.5,CHEMBL2316833,10.1016/j.bmcl.2012.12.001,Antioxidant activity assessed as DPPH radical scavenging activity in ethanol solution 30 min (manual check),4.22655149705033,Cc1cc(O)c(C(C)C)cc1N=Cc1ccc(C(C)(C)C)cc1
1617,"InChI=1S/C39H44O13/c1-3-48-33(43)12-10-8-6-4-5-7-9-11-13-34(44)49-22-32-38(23-14-16-26(41)29(18-23)47-2)51-30-19-24(15-17-28(30)50-32)39-37(46)36(45)35-27(42)20-25(40)21-31(35)52-39/h3,14-21,32,37-42,46H,1,4-13,22H2,2H3/t32-,37+,38-,39-/m1/s1",720.8,CHEMBL4065356,10.1016/j.ejmech.2016.12.051,Antioxidant activity assessed as DPPH radical scavenging activity after 30 mins by spectrophotometric method,3.4294570601181,C=COC(=O)CCCCCCCCCCC(=O)OCC1Oc2ccc(C3Oc4cc(O)cc(O)c4C(=O)C3O)cc2OC1c1ccc(O)c(OC)c1
2016,"InChI=1S/C19H16O5/c20-15-8-4-13(5-9-15)6-10-16(21)12-17(22)11-7-14-2-1-3-18(23)19(14)24/h1-11,20,23-24H,12H2/b10-6+,11-7+",324.3,CHEMBL4540886,10.1016/j.bmcl.2019.06.052,Antioxidant activity assessed as DPPH radical scavenging activity measured after 30 mins,4.56863623584101,O=C(C=Cc1ccc(O)cc1)CC(=O)C=Cc1cccc(O)c1O
1593,"InChI=1S/C25H22O10/c1-33-18-6-10(2-3-15(18)28)23-14(9-26)13-4-11(5-17(30)25(13)35-23)24-22(32)21(31)20-16(29)7-12(27)8-19(20)34-24/h2-8,14,22-24,26-30,32H,9H2,1H3/t14?,22-,23?,24+/m0/s1",482.4,CHEMBL4802105,10.1021/acs.jnatprod.6b00750,Antioxidant activity assessed as DPPH radical scavenging activity after 30 mins,4.72193266911134,COc1cc(C2Oc3c(O)cc(C4Oc5cc(O)cc(O)c5C(=O)C4O)cc3C2CO)ccc1O
1713,"InChI=1S/C38H50O6/c1-22(2)11-14-26-20-37-21-27(15-12-23(3)4)36(9,10)44-33(37)30(31(41)25-13-16-28(39)29(40)19-25)32(42)38(34(37)43,35(26,7)8)18-17-24(5)6/h11-13,16-17,19,26-27,39-40H,14-15,18,20-21H2,1-10H3/t26-,27+,37+,38+/m1/s1",602.8,CHEMBL458934,10.1021/np020372g,Antioxidant activity assessed as DPPH radical scavenging activity 30 min (manual check),4.87614835903291,CC(C)=CCC1CC23CC(CC=C(C)C)C(C)(C)C(CC=C(C)C)(C(=O)C(C(=O)c4ccc(O)c(O)c4)=C2OC1(C)C)C3=O
1441,"InChI=1S/C18H16BrNO4/c1-23-15-8-10-7-12(17(21)11(10)9-16(15)24-2)18(22)20-14-6-4-3-5-13(14)19/h3-6,8-9,12H,7H2,1-2H3,(H,20,22)",390.2,CHEMBL3633495,10.1016/j.bmcl.2015.10.051,Antioxidant activity assessed as DPPH scavenging activity at 10 to 60 ug/ml after 30 mins,3.77544397439523,COc1cc2c(cc1OC)C(=O)C(C(=O)Nc1ccccc1Br)C2
1070,"InChI=1S/C23H18N4/c1-13-7-10-19-17(11-13)15-8-9-16-20(14-5-3-2-4-6-14)18(12-24)23(25)27-22(16)21(15)26-19/h2-7,10-11,26H,8-9H2,1H3,(H2,25,27)",350.4,CHEMBL1910954,10.1016/j.ejmech.2011.09.024,Antioxidant activity assessed as DPPH radical scavenging activity after 30 mins by micro plate reader,3.23175227128396,Cc1ccc2[nH]c3c(c2c1)CCc1c-3nc(N)c(C#N)c1-c1ccccc1
538,"InChI=1S/C21H18O13/c22-7-2-1-6(3-8(7)23)12-5-10(25)13-9(24)4-11(26)17(18(13)32-12)33-21-16(29)14(27)15(28)19(34-21)20(30)31/h1-5,14-16,19,21-24,26-29H,(H,30,31)/t14-,15-,16+,19-,21+/m0/s1",478.4,CHEMBL512433,10.1021/np034002j,Antioxidant activity assessed as DPPH radical scavenging activity after 30 mins,4.23507701535011,O=C(O)C1OC(Oc2c(O)cc(O)c3c(=O)cc(-c4ccc(O)c(O)c4)oc23)C(O)C(O)C1O
445,"InChI=1S/C26H18ClNO4/c27-16-11-9-15(10-12-16)19(20-14-28-21-7-3-1-5-17(20)21)13-22(29)24-25(30)18-6-2-4-8-23(18)32-26(24)31/h1-12,14,19,28,30H,13H2",443.9,CHEMBL3752768,10.1016/j.bmcl.2015.12.085,Antioxidant activity of the compound assessed as DPPH radical scavenging after 30 mins by spectrophotometric analysis,3.98123540654485,O=C(CC(c1ccc(Cl)cc1)c1c[nH]c2ccccc12)c1c(O)c2ccccc2oc1=O
385,"InChI=1S/C16H14ClN3S/c1-10-4-3-5-11(2)14(10)18-16-20-19-15(21-16)12-6-8-13(17)9-7-12/h3-9H,1-2H3,(H,18,20)",315.8,CHEMBL1277640,10.1016/j.ejmech.2010.08.034,Antioxidant activity assessed as DPPH free radical scavenging activity in cell-free system after 30 mins,3.49536605283153,Cc1cccc(C)c1Nc1nnc(-c2ccc(Cl)cc2)s1
1275,"InChI=1S/C19H27NO3/c1-3-23-17-9-7-16(8-10-17)15(2)20-14-19(13-18(21)22)11-5-4-6-12-19/h7-10H,3-6,11-14H2,1-2H3,(H,21,22)/b20-15+",317.4,CHEMBL2236486,10.1007/s00044-010-9498-8,Antioxidant activity assessed as DPPH free radical scavenging activity after 30 min,3.72128961027868,CCOc1ccc(C(C)=NCC2(CC(=O)O)CCCCC2)cc1
1881,"InChI=1S/C15H14N2OS/c1-11-7-9-13(10-8-11)16-15(19)17-14(18)12-5-3-2-4-6-12/h2-10H,1H3,(H2,16,17,18,19)",270.4,CHEMBL3087553,10.1016/j.ejmech.2013.10.012,Antioxidant activity assessed as DPPH free radical scavenging activity after 30 mins,4.63264407897398,Cc1ccc(NC(=S)NC(=O)c2ccccc2)cc1
1582,"InChI=1S/C24H16FN3O4S/c25-18-9-6-15(7-10-18)19(29)11-3-14-1-4-16(5-2-14)22(32)26-24-28-27-23(33-24)17-8-12-20(30)21(31)13-17/h1-13,30-31H,(H,26,28,32)/b11-3+",461.5,CHEMBL4280208,10.1039/C8MD00316E,Antioxidant activity assessed as DPPH free radical scavenging activity after 30 mins,4.74909230029914,O=C(C=Cc1ccc(C(=O)Nc2nnc(-c3ccc(O)c(O)c3)s2)cc1)c1ccc(F)cc1
933,"InChI=1S/C20H28O4/c1-11(2)13-10-12-6-7-14-19(3,4)8-5-9-20(14,18(23)24)15(12)17(22)16(13)21/h10-11,14,21-22H,5-9H2,1-4H3,(H,23,24)/t14-,20+/m0/s1",332.4,CHEMBL484853,10.1021/np020189n,Antioxidant activity assessed as DPPH free radical scavenging activity after 30 mins,4.27327279097343,CC(C)c1cc2c(c(O)c1O)C1(C(=O)O)CCCC(C)(C)C1CC2
1456,"InChI=1S/C16H13BrClN3O/c17-13-3-1-12(2-4-13)9-21-10-15(19-20-21)11-22-16-7-5-14(18)6-8-16/h1-8,10H,9,11H2",378.7,CHEMBL3742164,10.1039/C5MD00057B,Antioxidant activity assessed as DPPH radical scavenging activity after 30 mins by spectrophotometric analysis,4.5369026199626,Clc1ccc(OCc2cn(Cc3ccc(Br)cc3)nn2)cc1
1049,"InChI=1S/C30H32N2O6/c1-3-23(17-22-11-14-26(33)27(34)19-22)29(36)32-25(18-21-7-5-4-6-8-21)28(35)30(37)31-16-15-20-9-12-24(38-2)13-10-20/h4-14,17,19,25,33-34H,3,15-16,18H2,1-2H3,(H,31,37)(H,32,36)/b23-17+/t25-/m0/s1",516.6,CHEMBL1770880,10.1016/j.bmcl.2011.03.077,Antioxidant activity assessed as DPPH free radical scavenging activity after 30 mins,4.33677036546713,CCC(=Cc1ccc(O)c(O)c1)C(=O)NC(Cc1ccccc1)C(=O)C(=O)NCCc1ccc(OC)cc1
1984,"InChI=1S/C24H18N4O2/c1-12-6-7-18-15(10-12)13-8-9-24(19(21(13)26-18)16(11-25)22(29)28-24)20-14-4-2-3-5-17(14)27-23(20)30/h2-7,10,20,26H,8-9H2,1H3,(H,27,30)(H,28,29)",394.4,CHEMBL4208291,10.1016/j.ejmech.2018.03.056,Antioxidant activity assessed as DPPH radical scavenging activity incubated under dark condition for 30 mins,3.97341204386561,Cc1ccc2[nH]c3c(c2c1)CCC1(C2C(=O)Nc4ccccc42)NC(=O)C(C#N)=C31
1154,"InChI=1S/C16H22O7/c1-3-4-9-5-6-10(11(7-9)21-2)22-16-15(20)14(19)13(18)12(8-17)23-16/h3,5-7,12-20H,1,4,8H2,2H3/t12-,13-,14+,15-,16-/m1/s1",326.3,CHEMBL463487,10.1021/np300609u,Antioxidant activity assessed as DPPH radical scavenging activity after 30 mins by microplate reader,3.48412615628832,C=CCc1ccc(OC2OC(CO)C(O)C(O)C2O)c(OC)c1
2062,"InChI=1S/C20H12F2N2O4/c21-11-2-5-15-10(7-11)1-4-17(26-15)19-23-24-20(28-19)18-9-14(25)13-8-12(22)3-6-16(13)27-18/h2-3,5-9,17H,1,4H2",382.3,CHEMBL4649143,10.1016/j.bmcl.2020.127136,Antioxidant activity assessed as DPPH radical scavenging activity 30 min (manual check),4.45705015118582,O=c1cc(-c2nnc(C3CCc4cc(F)ccc4O3)o2)oc2ccc(F)cc12
1240,InChI=1S/C12H4BrNO5/c13-10-5-2-1-3-6-9(5)7(4-8(10)14(17)18)12(16)19-11(6)15/h1-4H,322.1,CHEMBL2234764,10.1007/s00044-010-9384-4,Antioxidant activity assessed as DPPH radical scavenging activity 30 min (manual check),4.26760624017703,O=C1OC(=O)c2cc([N+](=O)[O-])c(Br)c3cccc1c23
380,"InChI=1S/C17H12O2S/c1-11-6-8-12(9-7-11)16(18)14-10-13-4-2-3-5-15(13)19-17(14)20/h2-10H,1H3",280.3,CHEMBL1165481,10.1016/j.ejmech.2010.01.070,Antioxidant activity assessed as DPPH radical scavenging activity 30 min (manual check),2.70602246097578,Cc1ccc(C(=O)c2cc3ccccc3oc2=S)cc1
1900,"InChI=1S/C15H10O5/c16-9-6-10(17)12-11(7-9)20-15(14(19)13(12)18)8-4-2-1-3-5-8/h1-7,16-17,19H",270.2,CHEMBL309490,10.1016/j.ejmech.2014.04.002,Antioxidant activity assessed as DPPH radical scavenging activity after 30 mins,4.37478049334954,O=c1c(O)c(-c2ccccc2)oc2cc(O)cc(O)c12
370,"InChI=1S/C15H11NO2/c17-9-5-8-6-11-10-3-1-2-4-12(10)16-15(11)14(8)13(18)7-9/h1-5,7,16-18H,6H2",237.3,CHEMBL607823,10.1016/j.bmc.2009.07.077,Antioxidant activity assessed as DPPH radical scavenging activity 30 min (manual check),3.51262978798875,Oc1cc(O)c2c(c1)Cc1c-2[nH]c2ccccc12
1654,"InChI=1S/C28H22O6/c29-20-6-4-18(5-7-20)28-27(19-12-23(32)15-24(33)13-19)25-11-16(3-8-26(25)34-28)1-2-17-9-21(30)14-22(31)10-17/h1-15,27-33H/b2-1+/t27-,28+/m0/s1",454.5,CHEMBL518935,10.1016/j.ejmech.2018.11.040,Antioxidant activity assessed as inhibition of DPPH free radical after 30 mins by UV-Visible spectrophotometric analysis,4.11446916681191,Oc1ccc(C2Oc3ccc(C=Cc4cc(O)cc(O)c4)cc3C2c2cc(O)cc(O)c2)cc1
2023,"InChI=1S/C17H14O4/c18-14(9-7-13-3-1-2-4-15(13)19)8-5-12-6-10-16(20)17(21)11-12/h1-11,19-21H/b8-5+,9-7+",282.3,CHEMBL4573289,10.1016/j.bmcl.2019.06.052,Antioxidant activity assessed as DPPH radical scavenging activity measured after 30 mins,4.20760831050175,O=C(C=Cc1ccc(O)c(O)c1)C=Cc1ccccc1O
1855,"InChI=1S/C15H14ClNO4S/c16-13-4-1-12(2-5-13)10-17-22(20,21)8-7-11-3-6-14(18)15(19)9-11/h1-9,17-19H,10H2/b8-7+",339.8,CHEMBL2414567,10.1016/j.bmc.2013.05.043,Antioxidant activity assessed as DPPH radical scavenging activity after 30 mins,5.10790539730952,O=S(=O)(C=Cc1ccc(O)c(O)c1)NCc1ccc(Cl)cc1
196,"InChI=1S/C31H28O10/c1-16(2)11-21(28-26(36)14-19(40-30(28)38)7-3-17-5-9-22(32)24(34)12-17)29-27(37)15-20(41-31(29)39)8-4-18-6-10-23(33)25(35)13-18/h3-10,12-16,21,32-37H,11H2,1-2H3/b7-3+,8-4+",560.6,CHEMBL2408934,10.1021/np400234u,Antioxidant activity assessed as DPPH free radical scavenging activity after 30 mins,4.01818139282934,CC(C)CC(c1c(O)cc(C=Cc2ccc(O)c(O)c2)oc1=O)c1c(O)cc(C=Cc2ccc(O)c(O)c2)oc1=O
14,"InChI=1S/C20H21N3O4/c1-13-18(20(25)23(22(13)2)15-8-6-5-7-9-15)21-12-14-10-16(26-3)19(24)17(11-14)27-4/h5-12,24H,1-4H3/b21-12+",367.4,CHEMBL2088279,10.1016/j.bmc.2012.04.058,Antioxidant activity assessed as DPPH free radical scavenging activity incubated for 30 mins,5.77989191195995,COc1cc(C=Nc2c(C)n(C)n(-c3ccccc3)c2=O)cc(OC)c1O
200,"InChI=1S/C17H15NO5/c1-22-14-7-8-15(17(11-14)23-2)16(19)9-6-12-4-3-5-13(10-12)18(20)21/h3-11H,1-2H3/b9-6+",313.3,CHEMBL2012136,10.1016/j.bmc.2014.10.015,Antioxidant activity assessed as DPPH radical scavenging activity after 30 mins by spectrophotometry,3.37025146890905,COc1ccc(C(=O)C=Cc2cccc([N+](=O)[O-])c2)c(OC)c1
764,"InChI=1S/C18H15NO7/c1-19(2)18(24)25-10-5-3-9(4-6-10)13-7-11(20)15-14(26-13)8-12(21)16(22)17(15)23/h3-8,21-23H,1-2H3",357.3,CHEMBL3634643,10.1016/j.bmc.2015.09.047,Antioxidant activity assessed as DPPH radical scavenging by spectrophotometric analysis 30 min (manual check),4.42980743890427,CN(C)C(=O)Oc1ccc(-c2cc(=O)c3c(O)c(O)c(O)cc3o2)cc1
307,"InChI=1S/C25H22N4O6S2/c1-2-35-24(32)16-6-5-7-17(14-16)27-22(30)15-36-25-28-21-9-4-3-8-20(21)23(31)29(25)18-10-12-19(13-11-18)37(26,33)34/h3-14H,2,15H2,1H3,(H,27,30)(H2,26,33,34)",538.6,CHEMBL4752085,10.1016/j.ejmech.2020.112333,Antioxidant activity assessed as DPPH radical scavenging activity after 30 mins under dark condition by spectrophotometric analysis,4.1827652695745,CCOC(=O)c1cccc(NC(=O)CSc2nc3ccccc3c(=O)n2-c2ccc(S(N)(=O)=O)cc2)c1
1341,"InChI=1S/C16H11BrN2O3/c1-8-6-12-14(16(20)21-8)13(11(7-18)15(19)22-12)9-2-4-10(17)5-3-9/h2-6,13H,19H2,1H3",359.2,CHEMBL2282430,10.1007/s00044-013-0586-4,Antioxidant activity assessed as inhibition of DPPH radical after 30 mins by spectrophotometric analysis,3.29058586361852,Cc1cc2c(c(=O)o1)C(c1ccc(Br)cc1)C(C#N)=C(N)O2
1534,"InChI=1S/C11H14FN3O3/c12-7-2-1-3-8(6-7)14-15-10(16)5-4-9(13)11(17)18/h1-3,6,9,14H,4-5,13H2,(H,15,16)(H,17,18)/t9-/m0/s1",255.2,CHEMBL4212461,10.1016/j.bmcl.2017.11.012,Antioxidant activity assessed as DPPH radical scavenging activity incubated under dark condition for 30 mins by spectrophotometric analysis,4.34845464559212,NC(CCC(=O)NNc1cccc(F)c1)C(=O)O
787,"InChI=1S/C18H15FN4OS/c19-14-7-5-13(6-8-14)9-22-10-15(20-21-22)11-23-16-3-1-2-4-17(16)25-12-18(23)24/h1-8,10H,9,11-12H2",354.4,CHEMBL3764831,10.1016/j.bmcl.2015.11.071,Antioxidant activity assessed as DPPH radical scavenging activity by spectrophotometric assay 30 min (manual check),4.3987372733547,O=C1CSc2ccccc2N1Cc1cn(Cc2ccc(F)cc2)nn1
305,"InChI=1S/C20H16N6O6S2/c21-34(31,32)12-7-5-11(6-8-12)26-18(29)13-3-1-2-4-14(13)24-20(26)33-10-16(27)23-15-9-22-19(30)25-17(15)28/h1-9H,10H2,(H,23,27)(H2,21,31,32)(H2,22,25,28,30)",500.5,CHEMBL4763784,10.1016/j.ejmech.2020.112333,Antioxidant activity assessed as DPPH radical scavenging activity after 30 mins under dark condition by spectrophotometric analysis,4.26472055193954,NS(=O)(=O)c1ccc(-n2c(SCC(=O)Nc3c[nH]c(=O)[nH]c3=O)nc3ccccc3c2=O)cc1
967,"InChI=1S/C15H10O5/c16-9-3-1-8(2-4-9)11-7-20-15-10(13(11)18)5-6-12(17)14(15)19/h1-7,16-17,19H",270.2,CHEMBL242739,10.1016/j.bmcl.2008.08.016,Antioxidant activity assessed as DPPH radical scavenging activity after 30 mins,7.6675615400844,O=c1c(-c2ccc(O)cc2)coc2c(O)c(O)ccc12
998,"InChI=1S/C15H14O5/c1-20-13-7-6-11(14(18)15(13)19)12(17)8-9-2-4-10(16)5-3-9/h2-7,16,18-19H,8H2,1H3",274.3,CHEMBL541247,10.1016/j.bmc.2009.05.019,Antioxidant activity assessed as DPPH radical scavenging activity incubated at 40 degC in dark after 30 mins,4.59074334796109,COc1ccc(C(=O)Cc2ccc(O)cc2)c(O)c1O
1396,"InChI=1S/C22H18N4O3/c1-13-3-2-4-18-20(13)25-21(24-18)14-5-7-15(8-6-14)22(29)26-23-12-16-11-17(27)9-10-19(16)28/h2-12,27-28H,1H3,(H,24,25)(H,26,29)/b23-12+",386.4,CHEMBL3317783,10.1016/j.ejmech.2014.07.078,Antioxidant activity assessed as DPPH free radical scavenging activity incubated at 37 degC for 30 mins by microtiter plate reader based method,4.73235901765408,Cc1cccc2nc(-c3ccc(C(=O)NN=Cc4cc(O)ccc4O)cc3)[nH]c12
165,"InChI=1S/C19H18ClN3O2/c1-13-17(18(24)21-12-14-8-10-15(20)11-9-14)19(25-2)23(22-13)16-6-4-3-5-7-16/h3-11H,12H2,1-2H3,(H,21,24)",355.8,CHEMBL3793937,10.1016/j.bmcl.2016.03.024,Antioxidant activity assessed as DPPH free radical scavenging activity incubated for 30 mins in dark condition by spectrophotometric method,4.34519006698456,COc1c(C(=O)NCc2ccc(Cl)cc2)c(C)nn1-c1ccccc1
1966,"InChI=1S/C23H37BrO3/c1-4-5-6-7-8-9-10-11-12-13-14-15-16-27-22-18-23(26-3)21(24)17-20(22)19(2)25/h17-18H,4-16H2,1-3H3",441.5,CHEMBL3920608,10.1016/j.bmcl.2016.09.060,Antioxidant activity assessed as DPPH radical scavenging activity incubated for 30 mins in dark,1.79317412396815,CCCCCCCCCCCCCCOc1cc(OC)c(Br)cc1C(C)=O
647,"InChI=1S/C17H20N2O/c1-12-8-16(20)14(17(2,3)4)9-15(12)19-11-13-6-5-7-18-10-13/h5-11,20H,1-4H3/b19-11+",268.4,CHEMBL2316867,10.1016/j.bmcl.2012.12.001,Antioxidant activity assessed as DPPH radical scavenging activity in ethanol solution 30 min (manual check),3.89692056240114,Cc1cc(O)c(C(C)(C)C)cc1N=Cc1cccnc1
2053,"InChI=1S/C25H21N3O4S/c1-32-19-9-4-16(5-10-19)25-28(23(30)14-33-25)17-6-11-20-21(13-17)27-24(31)22(26-20)12-15-2-7-18(29)8-3-15/h2-11,13,25,29H,12,14H2,1H3,(H,27,31)",459.5,CHEMBL4571630,10.1016/j.ejmech.2019.07.043,Antioxidant activity assessed as DPPH radical scavenging activity after 30 mins under dark condition,4.70774392864352,COc1ccc(C2SCC(=O)N2c2ccc3nc(Cc4ccc(O)cc4)c(=O)[nH]c3c2)cc1
1651,"InChI=1S/C21H20O11/c1-7-15(26)17(28)18(29)21(30-7)32-20-16(27)14-12(25)5-9(22)6-13(14)31-19(20)8-2-3-10(23)11(24)4-8/h2-7,15,17-18,21-26,28-29H,1H3/t7-,15-,17+,18+,21-/m0/s1",448.4,CHEMBL82242,10.1021/acs.jnatprod.7b00564,Antioxidant activity assessed as DPPH radical scavenging activity measured after 30 mins incubation under dark condition,5.65757731917779,CC1OC(Oc2c(-c3ccc(O)c(O)c3)oc3cc(O)cc(O)c3c2=O)C(O)C(O)C1O
1999,"InChI=1S/C25H17FN4O2/c1-15(13-22(31)16-7-3-2-4-8-16)28-29-23-19-14-17(26)11-12-21(19)30-24(23)27-20-10-6-5-9-18(20)25(30)32/h2-14,31H,1H3/b22-13-,28-15+,29-23-",424.4,CHEMBL4061424,10.1016/j.bmcl.2017.08.064,Antioxidant activity assessed as DPPH radical scavenging activity incubated for 30 mins under dark condition by UV-vis spectrophotometric method,4.6959405337824,CC(C=C(O)c1ccccc1)=NN=C1c2cc(F)ccc2-n2c1nc1ccccc1c2=O
1297,"InChI=1S/C21H20O6/c1-26-20-11-14(5-9-18(20)24)3-7-16(22)13-17(23)8-4-15-6-10-19(25)21(12-15)27-2/h3-12,24-25H,13H2,1-2H3/b7-3+,8-4+",368.4,CHEMBL140,10.1039/C6MD00053C,Antioxidant activity assessed as DPPH radical scavenging activity incubated in dark for 30 mins by spectrophotometry,4.48971578259932,COc1cc(C=CC(=O)CC(=O)C=Cc2ccc(O)c(OC)c2)ccc1O
661,"InChI=1S/C21H27NO/c1-14(2)17-9-7-16(8-10-17)13-22-19-12-18(21(4,5)6)20(23)11-15(19)3/h7-14,23H,1-6H3/b22-13+",309.5,CHEMBL2316851,10.1016/j.bmcl.2012.12.001,Antioxidant activity assessed as DPPH radical scavenging activity in ethanol solution 30 min (manual check),4.20241142778415,Cc1cc(O)c(C(C)(C)C)cc1N=Cc1ccc(C(C)C)cc1
166,"InChI=1S/C20H21N3O3/c1-14-18(19(24)21-13-15-9-11-17(25-2)12-10-15)20(26-3)23(22-14)16-7-5-4-6-8-16/h4-12H,13H2,1-3H3,(H,21,24)",351.4,CHEMBL3792711,10.1016/j.bmcl.2016.03.024,Antioxidant activity assessed as DPPH free radical scavenging activity incubated for 30 mins in dark condition by spectrophotometric method,4.09217768356782,COc1ccc(CNC(=O)c2c(C)nn(-c3ccccc3)c2OC)cc1
1857,"InChI=1S/C17H19NO4S/c19-16-9-8-15(13-17(16)20)10-12-23(21,22)18-11-4-7-14-5-2-1-3-6-14/h1-3,5-6,8-10,12-13,18-20H,4,7,11H2/b12-10+",333.4,CHEMBL2414565,10.1016/j.bmc.2013.05.043,Antioxidant activity assessed as DPPH radical scavenging activity after 30 mins,5.15490195998574,O=S(=O)(C=Cc1ccc(O)c(O)c1)NCCCc1ccccc1
617,"InChI=1S/C15H10O6/c16-8-4-11(19)15-12(20)6-13(21-14(15)5-8)7-1-2-9(17)10(18)3-7/h1-6,16-19H",286.2,CHEMBL151,10.1016/j.bmcl.2009.09.062,Antioxidant activity assessed as DPPH radical scavenging activity after 30 mins,5.12602795877498,O=c1cc(-c2ccc(O)c(O)c2)oc2cc(O)cc(O)c12
256,"InChI=1S/C25H29NO6/c1-29-20-10-18(11-21(30-2)24(20)27)15-26(14-17-8-6-5-7-9-17)16-19-12-22(31-3)25(28)23(13-19)32-4/h5-13,27-28H,14-16H2,1-4H3",439.5,CHEMBL4286572,10.1016/j.ejmech.2017.11.072,Antioxidant activity assessed as DPPH radical scavenging activity after 30 mins,4.81304366453459,COc1cc(CN(Cc2ccccc2)Cc2cc(OC)c(O)c(OC)c2)cc(OC)c1O
840,"InChI=1S/C31H43FN2O2/c1-30(2,3)26-19-23(20-27(29(26)36)31(4,5)6)10-11-28(35)33-15-12-22-13-16-34(17-14-22)21-24-8-7-9-25(32)18-24/h7-11,18-20,22,36H,12-17,21H2,1-6H3,(H,33,35)/b11-10+",494.7,CHEMBL4295126,10.1016/j.ejmech.2018.08.005,Antioxidant activity assessed as DPPH radical scavenging activity measured after 30 mins incubation in dark by UV-Visible spectrophotometric analysis,4.2580609222708,CC(C)(C)c1cc(C=CC(=O)NCCC2CCN(Cc3cccc(F)c3)CC2)cc(C(C)(C)C)c1O
903,"InChI=1S/C16H13N3O4S/c20-12-7-6-10(8-13(12)21)15-18-19-16(24-15)17-14(22)9-23-11-4-2-1-3-5-11/h1-8,20-21H,9H2,(H,17,19,22)",343.4,CHEMBL4093127,10.1016/j.bmcl.2017.07.003,Antioxidant activity assessed as DPPH radical scavenging activity after 30 mins in absence of light,4.44309473094455,O=C(COc1ccccc1)Nc1nnc(-c2ccc(O)c(O)c2)s1
1843,"InChI=1S/C26H21N3O5S2/c1-2-34-25(33)20(28-29-26(35)27-14-15-7-6-12-36-15)13-21(30)18-10-5-11-19-22(18)24(32)17-9-4-3-8-16(17)23(19)31/h3-12H,2,13-14H2,1H3,(H2,27,29,35)/b28-20-",519.6,CHEMBL2393473,10.1016/j.ejmech.2013.03.071,Antioxidant activity assessed as DPPH radical scavenging activity after 30 mins by spectrophotometric analysis,4.1771783546969,CCOC(=O)C(CC(=O)c1cccc2c1C(=O)c1ccccc1C2=O)=NNC(=S)NCc1cccs1
1851,"InChI=1S/C16H17NO5S/c1-22-14-5-2-13(3-6-14)11-17-23(20,21)9-8-12-4-7-15(18)16(19)10-12/h2-10,17-19H,11H2,1H3/b9-8+",335.4,CHEMBL2414571,10.1016/j.bmc.2013.05.043,Antioxidant activity assessed as DPPH radical scavenging activity after 30 mins,4.95078197732982,COc1ccc(CNS(=O)(=O)C=Cc2ccc(O)c(O)c2)cc1
485,"InChI=1S/C8H9NO5/c10-7-2-1-6(5-8(7)11)3-4-14-9(12)13/h1-2,5,10-11H,3-4H2",199.2,CHEMBL4644322,10.1016/j.bmcl.2020.127277,Antioxidant activity assessed as DPPH radical scavenging activity 30 min (manual check),3.85387196432176,O=[N+]([O-])OCCc1ccc(O)c(O)c1
377,"InChI=1S/C18H14O4S/c1-20-13-8-6-11(7-9-13)16(19)14-10-12-4-3-5-15(21-2)17(12)22-18(14)23/h3-10H,1-2H3",326.4,CHEMBL1165207,10.1016/j.ejmech.2010.01.070,Antioxidant activity assessed as DPPH radical scavenging activity 30 min (manual check),2.73312325241226,COc1ccc(C(=O)c2cc3cccc(OC)c3oc2=S)cc1
1209,"InChI=1S/C20H16O6/c1-24-18-5-3-4-12(19(18)25-2)6-8-16(22)15-11-13-10-14(21)7-9-17(13)26-20(15)23/h3-11,21H,1-2H3/b8-6+",352.3,CHEMBL2425219,10.1016/j.ejmech.2013.07.014,Antioxidant activity assessed as DPPH free radical scavenging activity after 30 mins,3.79588001734407,COc1cccc(C=CC(=O)c2cc3cc(O)ccc3oc2=O)c1OC
351,"InChI=1S/C15H11N/c1-2-6-11-10(5-1)9-13-12-7-3-4-8-14(12)16-15(11)13/h1-8,16H,9H2",205.3,CHEMBL596060,10.1016/j.bmc.2009.07.077,Antioxidant activity assessed as DPPH radical scavenging activity 30 min (manual check),3.49343763773042,c1ccc2c(c1)Cc1c-2[nH]c2ccccc12
1550,"InChI=1S/C27H25NO4/c1-3-4-5-25-26(27(30)19-8-13-22(31-2)14-9-19)23-16-20(10-15-24(23)32-25)28-17-18-6-11-21(29)12-7-18/h6-17,29H,3-5H2,1-2H3/b28-17+",427.5,CHEMBL4211822,10.1016/j.bmcl.2017.12.013,Antioxidant activity assessed as DPPH radical scavenging activity after 20 to 30 mins,4.27319179388382,CCCCc1oc2ccc(N=Cc3ccc(O)cc3)cc2c1C(=O)c1ccc(OC)cc1
1254,"InChI=1S/C19H13NO2/c21-18-15-10-4-8-14-9-5-11-16(17(14)15)19(22)20(18)12-13-6-2-1-3-7-13/h1-11H,12H2",287.3,CHEMBL1528561,10.1007/s00044-010-9384-4,Antioxidant activity assessed as DPPH radical scavenging activity 30 min (manual check),3.84588047448415,O=C1c2cccc3cccc(c23)C(=O)N1Cc1ccccc1
40,"InChI=1S/C26H28N2O8/c1-31-20-10-16(11-21(32-2)24(20)29)14-27-28-26(30)18-6-8-19(9-7-18)36-15-17-12-22(33-3)25(35-5)23(13-17)34-4/h6-14,29H,15H2,1-5H3,(H,28,30)/b27-14+",496.5,CHEMBL3634155,10.1016/j.ejmech.2015.09.016,Antioxidant activity assessed as DPPH radical scavenging activity measured as discoloration incubated for 30 mins in dark,3.8208579894397,COc1cc(C=NNC(=O)c2ccc(OCc3cc(OC)c(OC)c(OC)c3)cc2)cc(OC)c1O
1986,"InChI=1S/C24H18N4O2/c1-12-6-7-13-14-8-9-24(20-15-4-2-3-5-17(15)27-23(20)30)19(16(11-25)22(29)28-24)21(14)26-18(13)10-12/h2-7,10,20,26H,8-9H2,1H3,(H,27,30)(H,28,29)",394.4,CHEMBL4215632,10.1016/j.ejmech.2018.03.056,Antioxidant activity assessed as DPPH radical scavenging activity incubated under dark condition for 30 mins,4.45074050015499,Cc1ccc2c3c([nH]c2c1)C1=C(C#N)C(=O)NC1(C1C(=O)Nc2ccccc21)CC3
831,"InChI=1S/C30H44N2O2/c1-29(2,3)25-18-24(19-26(28(25)34)30(4,5)6)12-13-27(33)31-20-22-14-16-32(17-15-22)21-23-10-8-7-9-11-23/h7-11,18-19,22,34H,12-17,20-21H2,1-6H3,(H,31,33)",464.7,CHEMBL4278832,10.1016/j.ejmech.2018.08.005,Antioxidant activity assessed as DPPH radical scavenging activity measured after 30 mins incubation in dark by UV-Visible spectrophotometric analysis,4.19791074211827,CC(C)(C)c1cc(CCC(=O)NCC2CCN(Cc3ccccc3)CC2)cc(C(C)(C)C)c1O
1053,"InChI=1S/C32H36N2O6/c1-3-4-10-25(19-24-13-16-28(35)29(36)21-24)31(38)34-27(20-23-8-6-5-7-9-23)30(37)32(39)33-18-17-22-11-14-26(40-2)15-12-22/h5-9,11-16,19,21,27,35-36H,3-4,10,17-18,20H2,1-2H3,(H,33,39)(H,34,38)/b25-19+/t27-/m0/s1",544.6,CHEMBL1771024,10.1016/j.bmcl.2011.03.077,Antioxidant activity assessed as DPPH free radical scavenging activity after 30 mins,4.41038545936873,CCCCC(=Cc1ccc(O)c(O)c1)C(=O)NC(Cc1ccccc1)C(=O)C(=O)NCCc1ccc(OC)cc1
223,"InChI=1S/C22H23NO7.ClH/c1-28-22-20(27)19-17(26)11-14(29-9-8-23-6-2-3-7-23)12-18(19)30-21(22)13-4-5-15(24)16(25)10-13;/h4-5,10-12,24-26H,2-3,6-9H2,1H3;1H",449.9,CHEMBL3593741,10.1016/j.bmc.2015.05.023,Antioxidant activity assessed as DPPH radical scavenging activity after 30 min,4.72422809983507,COc1c(-c2ccc(O)c(O)c2)oc2cc(OCCN3CCCC3)cc(O)c2c1=O
520,"InChI=1S/C26H32O11/c1-33-18-5-3-14(9-17(18)28)8-16-15(12-35-25(16)32)7-13-4-6-19(20(10-13)34-2)36-26-24(31)23(30)22(29)21(11-27)37-26/h3-6,9-10,15-16,21-24,26-31H,7-8,11-12H2,1-2H3/t15-,16+,21-,22-,23+,24-,26-/m1/s1",520.5,CHEMBL486465,10.1021/np040113m,Antioxidant activity assessed as DPPH radical scavenging activity after 30 mins,3.42021640338319,COc1ccc(CC2C(=O)OCC2Cc2ccc(OC3OC(CO)C(O)C(O)C3O)c(OC)c2)cc1O
683,"InChI=1S/C20H25NO/c1-5-6-16-7-9-17(10-8-16)13-21-19-12-18(14(2)3)20(22)11-15(19)4/h7-14,22H,5-6H2,1-4H3/b21-13+",295.4,CHEMBL2316831,10.1016/j.bmcl.2012.12.001,Antioxidant activity assessed as DPPH radical scavenging activity in ethanol solution 30 min (manual check),4.16591996320244,CCCc1ccc(C=Nc2cc(C(C)C)c(O)cc2C)cc1
586,"InChI=1S/C21H13ClFN5OS/c1-11-16-18(26-13-7-8-15(23)14(22)9-13)24-10-25-21(16)30-17(11)20-28-27-19(29-20)12-5-3-2-4-6-12/h2-10H,1H3,(H,24,25,26)",437.9,CHEMBL2151333,10.1016/j.ejmech.2012.10.007,Antioxidant activity assessed as inhibition of DPPH free radical production after 30 mins by spectrophotometric analysis,4.38011207639963,Cc1c(-c2nnc(-c3ccccc3)o2)sc2ncnc(Nc3ccc(F)c(Cl)c3)c12
720,"InChI=1S/C19H18N4O2/c24-18(23-20-13-14-7-2-1-3-8-14)12-6-11-17-21-16-10-5-4-9-15(16)19(25)22-17/h1-5,7-10,13H,6,11-12H2,(H,23,24)(H,21,22,25)/b20-13+",334.4,CHEMBL3397962,10.1016/j.bmcl.2015.01.010,Antioxidant activity assessed as DPPH scavenging activity after 30 mins by spectrophotometry,0.245651664288981,O=C(CCCc1nc2ccccc2c(=O)[nH]1)NN=Cc1ccccc1
1591,"InChI=1S/C25H22O9/c1-32-21-6-11(2-3-16(21)28)24-15(10-26)14-4-12(5-19(31)25(14)34-24)20-9-18(30)23-17(29)7-13(27)8-22(23)33-20/h2-8,15,20,24,26-29,31H,9-10H2,1H3/t15-,20+,24+/m1/s1",466.4,CHEMBL4076646,10.1021/acs.jnatprod.6b00750,Antioxidant activity assessed as DPPH radical scavenging activity after 30 mins,4.36663255488299,COc1cc(C2Oc3c(O)cc(C4CC(=O)c5c(O)cc(O)cc5O4)cc3C2CO)ccc1O
1279,"InChI=1S/C16H20ClNO2/c17-14-7-3-2-6-13(14)11-18-12-16(10-15(19)20)8-4-1-5-9-16/h2-3,6-7,11H,1,4-5,8-10,12H2,(H,19,20)/b18-11+",293.8,CHEMBL2236482,10.1007/s00044-010-9498-8,Antioxidant activity assessed as DPPH free radical scavenging activity after 30 min,3.39104746466089,O=C(O)CC1(CN=Cc2ccccc2Cl)CCCCC1
1908,"InChI=1S/C16H13F3O4S/c17-16(18,19)13-4-1-12(2-5-13)10-24(22,23)8-7-11-3-6-14(20)15(21)9-11/h1-9,20-21H,10H2/b8-7+",358.3,CHEMBL3259970,10.1021/jm500258v,Antioxidant activity assessed as DPPH free radical scavenging effect after 30 mins by spectrophotometric analysis,5.23657200643706,O=S(=O)(C=Cc1ccc(O)c(O)c1)Cc1ccc(C(F)(F)F)cc1
969,"InChI=1S/C15H10O5/c16-9-3-1-8(2-4-9)11-7-20-14-6-13(18)12(17)5-10(14)15(11)19/h1-7,16-18H",270.2,CHEMBL239156,10.1016/j.bmcl.2008.08.016,Antioxidant activity assessed as DPPH radical scavenging activity after 30 mins,7.48678239993206,O=c1c(-c2ccc(O)cc2)coc2cc(O)c(O)cc12
5,"InChI=1S/C20H22N4O/c1-15-19(21-14-16-10-12-17(13-11-16)22(2)3)20(25)24(23(15)4)18-8-6-5-7-9-18/h5-14H,1-4H3/b21-14+",334.4,CHEMBL2088270,10.1016/j.bmc.2012.04.058,Antioxidant activity assessed as DPPH free radical scavenging activity incubated for 30 mins,5.61439372640169,Cc1c(N=Cc2ccc(N(C)C)cc2)c(=O)n(-c2ccccc2)n1C
1264,"InChI=1S/C14H12N4O2/c15-8-5-6-10(12(19)7-8)14-18-17-13(20-14)9-3-1-2-4-11(9)16/h1-7,19H,15-16H2",268.3,CHEMBL2236018,10.1007/s00044-010-9480-5,Antioxidant activity of the compound assessed as DPPH radical scavenging activity after 30 min,4.12650629571574,Nc1ccc(-c2nnc(-c3ccccc3N)o2)c(O)c1
1811,"InChI=1S/C16H13ClN2OS/c1-20-13-8-4-11(5-9-13)15-14(18-16(21)19-15)10-2-6-12(17)7-3-10/h2-9H,1H3,(H2,18,19,21)",316.8,CHEMBL2207969,10.1016/j.bmc.2012.09.050,Antioxidant activity of compound assessed as DPPH radical scavenging activity by colorimetric method 30 min (manual check),4.85387196432176,COc1ccc(-c2[nH]c(=S)[nH]c2-c2ccc(Cl)cc2)cc1
548,"InChI=1S/C35H46O19/c1-15-25(42)27(44)32(54-33-28(45)26(43)21(40)14-49-33)35(50-15)53-31-29(46)34(48-10-9-17-3-6-18(37)20(39)11-17)51-23(13-36)30(31)52-24(41)8-5-16-4-7-19(38)22(12-16)47-2/h3-8,11-12,15,21,23,25-40,42-46H,9-10,13-14H2,1-2H3/b8-5+/t15-,21-,23+,25-,26+,27+,28+,29+,30+,31+,32+,33-,34+,35-/m0/s1",770.7,CHEMBL608705,10.1016/j.bmc.2009.07.065,Antioxidant activity assessed as DPPH radical scavenging activity after 30 mins by spectrophotometry,4.85387196432176,COc1cc(C=CC(=O)OC2C(CO)OC(OCCc3ccc(O)c(O)c3)C(O)C2OC2OC(C)C(O)C(O)C2OC2OCC(O)C(O)C2O)ccc1O
373,"InChI=1S/C15H10O3S2/c1-17-11-5-2-4-9-8-10(15(19)18-14(9)11)13(16)12-6-3-7-20-12/h2-8H,1H3",302.4,CHEMBL1165360,10.1016/j.ejmech.2010.01.070,Antioxidant activity assessed as DPPH radical scavenging activity 30 min (manual check),3.98642719281073,COc1cccc2cc(C(=O)c3cccs3)c(=S)oc12
7,"InChI=1S/C19H19N3O2/c1-14-18(20-13-15-9-11-17(24-3)12-10-15)19(23)22(21(14)2)16-7-5-4-6-8-16/h4-13H,1-3H3/b20-13+",321.4,CHEMBL2088272,10.1016/j.bmc.2012.04.058,Antioxidant activity assessed as DPPH free radical scavenging activity incubated for 30 mins,4.81616096294358,COc1ccc(C=Nc2c(C)n(C)n(-c3ccccc3)c2=O)cc1
1028,"InChI=1S/C20H20O5/c1-8-6-10-13(21)11-12(15(23)17(10)25-8)19(2)5-4-9-7-20(9,3)18(19)16(24)14(11)22/h6,9,21,23-24H,4-5,7H2,1-3H3/t9-,19+,20+/m0/s1",340.4,CHEMBL1288266,10.1016/j.bmc.2010.10.037,Antioxidant activity assessed as DPPH radical scavenging activity 30 min (manual check),4.25963731050576,Cc1cc2c(O)c3c(c(O)c2o1)C1(C)CCC2CC2(C)C1=C(O)C3=O
1499,"InChI=1S/C18H17N3O3S/c19-16-15(25-18(20-16)21-8-4-1-5-9-21)14(22)12-10-11-6-2-3-7-13(11)24-17(12)23/h2-3,6-7,10H,1,4-5,8-9,19H2",355.4,CHEMBL4176776,10.1016/j.ejmech.2018.06.015,Antioxidant activity assessed as DPPH radical scavenging activity incubated for 30 mins under dark condition by spectrophotometric method,4.11455477642853,Nc1nc(N2CCCCC2)sc1C(=O)c1cc2ccccc2oc1=O
645,"InChI=1S/C18H21NO/c1-12(2)16-10-18(20)14(4)9-17(16)19-11-15-7-5-13(3)6-8-15/h5-12,20H,1-4H3/b19-11+",267.4,CHEMBL2311805,10.1016/j.bmcl.2012.12.001,Antioxidant activity assessed as DPPH radical scavenging activity in ethanol solution 30 min (manual check),4.01926086278333,Cc1ccc(C=Nc2cc(C)c(O)cc2C(C)C)cc1
260,"InChI=1S/C22H31NO5/c1-27-21-13-17(7-9-19(21)25)15-23(11-5-3-4-6-12-24)16-18-8-10-20(26)22(14-18)28-2/h7-10,13-14,24-26H,3-6,11-12,15-16H2,1-2H3",389.5,CHEMBL4282118,10.1016/j.ejmech.2017.11.072,Antioxidant activity assessed as DPPH radical scavenging activity after 30 mins,4.65364702554936,COc1cc(CN(CCCCCCO)Cc2ccc(O)c(OC)c2)ccc1O
54,"InChI=1S/C30H23NO5/c32-26-14-8-7-13-25(26)31-18-23-15-29(33)36-28-17-24(34-19-21-9-3-1-4-10-21)16-27(30(23)28)35-20-22-11-5-2-6-12-22/h1-18,32H,19-20H2/b31-18-",477.5,CHEMBL1909919,10.1016/j.bmcl.2011.09.029,Antioxidant activity assessed as DPPH free radical scavenging activity after 30 mins by spectrophotometric analysis,4.79021698515148,O=c1cc(C=Nc2ccccc2O)c2c(OCc3ccccc3)cc(OCc3ccccc3)cc2o1
640,"InChI=1S/C17H18FNO/c1-11(2)15-9-17(20)12(3)8-16(15)19-10-13-4-6-14(18)7-5-13/h4-11,20H,1-3H3/b19-10+",271.3,CHEMBL2316822,10.1016/j.bmcl.2012.12.001,Antioxidant activity assessed as DPPH radical scavenging activity in ethanol solution 30 min (manual check),3.92129925683957,Cc1cc(N=Cc2ccc(F)cc2)c(C(C)C)cc1O
277,"InChI=1S/C26H21NO7/c28-20-9-7-17(13-22(20)30)23-14-18-16(6-10-21(29)25(18)34-23)8-11-24(31)27-19(26(32)33)12-15-4-2-1-3-5-15/h1-11,13-14,19,28-30H,12H2,(H,27,31)(H,32,33)/b11-8+/t19-/m0/s1",459.5,CHEMBL4104607,10.1016/j.ejmech.2016.08.019,Antioxidant activity assessed as DPPH radical scavenging activity incubated for 30 mins under dark conditions by spectrophotometry,5.3767507096021,O=C(C=Cc1ccc(O)c2oc(-c3ccc(O)c(O)c3)cc12)NC(Cc1ccccc1)C(=O)O
1032,"InChI=1S/C20H22O6/c1-7-12(21)10-13(22)9-11(15(24)17(10)26-7)19(2)5-4-8-6-20(8,3)18(19)16(25)14(9)23/h7-8,12,21-22,24-25H,4-6H2,1-3H3/t7-,8-,12-,19+,20+/m0/s1",358.4,CHEMBL1287850,10.1016/j.bmc.2010.10.037,Antioxidant activity assessed as DPPH radical scavenging activity 30 min (manual check),4.07572071393812,CC1Oc2c(O)c3c(c(O)c2C1O)C(=O)C(O)=C1C3(C)CCC2CC12C
1247,"InChI=1S/C39H42N2O2/c1-25(2)27-14-17-32-28(22-27)15-19-34-38(3,20-9-21-39(32,34)4)24-41-36(42)30-13-8-12-29-33(18-16-31(35(29)30)37(41)43)40-23-26-10-6-5-7-11-26/h5-8,10-14,16-18,22,25,34,40H,9,15,19-21,23-24H2,1-4H3/t34?,38-,39-/m1/s1",570.8,CHEMBL2234758,10.1007/s00044-010-9384-4,Antioxidant activity assessed as DPPH radical scavenging activity 30 min (manual check),4.20830935097988,CC(C)c1ccc2c(c1)CCC1C(C)(CN3C(=O)c4cccc5c(NCc6ccccc6)ccc(c45)C3=O)CCCC21C
163,"InChI=1S/C19H19N3O2/c1-14-17(18(23)20-13-15-9-5-3-6-10-15)19(24-2)22(21-14)16-11-7-4-8-12-16/h3-12H,13H2,1-2H3,(H,20,23)",321.4,CHEMBL3793671,10.1016/j.bmcl.2016.03.024,Antioxidant activity assessed as DPPH free radical scavenging activity incubated for 30 mins in dark condition by spectrophotometric method,4.13358215079496,COc1c(C(=O)NCc2ccccc2)c(C)nn1-c1ccccc1
1316,"InChI=1S/C22H18O11/c23-10-5-12(24)11-7-18(33-22(31)9-3-15(27)20(30)16(28)4-9)21(32-17(11)6-10)8-1-13(25)19(29)14(26)2-8/h1-6,18,21,23-30H,7H2/t18-,21-/m1/s1",458.4,CHEMBL297453,10.1021/np020048l,Antioxidant activity assessed as DPPH free radical scavenging activity after 30 mins,5.15540137621214,O=C(OC1Cc2c(O)cc(O)cc2OC1c1cc(O)c(O)c(O)c1)c1cc(O)c(O)c(O)c1
1921,"InChI=1S/C15H10O4/c16-10-6-11(17)15-12(18)8-13(19-14(15)7-10)9-4-2-1-3-5-9/h1-8,16-17H",254.2,CHEMBL117,10.1016/j.ejmech.2014.04.054,Antioxidant activity assessed as DPPH radical scavenging activity after 30 mins,4.09554537879209,O=c1cc(-c2ccccc2)oc2cc(O)cc(O)c12
1695,"InChI=1S/C28H31NO5/c1-29(19-20-10-9-11-21(30)16-20)14-7-3-2-4-8-15-33-22-17-24(31)27-26(18-22)34-25-13-6-5-12-23(25)28(27)32/h5-6,9-13,16-18,30-31H,2-4,7-8,14-15,19H2,1H3",461.6,CHEMBL4755459,10.1016/j.ejmech.2021.113154,Antioxidant activity assessed as DPPH radical scavenging activity incubated for 30 mins under dark condition,3.14327110961712,CN(CCCCCCCOc1cc(O)c2c(=O)c3ccccc3oc2c1)Cc1cccc(O)c1
1079,"InChI=1S/C20H20O13/c21-5-13-17(28)18(33-20(30)8-3-11(24)16(27)12(25)4-8)14(6-31-13)32-19(29)7-1-9(22)15(26)10(23)2-7/h1-4,13-14,17-18,21-28H,5-6H2/t13-,14+,17-,18-/m1/s1",468.4,CHEMBL1933682,10.1016/j.bmcl.2011.10.073,Antioxidant activity assessed as DPPH free radical scavenging activity after 30 mins,4.72584215073632,O=C(OC1COC(CO)C(O)C1OC(=O)c1cc(O)c(O)c(O)c1)c1cc(O)c(O)c(O)c1
952,"InChI=1S/C18H22O9/c1-2-26-17(24)18(25)8-13(21)16(23)14(9-18)27-15(22)6-4-10-3-5-11(19)12(20)7-10/h3-7,13-14,16,19-21,23,25H,2,8-9H2,1H3/b6-4+/t13-,14-,16-,18+/m1/s1",382.4,CHEMBL482232,10.1021/np050447r,Antioxidant activity assessed as DPPH free radical scavenging activity relative to control 30 min (manual check),4.73125953488499,CCOC(=O)C1(O)CC(O)C(O)C(OC(=O)C=Cc2ccc(O)c(O)c2)C1
525,"InChI=1S/C7H6O4/c8-4-1-2-6(9)5(3-4)7(10)11/h1-3,8-9H,(H,10,11)",154.1,CHEMBL1461,10.1021/np010605o,Antioxidant activity assessed as DPPH radical scavenging activity after 30 mins by spectrophotometry,5.37059040089728,O=C(O)c1cc(O)ccc1O
965,"InChI=1S/C33H42O6/c1-19(2)9-11-23-18-32(15-13-20(3)4)28(37)26(27(36)22-10-12-24(34)25(35)17-22)29(38)33(30(32)39,31(23,7)8)16-14-21(5)6/h9-10,12-14,17,23,34-35,37H,11,15-16,18H2,1-8H3/t23-,32+,33-/m1/s1",534.7,CHEMBL516196,10.1021/np0497595,Antioxidant activity assessed as DPPH radical scavenging activity 30 min (manual check),3.90308998699194,CC(C)=CCC1CC2(CC=C(C)C)C(=O)C(CC=C(C)C)(C(=O)C(C(=O)c3ccc(O)c(O)c3)=C2O)C1(C)C
1199,"InChI=1S/C27H22O5/c1-18-6-8-19(9-7-18)10-13-25(28)24-15-21-11-12-23(16-26(21)32-27(24)29)31-17-20-4-3-5-22(14-20)30-2/h3-16H,17H2,1-2H3/b13-10+",426.5,CHEMBL2425231,10.1016/j.ejmech.2013.07.014,Antioxidant activity assessed as DPPH free radical scavenging activity after 30 mins,2.58004425151024,COc1cccc(COc2ccc3cc(C(=O)C=Cc4ccc(C)cc4)c(=O)oc3c2)c1
1902,"InChI=1S/C15H14O4S/c16-14-7-6-12(10-15(14)17)8-9-20(18,19)11-13-4-2-1-3-5-13/h1-10,16-17H,11H2/b9-8+",290.3,CHEMBL3259964,10.1021/jm500258v,Antioxidant activity assessed as DPPH free radical scavenging effect after 30 mins by spectrophotometric analysis,5.09151498112135,O=S(=O)(C=Cc1ccc(O)c(O)c1)Cc1ccccc1
1622,"InChI=1S/C17H14N2O9S/c20-13-7-6-11(10-14(13)21)17(22)27-9-8-26-15-16(19(23)28-18-15)29(24,25)12-4-2-1-3-5-12/h1-7,10,20-21H,8-9H2",422.4,CHEMBL4089052,10.1016/j.bmc.2017.06.023,Antioxidant activity assessed as DPPH free radical scavenging activity measured after 30 mins in absence of light,4.22184874961636,O=C(OCCOc1no[n+]([O-])c1S(=O)(=O)c1ccccc1)c1ccc(O)c(O)c1
1948,"InChI=1S/C35H28O22/c1-52-18-5-10(4-15(38)23(18)42)32(49)57-35-28(47)30(56-31(48)9-2-13(36)22(41)14(37)3-9)29-19(54-35)8-53-33(50)11-6-16(39)24(43)26(45)20(11)21-12(34(51)55-29)7-17(40)25(44)27(21)46/h2-7,19,28-30,35-47H,8H2,1H3/t19-,28-,29-,30-,35+/m1/s1",800.6,CHEMBL3581890,10.1021/np500953e,Antioxidant activity assessed as DPPH radical-scavenging activity incubated for 30 mins by spectrophotometry,5.2298847052129,COc1cc(C(=O)OC2OC3COC(=O)c4cc(O)c(O)c(O)c4-c4c(cc(O)c(O)c4O)C(=O)OC3C(OC(=O)c3cc(O)c(O)c(O)c3)C2O)cc(O)c1O
693,"InChI=1S/C17H18N2O/c18-14-8-6-12(7-9-14)15-11-20-16-5-1-3-13-4-2-10-19(15)17(13)16/h1,3,5-9,15H,2,4,10-11,18H2",266.3,CHEMBL3086060,10.1016/j.bmcl.2013.09.088,Antioxidant activity assessed as DPPH free radical scavenging activity after 30 mins by spectrophotometry,4.34678748622466,Nc1ccc(C2COc3cccc4c3N2CCC4)cc1
1885,"InChI=1S/C14H10Cl2N2OS/c15-10-6-7-12(11(16)8-10)17-14(20)18-13(19)9-4-2-1-3-5-9/h1-8H,(H2,17,18,19,20)",325.2,CHEMBL3087546,10.1016/j.ejmech.2013.10.012,Antioxidant activity assessed as DPPH free radical scavenging activity after 30 mins,3.61978875828839,O=C(NC(=S)Nc1ccc(Cl)cc1Cl)c1ccccc1
2104,"InChI=1S/C27H35N3O4/c1-9-25(3,4)22-17(12-20-24(32)28-14(2)23(31)30-20)16-10-15-11-21(26(5,6)33)34-27(7,8)18(15)13-19(16)29-22/h9-10,12-14,21,29,33H,1,11H2,2-8H3,(H,28,32)(H,30,31)/b20-12-/t14-,21+/m0/s1",465.6,CHEMBL251227,10.1021/np070208z,DPPH radical scavenging activity 30 min (manual check),4.05060999335509,C=CC(C)(C)c1[nH]c2cc3c(cc2c1C=C1NC(=O)C(C)NC1=O)CC(C(C)(C)O)OC3(C)C
776,"InChI=1S/C22H23NO7/c24-16-12-18(30-19-13-17(25)21(26)22(27)20(16)19)14-2-4-15(5-3-14)29-9-1-6-23-7-10-28-11-8-23/h2-5,12-13,25-27H,1,6-11H2",413.4,CHEMBL3634655,10.1016/j.bmc.2015.09.047,Antioxidant activity assessed as DPPH radical scavenging by spectrophotometric analysis 30 min (manual check),3.56161589296529,O=c1cc(-c2ccc(OCCCN3CCOCC3)cc2)oc2cc(O)c(O)c(O)c12
516,"InChI=1S/C27H34N2O9/c1-3-13-16(10-19-21-15(8-9-28-19)14-6-4-5-7-18(14)29-21)17(25(34)35-2)12-36-26(13)38-27-24(33)23(32)22(31)20(11-30)37-27/h3-7,12-13,16,19-20,22-24,26-33H,1,8-11H2,2H3/t13-,16+,19+,20-,22-,23+,24-,26+,27+/m1/s1",530.6,CHEMBL402211,10.1021/np049863m,Antioxidant activity assessed as DPPH radical scavenging activity 30 min (manual check),4.2518119729938,C=CC1C(OC2OC(CO)C(O)C(O)C2O)OC=C(C(=O)OC)C1CC1NCCc2c1[nH]c1ccccc21
2013,"InChI=1S/C19H16O6/c20-14(9-7-12-3-1-5-16(22)18(12)24)11-15(21)10-8-13-4-2-6-17(23)19(13)25/h1-10,22-25H,11H2/b9-7+,10-8+",340.3,CHEMBL4465224,10.1016/j.bmcl.2019.06.052,Antioxidant activity assessed as DPPH radical scavenging activity measured after 30 mins,4.52287874528034,O=C(C=Cc1cccc(O)c1O)CC(=O)C=Cc1cccc(O)c1O
446,"InChI=1S/C26H18ClNO4/c27-20-10-4-1-7-15(20)18(19-14-28-21-11-5-2-8-16(19)21)13-22(29)24-25(30)17-9-3-6-12-23(17)32-26(24)31/h1-12,14,18,28,30H,13H2",443.9,CHEMBL3752426,10.1016/j.bmcl.2015.12.085,Antioxidant activity of the compound assessed as DPPH radical scavenging after 30 mins by spectrophotometric analysis,4.04937067382284,O=C(CC(c1ccccc1Cl)c1c[nH]c2ccccc12)c1c(O)c2ccccc2oc1=O
2042,"InChI=1S/C25H37N3O3/c1-5-19(6-2)17-27-22-11-12-24(29)21(16-22)18-26-14-13-20-9-8-10-23(15-20)31-25(30)28(4)7-3/h8-12,15-16,19,26-27,29H,5-7,13-14,17-18H2,1-4H3",427.6,CHEMBL4462197,10.1016/j.ejmech.2019.04.060,Antioxidant activity assessed as DPPH free radical scavenging activity after 30 mins incubation in dark by UV-Visible spectrophotometric analysis,4.542269451754,CCC(CC)CNc1ccc(O)c(CNCCc2cccc(OC(=O)N(C)CC)c2)c1
1734,"InChI=1S/C19H22O3/c1-4-5-6-7-15-11-16-17(12-20)19(21)14(9-8-13(2)3)10-18(16)22-15/h6-8,10-12,21H,4-5,9H2,1-3H3/b7-6+",298.4,CHEMBL462797,10.1021/np060248n,Antioxidant activity assessed as DPPH free radical scavenging activity 30 min (manual check),3.53031614665046,CCCC=Cc1cc2c(C=O)c(O)c(CC=C(C)C)cc2o1
366,"InChI=1S/C15H11NO/c17-13-7-3-4-9-8-11-10-5-1-2-6-12(10)16-15(11)14(9)13/h1-7,16-17H,8H2",221.3,CHEMBL596276,10.1016/j.bmc.2009.07.077,Antioxidant activity assessed as DPPH radical scavenging activity 30 min (manual check),4.33980090142348,Oc1cccc2c1-c1[nH]c3ccccc3c1C2
1860,"InChI=1S/C17H17NO3/c19-15-8-6-14(12-16(15)20)7-9-17(21)18-11-10-13-4-2-1-3-5-13/h1-9,12,19-20H,10-11H2,(H,18,21)/b9-7+",283.3,CHEMBL67498,10.1016/j.bmc.2013.08.057,Antioxidant activity assessed as DPPH radical scavenging activity after 30 mins by spectrophotometry,4.86012091359876,O=C(C=Cc1ccc(O)c(O)c1)NCCc1ccccc1
522,"InChI=1S/C26H32O11/c1-33-19-9-13(3-5-17(19)28)7-15-12-35-25(32)16(15)8-14-4-6-18(20(10-14)34-2)36-26-24(31)23(30)22(29)21(11-27)37-26/h3-6,9-10,15-16,21-24,26-31H,7-8,11-12H2,1-2H3/t15-,16+,21-,22-,23+,24-,26-/m1/s1",520.5,CHEMBL520065,10.1021/np040113m,Antioxidant activity assessed as DPPH radical scavenging activity after 30 mins,3.71219827006977,COc1cc(CC2COC(=O)C2Cc2ccc(OC3OC(CO)C(O)C(O)C3O)c(OC)c2)ccc1O
1995,"InChI=1S/C30H21N5O2/c1-19(17-27(36)21-7-3-2-4-8-21)33-34-28-24-18-22(20-13-15-31-16-14-20)11-12-26(24)35-29(28)32-25-10-6-5-9-23(25)30(35)37/h2-18,36H,1H3/b27-17-,33-19+,34-28-",483.5,CHEMBL4086629,10.1016/j.bmcl.2017.08.064,Antioxidant activity assessed as DPPH radical scavenging activity incubated for 30 mins under dark condition by UV-vis spectrophotometric method,5.20551195334083,CC(C=C(O)c1ccccc1)=NN=C1c2cc(-c3ccncc3)ccc2-n2c1nc1ccccc1c2=O
371,InChI=1S/C16H8BrClO2S/c17-11-3-6-14-10(7-11)8-13(16(21)20-14)15(19)9-1-4-12(18)5-2-9/h1-8H,379.7,CHEMBL1165217,10.1016/j.ejmech.2010.01.070,Antioxidant activity assessed as DPPH radical scavenging activity 30 min (manual check),2.64981223871101,O=C(c1ccc(Cl)cc1)c1cc2cc(Br)ccc2oc1=S
330,"InChI=1S/C26H34O11/c1-34-19-6-12(3-4-17(19)29)22-15-8-18(30)20(35-2)7-13(15)5-14(9-27)16(22)11-36-26-25(33)24(32)23(31)21(10-28)37-26/h3-4,6-8,14,16,21-33H,5,9-11H2,1-2H3/t14-,16-,21-,22-,23-,24+,25-,26-/m1/s1",522.5,CHEMBL459617,10.1021/np0100845,Antioxidant activity assessed as DPPH free radical scavenging activity after 30 mins,4.97881070093006,COc1cc(C2c3cc(O)c(OC)cc3CC(CO)C2COC2OC(CO)C(O)C(O)C2O)ccc1O
1034,"InChI=1S/C20H24O5/c1-9-8-10-13(21)11-12(15(23)17(10)25-9)20(4)7-5-6-19(2,3)18(20)16(24)14(11)22/h9,21,23-24H,5-8H2,1-4H3/t9-,20+/m0/s1",344.4,CHEMBL1287880,10.1016/j.bmc.2010.10.037,Antioxidant activity assessed as DPPH radical scavenging activity 30 min (manual check),4.25963731050576,CC1Cc2c(O)c3c(c(O)c2O1)C1(C)CCCC(C)(C)C1=C(O)C3=O
1863,"InChI=1S/C17H15NO6/c19-15-7-3-13(11-16(15)20)4-8-17(21)24-10-9-12-1-5-14(6-2-12)18(22)23/h1-8,11,19-20H,9-10H2/b8-4+",329.3,CHEMBL2441916,10.1016/j.bmc.2013.08.057,Antioxidant activity assessed as DPPH radical scavenging activity after 30 mins by spectrophotometry,4.81247927916354,O=C(C=Cc1ccc(O)c(O)c1)OCCc1ccc([N+](=O)[O-])cc1
1801,"InChI=1S/C30H43NO2/c1-6-11-27-22-28(31-30(32)26-16-7-8-17-26)18-19-29(27)33-21-20-25(5)15-10-14-24(4)13-9-12-23(2)3/h6,12,14,18-20,22,26H,1,7-11,13,15-17,21H2,2-5H3,(H,31,32)/b24-14+,25-20+",449.7,CHEMBL2087308,10.1016/j.bmc.2012.07.025,Antioxidant activity assessed as inhibition of DPPH radical scavenging activity after 30 mins by spectrophotometry,3.33592240981493,C=CCc1cc(NC(=O)C2CCCC2)ccc1OCC=C(C)CCC=C(C)CCC=C(C)C
504,"InChI=1S/C17H15N5S/c1-21-15(19-20-17(21)23)11-22-14-10-6-5-9-13(14)18-16(22)12-7-3-2-4-8-12/h2-10H,11H2,1H3,(H,20,23)",321.4,CHEMBL263912,10.1016/j.bmc.2008.02.077,Antioxidant activity assessed as DPPH free radical scavenging activity after 30 mins,3.56703070912559,Cn1c(Cn2c(-c3ccccc3)nc3ccccc32)n[nH]c1=S
656,"InChI=1S/C18H20N2O3/c1-12-9-17(21)15(18(2,3)4)10-16(12)19-11-13-5-7-14(8-6-13)20(22)23/h5-11,21H,1-4H3/b19-11+",312.4,CHEMBL2316856,10.1016/j.bmcl.2012.12.001,Antioxidant activity assessed as DPPH radical scavenging activity in ethanol solution 30 min (manual check),3.81902431650586,Cc1cc(O)c(C(C)(C)C)cc1N=Cc1ccc([N+](=O)[O-])cc1
707,"InChI=1S/C22H18O8/c1-11(23)29-21-17(13-3-7-15(25)8-4-13)19(27)20(28)18(22(21)30-12(2)24)14-5-9-16(26)10-6-14/h3-10,25-28H,1-2H3",410.4,CHEMBL3238007,10.1021/np401026b,Antioxidant activity assessed as DPPH radical scavenging activity after 30 mins by microplate reader analysis,4.35654732351381,CC(=O)Oc1c(OC(C)=O)c(-c2ccc(O)cc2)c(O)c(O)c1-c1ccc(O)cc1
2098,"InChI=1S/C24H31N3O2/c1-7-24(5,6)21-18(13-19-23(29)25-15(4)22(28)26-19)17-10-8-9-16(20(17)27-21)12-11-14(2)3/h7-11,15,19,27H,1,12-13H2,2-6H3,(H,25,29)(H,26,28)/t15-,19-/m0/s1",393.5,CHEMBL249257,10.1021/np070208z,DPPH radical scavenging activity 30 min (manual check),3.04624030826677,C=CC(C)(C)c1[nH]c2c(CC=C(C)C)cccc2c1CC1NC(=O)C(C)NC1=O
437,"InChI=1S/C11H10O3/c1-7-4-2-3-5-8(7)10-9(12)6-14-11(10)13/h2-5,12H,6H2,1H3",190.2,CHEMBL3601585,10.1016/j.bmc.2015.05.026,Antioxidant activity assessed as DPPH radical scavenging activity incubated for 30 mins,4.34103515733556,Cc1ccccc1C1=C(O)COC1=O
1612,"InChI=1S/C18H14O10/c1-6(19)27-17-11(26-2)5-8(20)12-14(24)15(25)16(28-18(12)17)7-3-9(21)13(23)10(22)4-7/h3-5,20-23,25H,1-2H3",390.3,CHEMBL4060292,10.1021/acs.jnatprod.6b00720,Antioxidant activity assessed as DPPH radical scavenging activity incubated for 30 mins,4.86646109162978,COc1cc(O)c2c(=O)c(O)c(-c3cc(O)c(O)c(O)c3)oc2c1OC(C)=O
947,"InChI=1S/C17H16O4/c18-15-8-6-14(12-16(15)19)7-9-17(20)21-11-10-13-4-2-1-3-5-13/h1-9,12,18-19H,10-11H2/b9-7+",284.3,CHEMBL319244,10.1016/j.bmc.2013.05.043,Antioxidant activity assessed as DPPH radical scavenging activity after 30 mins,4.83921848179203,O=C(C=Cc1ccc(O)c(O)c1)OCCc1ccccc1
1168,"InChI=1S/C18H19NO6/c1-9-14(17(20)22-3)16(15(10(2)19-9)18(21)23-4)11-5-6-12-13(7-11)25-8-24-12/h5-7,16,19H,8H2,1-4H3",345.4,CHEMBL2063653,10.1016/j.ejmech.2013.06.006,Antioxidant activity assessed as DPPH free radical scavenging activity under dark condition after 30 mins,2.75728539461031,COC(=O)C1=C(C)NC(C)=C(C(=O)OC)C1c1ccc2c(c1)OCO2
1288,"InChI=1S/C19H16O5/c20-15-5-3-11(17(22)9-15)7-13-1-2-14(19(13)24)8-12-4-6-16(21)10-18(12)23/h3-10,20-23H,1-2H2/b13-7+,14-8+",324.3,CHEMBL2235212,10.1007/s00044-010-9521-0,Antioxidant activity assessed as DPPH scavenging activity after 30 min by spectrophotometry,4.2955063029907,O=C1C(=Cc2ccc(O)cc2O)CCC1=Cc1ccc(O)cc1O
1735,"InChI=1S/C20H26O6/c1-26-20-11-14(5-9-18(20)24)3-7-16(22)12-15(21)6-2-13-4-8-17(23)19(25)10-13/h4-5,8-11,15-16,21-25H,2-3,6-7,12H2,1H3/t15-,16+/m0/s1",362.4,CHEMBL464199,10.1021/np0603119,Antioxidant activity assessed as DPPH free radical scavenging activity after 30 mins by multilabel counter,4.61978875828839,COc1cc(CCC(O)CC(O)CCc2ccc(O)c(O)c2)ccc1O
1888,"InChI=1S/C14H12N2OS/c17-13(11-7-3-1-4-8-11)16-14(18)15-12-9-5-2-6-10-12/h1-10H,(H2,15,16,17,18)",256.3,CHEMBL1834362,10.1016/j.ejmech.2013.10.012,Antioxidant activity assessed as DPPH free radical scavenging activity after 30 mins,3.11407366019857,O=C(NC(=S)Nc1ccccc1)c1ccccc1
259,"InChI=1S/C20H27NO4/c1-4-5-10-21(13-15-6-8-17(22)19(11-15)24-2)14-16-7-9-18(23)20(12-16)25-3/h6-9,11-12,22-23H,4-5,10,13-14H2,1-3H3",345.4,CHEMBL4293375,10.1016/j.ejmech.2017.11.072,Antioxidant activity assessed as DPPH radical scavenging activity after 30 mins,4.65955588515988,CCCCN(Cc1ccc(O)c(OC)c1)Cc1ccc(O)c(OC)c1
1915,"InChI=1S/C19H22O3S/c1-19(2,3)16-7-4-15(5-8-16)13-23(22)11-10-14-6-9-17(20)18(21)12-14/h4-12,20-21H,13H2,1-3H3/b11-10+",330.4,CHEMBL3259977,10.1021/jm500258v,Antioxidant activity assessed as DPPH free radical scavenging effect after 30 mins by spectrophotometric analysis,5.00436480540245,CC(C)(C)c1ccc(CS(=O)C=Cc2ccc(O)c(O)c2)cc1
96,"InChI=1S/C17H15N3O3S/c24-17-20(11-18-13-4-2-1-3-5-13)19-16(23-17)12-6-7-14-15(10-12)22-9-8-21-14/h1-7,10,18H,8-9,11H2",341.4,CHEMBL2435558,10.1016/j.bmc.2013.08.002,Antioxidant activity assessed as DPPH free radical scavenging activity after 30 mins by spectrophotometric analysis,4.48638292621212,S=c1oc(-c2ccc3c(c2)OCCO3)nn1CNc1ccccc1
2080,"InChI=1S/C14H11BrO4/c15-9-3-7-2-1-6-4-10(16)11(17)5-8(6)12(7)14(19)13(9)18/h3-5,16-19H,1-2H2",323.1,CHEMBL256289,10.1021/np070281p,DPPH radical scavenging activity 30 min (manual check),5.16749108729376,Oc1cc2c(cc1O)-c1c(cc(Br)c(O)c1O)CC2
1309,"InChI=1S/C21H27NO4/c1-13-8-17(23)15(21(2,3)4)11-16(13)22-12-14-9-18(24-5)20(26-7)19(10-14)25-6/h8-12,23H,1-7H3/b22-12+",357.5,CHEMBL2316862,10.1016/j.bmcl.2012.12.001,Antioxidant activity assessed as DPPH radical scavenging activity in chloroform solution 30 min (manual check),4.28155618397788,COc1cc(C=Nc2cc(C(C)(C)C)c(O)cc2C)cc(OC)c1OC
86,"InChI=1S/C22H26ClN3O9S/c1-11(27)31-10-17-18(32-12(2)28)19(33-13(3)29)20(34-14(4)30)21(35-17)25-22(36)26-24-9-15-5-7-16(23)8-6-15/h5-9,17-21H,10H2,1-4H3,(H2,25,26,36)/b24-9+/t17-,18+,19+,20-,21-/m1/s1",544.0,CHEMBL2324824,10.1016/j.ejmech.2012.10.004,Antioxidant activity assessed as DPPH radical scavenging activity after 30 mins by spectrophotometry,3.56863623584101,CC(=O)OCC1OC(NC(=S)NN=Cc2ccc(Cl)cc2)C(OC(C)=O)C(OC(C)=O)C1OC(C)=O
466,"InChI=1S/C22H18N4/c1-2-7-15(8-3-1)22-21(17-10-4-5-11-18(17)24-22)20-13-19(25-26-20)16-9-6-12-23-14-16/h1-12,14,20,24,26H,13H2",338.4,CHEMBL4166549,10.1016/j.ejmech.2018.01.026,Antioxidant activity assessed as inhibition of DPPH radical formation after 30 mins,4.39557222916365,c1ccc(-c2[nH]c3ccccc3c2C2CC(c3cccnc3)=NN2)cc1
691,"InChI=1S/C15H18O6/c1-3-4-7-5-10-14(20-7)8-6-9(19-2)12(16)13(17)11(8)15(18)21-10/h6-7,10,14,16-17H,3-5H2,1-2H3/t7-,10+,14+/m0/s1",294.3,CHEMBL1668326,10.1021/np1003752,Antioxidant activity assessed as DPPH radical scavenging activity 30 min (manual check),4.52550027298652,CCCC1CC2OC(=O)c3c(cc(OC)c(O)c3O)C2O1
39,"InChI=1S/C26H28N2O7/c1-5-34-22-12-17(6-11-21(22)29)15-27-28-26(30)19-7-9-20(10-8-19)35-16-18-13-23(31-2)25(33-4)24(14-18)32-3/h6-15,29H,5,16H2,1-4H3,(H,28,30)/b27-15+",480.5,CHEMBL3634156,10.1016/j.ejmech.2015.09.016,Antioxidant activity assessed as DPPH radical scavenging activity measured as discoloration incubated for 30 mins in dark,3.65638752673979,CCOc1cc(C=NNC(=O)c2ccc(OCc3cc(OC)c(OC)c(OC)c3)cc2)ccc1O
242,"InChI=1S/C25H23FN2O3/c1-16-4-8-18(9-5-16)22-15-25(30,20-11-6-17(2)7-12-20)28(27-22)24(29)19-10-13-23(31-3)21(26)14-19/h4-14,30H,15H2,1-3H3",418.5,CHEMBL3741691,10.1016/j.ejmech.2015.09.029,Antioxidant activity assessed as DPPH free radical scavenging activity after 30 mins by spectrophotometric assay,4.40132582987788,COc1ccc(C(=O)N2N=C(c3ccc(C)cc3)CC2(O)c2ccc(C)cc2)cc1F
1660,"InChI=1S/C23H22N2O4/c1-29-20-13-15(9-10-19(20)26)14-24-11-4-12-25-22(27)17-7-2-5-16-6-3-8-18(21(16)17)23(25)28/h2-3,5-10,13,24,26H,4,11-12,14H2,1H3",390.4,CHEMBL4441923,10.1039/C9MD00048H,Antioxidant activity assessed as DPPH radical scavenging activity after 30 mins under dark condition by spectrophotometric analysis,4.29499204066666,COc1cc(CNCCCN2C(=O)c3cccc4cccc(c34)C2=O)ccc1O
172,"InChI=1S/C18H17NO3/c1-11-7-9-13(10-8-11)19-12(2)16-17(20)14-5-3-4-6-15(14)22-18(16)21/h3-10,12,19-20H,1-2H3",295.3,CHEMBL4289546,10.1016/j.ejmech.2018.09.009,Antioxidant activity assessed as DPPH free radical scavenging activity after 30 to 60 mins by UV-vis spectrophotometric analysis,4.0268721464003,Cc1ccc(NC(C)c2c(O)c3ccccc3oc2=O)cc1
626,"InChI=1S/C16H18N2O/c1-11(2)14-8-16(19)12(3)7-15(14)18-10-13-5-4-6-17-9-13/h4-11,19H,1-3H3/b18-10+",254.3,CHEMBL2316817,10.1016/j.bmcl.2012.12.001,Antioxidant activity assessed as DPPH radical scavenging activity in ethanol solution 30 min (manual check),3.89000246708733,Cc1cc(N=Cc2cccnc2)c(C(C)C)cc1O
928,"InChI=1S/C20H24O8/c1-23-13-8-12-16(20(27-5)17(13)22)11(9-21)18(28-12)10-6-14(24-2)19(26-4)15(7-10)25-3/h6-8,11,18,21-22H,9H2,1-5H3/t11-,18-/m1/s1",392.4,CHEMBL224791,10.1021/np0603931,Antioxidant effect assessed as DPPH radical scavenging activity 30 min (manual check),4.34678748622466,COc1cc2c(c(OC)c1O)C(CO)C(c1cc(OC)c(OC)c(OC)c1)O2
1233,"InChI=1S/C18H12O4/c19-14(11-10-12-6-2-1-3-7-12)16-17(20)13-8-4-5-9-15(13)22-18(16)21/h1-11,20H/b11-10+",292.3,CHEMBL2234263,10.1007/s00044-010-9326-1,Antioxidant activity assessed as DPPH free radical scavenging activity after 30 min,5.6675615400844,O=C(C=Cc1ccccc1)c1c(O)c2ccccc2oc1=O
1182,"InChI=1S/C24H22N2O8/c1-13-20(23(27)31-3)22(15-9-10-18-19(11-15)34-12-33-18)21(24(28)32-4)14(2)25(13)16-7-5-6-8-17(16)26(29)30/h5-11,22H,12H2,1-4H3",466.4,CHEMBL2413665,10.1016/j.ejmech.2013.06.006,Antioxidant activity assessed as DPPH free radical scavenging activity under dark condition after 30 mins,2.29695208324354,COC(=O)C1=C(C)N(c2ccccc2[N+](=O)[O-])C(C)=C(C(=O)OC)C1c1ccc2c(c1)OCO2
105,"InChI=1S/C17H13ClN4O5S/c18-12-8-11(22(23)24)2-3-13(12)19-9-21-17(28)27-16(20-21)10-1-4-14-15(7-10)26-6-5-25-14/h1-4,7-8,19H,5-6,9H2",420.8,CHEMBL2435579,10.1016/j.bmc.2013.08.002,Antioxidant activity assessed as DPPH free radical scavenging activity after 30 mins by spectrophotometric analysis,4.07909439583598,O=[N+]([O-])c1ccc(NCn2nc(-c3ccc4c(c3)OCCO4)oc2=S)c(Cl)c1
1923,"InChI=1S/C29H36O6/c1-5-32-28(33-6-2)23-13-9-21(10-14-23)17-25-19-31-20-26(27(25)30)18-22-11-15-24(16-12-22)29(34-7-3)35-8-4/h9-18,28-29H,5-8,19-20H2,1-4H3/b25-17+,26-18+",480.6,CHEMBL3289925,10.1016/j.ejmech.2014.06.034,Antioxidant activity assessed as DPPH free radical scavenging activity 30 min (manual check),4.53313237964589,CCOC(OCC)c1ccc(C=C2COCC(=Cc3ccc(C(OCC)OCC)cc3)C2=O)cc1
319,"InChI=1S/C31H36ClN3O3/c1-19-12-21-14-22(13-19)30-26(15-21)35-25-17-23(32)8-9-24(25)31(30)33-11-5-3-4-6-29(37)34-18-20-7-10-27(36)28(16-20)38-2/h7-10,12,16-17,21-22,36H,3-6,11,13-15,18H2,1-2H3,(H,33,35)(H,34,37)",534.1,CHEMBL4788434,10.1021/acs.jmedchem.0c01775,Antioxidant activity assessed as DPPH radical scavenging activity incubated for 30 mins under dark condition by UV-Vis spectrophotometric analysis,4.20342566678957,COc1cc(CNC(=O)CCCCCNc2c3c(nc4cc(Cl)ccc24)CC2C=C(C)CC3C2)ccc1O
1099,"InChI=1S/C8H8O4/c9-6-2-1-5(3-7(6)10)4-8(11)12/h1-3,9-10H,4H2,(H,11,12)",168.1,CHEMBL1284,10.1016/j.ejmech.2012.02.018,Antioxidant activity assessed as DPPH free radical scavenging activity by UV-Vis spectrophotometry 30 min (manual check),4.58502665202918,O=C(O)Cc1ccc(O)c(O)c1
1414,"InChI=1S/C20H16N4O2/c1-13-4-2-6-17-18(13)23-19(22-17)14-7-9-15(10-8-14)20(25)24-21-12-16-5-3-11-26-16/h2-12H,1H3,(H,22,23)(H,24,25)/b21-12+",344.4,CHEMBL3317806,10.1016/j.ejmech.2014.07.078,Antioxidant activity assessed as DPPH free radical scavenging activity incubated at 37 degC for 30 mins by microtiter plate reader based method,3.7444380617091,Cc1cccc2nc(-c3ccc(C(=O)NN=Cc4ccco4)cc3)[nH]c12
1607,"InChI=1S/C18H19NO4/c1-23-17-12-14(4-8-16(17)21)5-9-18(22)19-11-10-13-2-6-15(20)7-3-13/h2-9,12,20-21H,10-11H2,1H3,(H,19,22)/b9-5+",313.4,CHEMBL206555,10.1021/acs.jnatprod.6b00720,Antioxidant activity assessed as DPPH radical scavenging activity incubated for 30 mins,4.38510278396687,COc1cc(C=CC(=O)NCCc2ccc(O)cc2)ccc1O
1181,"InChI=1S/C24H22N2O8/c1-13-20(23(27)31-3)22(15-8-9-18-19(10-15)34-12-33-18)21(24(28)32-4)14(2)25(13)16-6-5-7-17(11-16)26(29)30/h5-11,22H,12H2,1-4H3",466.4,CHEMBL2413653,10.1016/j.ejmech.2013.06.006,Antioxidant activity assessed as DPPH free radical scavenging activity under dark condition after 30 mins,2.95192081845143,COC(=O)C1=C(C)N(c2cccc([N+](=O)[O-])c2)C(C)=C(C(=O)OC)C1c1ccc2c(c1)OCO2
2017,"InChI=1S/C19H16O6/c20-14-6-8-17(23)13(10-14)3-5-16(22)11-15(21)4-1-12-2-7-18(24)19(25)9-12/h1-10,20,23-25H,11H2/b4-1+,5-3+",340.3,CHEMBL4536281,10.1016/j.bmcl.2019.06.052,Antioxidant activity assessed as DPPH radical scavenging activity measured after 30 mins,4.22184874961636,O=C(C=Cc1ccc(O)c(O)c1)CC(=O)C=Cc1cc(O)ccc1O
745,"InChI=1S/C28H28O13/c1-11-19(31)18(21(33)13-6-4-3-5-7-13)20(32)12(2)26(11)41-28-25(37)24(36)23(35)17(40-28)10-39-27(38)14-8-15(29)22(34)16(30)9-14/h3-9,17,23-25,28-32,34-37H,10H2,1-2H3/t17-,23-,24+,25-,28+/m1/s1",572.5,CHEMBL3402214,10.1016/j.bmcl.2015.03.058,Antioxidant activity assessed as DPPH radical scavenging activity after 30 mins by microplate reader based assay,4.30552891649149,Cc1c(O)c(C(=O)c2ccccc2)c(O)c(C)c1OC1OC(COC(=O)c2cc(O)c(O)c(O)c2)C(O)C(O)C1O
1136,"InChI=1S/C18H18O4/c1-21-14-5-6-15(16(20)11-14)18-10-13-9-12(3-2-8-19)4-7-17(13)22-18/h4-7,9-11,19-20H,2-3,8H2,1H3",298.3,CHEMBL2147419,10.1021/np200343t,Antioxidant activity assessed as DPPH free radical scavenging activity after 30 mins by spectrophotometry,4.37365963262496,COc1ccc(-c2cc3cc(CCCO)ccc3o2)c(O)c1
1498,"InChI=1S/C17H14BrN3O3S/c18-10-3-4-12-9(7-10)8-11(16(23)24-12)13(22)14-15(19)20-17(25-14)21-5-1-2-6-21/h3-4,7-8H,1-2,5-6,19H2",420.3,CHEMBL4166479,10.1016/j.ejmech.2018.06.015,Antioxidant activity assessed as DPPH radical scavenging activity incubated for 30 mins under dark condition by spectrophotometric method,4.12250012778769,Nc1nc(N2CCCC2)sc1C(=O)c1cc2cc(Br)ccc2oc1=O
1998,"InChI=1S/C25H17ClN4O2/c1-15(13-22(31)16-7-3-2-4-8-16)28-29-23-19-14-17(26)11-12-21(19)30-24(23)27-20-10-6-5-9-18(20)25(30)32/h2-14,31H,1H3/b22-13-,28-15+,29-23-",440.9,CHEMBL4096801,10.1016/j.bmcl.2017.08.064,Antioxidant activity assessed as DPPH radical scavenging activity incubated for 30 mins under dark condition by UV-vis spectrophotometric method,4.90483064856824,CC(C=C(O)c1ccccc1)=NN=C1c2cc(Cl)ccc2-n2c1nc1ccccc1c2=O
1596,"InChI=1S/C25H20O9/c1-10-14-5-12(24-22(31)21(30)20-16(28)8-13(26)9-19(20)33-24)6-17(29)25(14)34-23(10)11-3-4-15(27)18(7-11)32-2/h3-9,22,24,26-29,31H,1-2H3/t22-,24+/m0/s1",464.4,CHEMBL4082803,10.1021/acs.jnatprod.6b00750,Antioxidant activity assessed as DPPH radical scavenging activity after 30 mins,4.74617756129193,COc1cc(-c2oc3c(O)cc(C4Oc5cc(O)cc(O)c5C(=O)C4O)cc3c2C)ccc1O
1573,"InChI=1S/C14H23N5O4/c1-8(2)3-10(15)13(22)19-11(4-9-5-16-7-18-9)14(23)17-6-12(20)21/h5,7-8,10-11H,3-4,6,15H2,1-2H3,(H,16,18)(H,17,23)(H,19,22)(H,20,21)/t10-,11-/m0/s1",325.4,CHEMBL4204355,10.1039/C6MD00006A,Antioxidant activity assessed as DPPH radical scavenging activity incubated for 30 mins under dark condition by spectrophotometric method,0.992166907298681,CC(C)CC(N)C(=O)NC(Cc1cnc[nH]1)C(=O)NCC(=O)O
1258,"InChI=1S/C12H7NO2/c14-11-8-5-1-3-7-4-2-6-9(10(7)8)12(15)13-11/h1-6H,(H,13,14,15)",197.2,CHEMBL339586,10.1007/s00044-010-9384-4,Antioxidant activity assessed as DPPH radical scavenging activity 30 min (manual check),3.82564940252062,O=C1NC(=O)c2cccc3cccc1c23
588,"InChI=1S/C21H12ClFN6O3S/c1-10-16-18(26-12-4-7-15(23)14(22)8-12)24-9-25-21(16)33-17(10)20-28-27-19(32-20)11-2-5-13(6-3-11)29(30)31/h2-9H,1H3,(H,24,25,26)",482.9,CHEMBL2151334,10.1016/j.ejmech.2012.10.007,Antioxidant activity assessed as inhibition of DPPH free radical production after 30 mins by spectrophotometric analysis,4.274093101134,Cc1c(-c2nnc(-c3ccc([N+](=O)[O-])cc3)o2)sc2ncnc(Nc3ccc(F)c(Cl)c3)c12
320,"InChI=1S/C32H38ClN3O3/c1-20-13-22-15-23(14-20)31-27(16-22)36-26-18-24(33)9-10-25(26)32(31)34-12-6-4-3-5-7-30(38)35-19-21-8-11-28(37)29(17-21)39-2/h8-11,13,17-18,22-23,37H,3-7,12,14-16,19H2,1-2H3,(H,34,36)(H,35,38)",548.1,CHEMBL4754487,10.1021/acs.jmedchem.0c01775,Antioxidant activity assessed as DPPH radical scavenging activity incubated for 30 mins under dark condition by UV-Vis spectrophotometric analysis,4.25649023527157,COc1cc(CNC(=O)CCCCCCNc2c3c(nc4cc(Cl)ccc24)CC2C=C(C)CC3C2)ccc1O
590,"InChI=1S/C21H12ClF2N5OS/c1-10-16-18(27-15-7-6-13(23)8-14(15)24)25-9-26-21(16)31-17(10)20-29-28-19(30-20)11-2-4-12(22)5-3-11/h2-9H,1H3,(H,25,26,27)",455.9,CHEMBL2151336,10.1016/j.ejmech.2012.10.007,Antioxidant activity assessed as inhibition of DPPH free radical production after 30 mins by spectrophotometric analysis,4.44535183520566,Cc1c(-c2nnc(-c3ccc(Cl)cc3)o2)sc2ncnc(Nc3ccc(F)cc3F)c12
1897,"InChI=1S/C13H14O4/c1-7(14)8-3-4-10-9(12(8)15)5-11(17-10)13(2)6-16-13/h3-4,11,15H,5-6H2,1-2H3/t11-,13?/m1/s1",234.3,CHEMBL2271141,10.1021/jf011108g,Antioxidant activity assessed as DPPH free radical scavenging activity after 30 min by TLC autographic assay,4.51427857351842,CC(=O)c1ccc2c(c1O)CC(C1(C)CO1)O2
431,"InChI=1S/C17H14O4/c18-15-11-21-17(19)16(15)13-7-4-8-14(9-13)20-10-12-5-2-1-3-6-12/h1-9,18H,10-11H2",282.3,CHEMBL3601592,10.1016/j.bmc.2015.05.026,Antioxidant activity assessed as DPPH radical scavenging activity incubated for 30 mins,4.5016894462104,O=C1OCC(O)=C1c1cccc(OCc2ccccc2)c1
1732,"InChI=1S/C16H12O6/c1-6-3-9(17)12-13(14(6)19)15(20)8-4-7(22-2)5-10(18)11(8)16(12)21/h3-5,17-19H,1-2H3",300.3,CHEMBL463597,10.1021/np060248n,Antioxidant activity assessed as DPPH free radical scavenging activity 30 min (manual check),3.68516364270073,COc1cc(O)c2c(c1)C(=O)c1c(O)c(C)cc(O)c1C2=O
1578,"InChI=1S/C22H15N3O4S2/c26-16-10-8-15(12-18(16)28)21-24-25-22(31-21)23-20(29)14-6-3-13(4-7-14)5-9-17(27)19-2-1-11-30-19/h1-12,26,28H,(H,23,25,29)/b9-5+",449.5,CHEMBL4287012,10.1039/C8MD00316E,Antioxidant activity assessed as DPPH free radical scavenging activity after 30 mins,4.95624487303132,O=C(Nc1nnc(-c2ccc(O)c(O)c2)s1)c1ccc(C=CC(=O)c2cccs2)cc1
737,"InChI=1S/C21H22N4O5/c1-28-16-10-13(11-17(29-2)20(16)30-3)12-22-25-19(26)9-8-18-23-15-7-5-4-6-14(15)21(27)24-18/h4-7,10-12H,8-9H2,1-3H3,(H,25,26)(H,23,24,27)/b22-12+",410.4,CHEMBL3397978,10.1016/j.bmcl.2015.01.010,Antioxidant activity assessed as DPPH scavenging activity after 30 mins by spectrophotometry,1.07058107428571,COc1cc(C=NNC(=O)CCc2nc3ccccc3c(=O)[nH]2)cc(OC)c1OC
4,"InChI=1S/C18H16ClN3O/c1-13-17(20-12-14-8-10-15(19)11-9-14)18(23)22(21(13)2)16-6-4-3-5-7-16/h3-12H,1-2H3/b20-12+",325.8,CHEMBL2088269,10.1016/j.bmc.2012.04.058,Antioxidant activity assessed as DPPH free radical scavenging activity incubated for 30 mins,4.49921482708254,Cc1c(N=Cc2ccc(Cl)cc2)c(=O)n(-c2ccccc2)n1C
8,"InChI=1S/C18H17N3O3/c1-12-17(19-11-13-8-9-15(22)16(23)10-13)18(24)21(20(12)2)14-6-4-3-5-7-14/h3-11,22-23H,1-2H3/b19-11+",323.4,CHEMBL2088273,10.1016/j.bmc.2012.04.058,Antioxidant activity assessed as DPPH free radical scavenging activity incubated for 30 mins,6.03151705144607,Cc1c(N=Cc2ccc(O)c(O)c2)c(=O)n(-c2ccccc2)n1C
1345,"InChI=1S/C17H14N2O3/c1-9-3-5-11(6-4-9)14-12(8-18)16(19)22-13-7-10(2)21-17(20)15(13)14/h3-7,14H,19H2,1-2H3",294.3,CHEMBL2282426,10.1007/s00044-013-0586-4,Antioxidant activity assessed as inhibition of DPPH radical after 30 mins by spectrophotometric analysis,3.1978696436388,Cc1ccc(C2C(C#N)=C(N)Oc3cc(C)oc(=O)c32)cc1
363,"InChI=1S/C15H11NO/c17-14-7-3-5-10-11(14)8-12-9-4-1-2-6-13(9)16-15(10)12/h1-7,16-17H,8H2",221.3,CHEMBL610454,10.1016/j.bmc.2009.07.077,Antioxidant activity assessed as DPPH radical scavenging activity 30 min (manual check),3.78543385834682,Oc1cccc2c1Cc1c-2[nH]c2ccccc12
1530,"InChI=1S/C11H15N3O5/c12-7(11(18)19)2-4-10(17)14-13-8-3-1-6(15)5-9(8)16/h1,3,5,7,13,15-16H,2,4,12H2,(H,14,17)(H,18,19)/t7-/m0/s1",269.3,CHEMBL4215322,10.1016/j.bmcl.2017.11.012,Antioxidant activity assessed as DPPH radical scavenging activity incubated under dark condition for 30 mins by spectrophotometric analysis,3.98292324458794,NC(CCC(=O)NNc1ccc(O)cc1O)C(=O)O
1404,"InChI=1S/C22H17FN4O/c1-14-3-2-4-19-20(14)26-21(25-19)16-7-9-17(10-8-16)22(28)27-24-13-15-5-11-18(23)12-6-15/h2-13H,1H3,(H,25,26)(H,27,28)/b24-13+",372.4,CHEMBL3317796,10.1016/j.ejmech.2014.07.078,Antioxidant activity assessed as DPPH free radical scavenging activity incubated at 37 degC for 30 mins by microtiter plate reader based method,4.04474531717982,Cc1cccc2nc(-c3ccc(C(=O)NN=Cc4ccc(F)cc4)cc3)[nH]c12
780,"InChI=1S/C16H12O6/c1-21-13-7-12-14(16(20)15(13)19)10(18)6-11(22-12)8-2-4-9(17)5-3-8/h2-7,17,19-20H,1H3",300.3,CHEMBL3740428,10.1016/j.ejmech.2015.10.039,Antioxidant activity assessed as DPPH radical scavenging activity after 30 mins,4.52042468982501,COc1cc2oc(-c3ccc(O)cc3)cc(=O)c2c(O)c1O
433,"InChI=1S/C11H10O3/c1-7-3-2-4-8(5-7)10-9(12)6-14-11(10)13/h2-5,12H,6H2,1H3",190.2,CHEMBL3601590,10.1016/j.bmc.2015.05.026,Antioxidant activity assessed as DPPH radical scavenging activity incubated for 30 mins,5.08618614761628,Cc1cccc(C2=C(O)COC2=O)c1
2107,"InChI=1S/C20H23N3O3/c1-6-19(2,3)16-13(12-9-7-8-10-14(12)21-16)11-15-17(24)23-20(4,26-5)18(25)22-15/h6-11,21H,1H2,2-5H3,(H,22,25)(H,23,24)/b15-11-",353.4,CHEMBL251052,10.1021/np070208z,DPPH radical scavenging activity 30 min (manual check),4.00436480540245,C=CC(C)(C)c1[nH]c2ccccc2c1C=C1NC(=O)C(C)(OC)NC1=O
246,"InChI=1S/C25H22F2N2O3/c1-15-4-9-19(10-5-15)25(31)14-22(17-7-6-16(2)20(26)12-17)28-29(25)24(30)18-8-11-23(32-3)21(27)13-18/h4-13,31H,14H2,1-3H3",436.5,CHEMBL3742409,10.1016/j.ejmech.2015.09.029,Antioxidant activity assessed as DPPH free radical scavenging activity after 30 mins by spectrophotometric assay,4.37848347484331,COc1ccc(C(=O)N2N=C(c3ccc(C)c(F)c3)CC2(O)c2ccc(C)cc2)cc1F
97,"InChI=1S/C10H10O4/c1-12-10(11)7-2-3-8-9(6-7)14-5-4-13-8/h2-3,6H,4-5H2,1H3",194.2,CHEMBL2435587,10.1016/j.bmc.2013.08.002,Antioxidant activity assessed as DPPH free radical scavenging activity after 30 mins by spectrophotometric analysis,4.05838919784637,COC(=O)c1ccc2c(c1)OCCO2
1134,"InChI=1S/C15H15NO3/c1-18-14-7-11(8-15(9-14)19-2)10-16-12-3-5-13(17)6-4-12/h3-10,17H,1-2H3/b16-10+",257.3,CHEMBL2064678,10.1016/j.bmcl.2012.06.026,Antioxidant activity assessed as DPPH scavenging activity after 30 mins by microplate reader method,3.38362952770873,COc1cc(C=Nc2ccc(O)cc2)cc(OC)c1
42,"InChI=1S/C17H20N2O5/c1-21-14-8-11(9-15(22-2)16(14)23-3)10-24-13-6-4-12(5-7-13)17(20)19-18/h4-9H,10,18H2,1-3H3,(H,19,20)",332.4,CHEMBL3634152,10.1016/j.ejmech.2015.09.016,Antioxidant activity assessed as DPPH radical scavenging activity measured as discoloration incubated for 30 mins in dark,3.10005708824224,COc1cc(COc2ccc(C(=O)NN)cc2)cc(OC)c1OC
1699,"InChI=1S/C26H27NO5/c1-27(17-18-9-11-19(28)12-10-18)13-5-2-6-14-31-20-15-22(29)25-24(16-20)32-23-8-4-3-7-21(23)26(25)30/h3-4,7-12,15-16,28-29H,2,5-6,13-14,17H2,1H3",433.5,CHEMBL4758768,10.1016/j.ejmech.2021.113154,Antioxidant activity assessed as DPPH radical scavenging activity incubated for 30 mins under dark condition,2.96899571863646,CN(CCCCCOc1cc(O)c2c(=O)c3ccccc3oc2c1)Cc1ccc(O)cc1
608,"InChI=1S/C39H54O11/c1-2-3-4-5-6-7-8-9-10-11-12-13-14-15-16-17-34(44)48-26-33-36(45)37(46)38(47)39(50-33)49-32-25-29(41)24-31(43)35(32)30(42)23-20-27-18-21-28(40)22-19-27/h6-7,9-10,18-19,21-22,24-25,33,36-41,43,45-47H,2-5,8,11-17,20,23,26H2,1H3/b7-6-,10-9-/t33-,36-,37+,38-,39-/m1/s1",698.9,CHEMBL2316187,10.1016/j.bmc.2012.11.034,Antioxidant activity assessed as DPPH radical scavenging activity 30 min (manual check),3.04488976902945,CCCCCC=CCC=CCCCCCCCC(=O)OCC1OC(Oc2cc(O)cc(O)c2C(=O)CCc2ccc(O)cc2)C(O)C(O)C1O
1963,"InChI=1S/C17H25BrO3/c1-4-5-6-7-8-9-10-21-16-12-17(20-3)15(18)11-14(16)13(2)19/h11-12H,4-10H2,1-3H3",357.3,CHEMBL3976602,10.1016/j.bmcl.2016.09.060,Antioxidant activity assessed as DPPH radical scavenging activity incubated for 30 mins in dark,1.4089353929735,CCCCCCCCOc1cc(OC)c(Br)cc1C(C)=O
72,"InChI=1S/C17H14N4O3/c1-11-2-7-16-12(8-11)9-13(17(22)19-16)10-18-20-14-3-5-15(6-4-14)21(23)24/h2-10,20H,1H3,(H,19,22)/b18-10+",322.3,CHEMBL2312095,10.1016/j.bmcl.2012.11.006,Antioxidant activity assessed as DPPH scavenging activity after 30 mins by spectrophotometry,3.96269304910291,Cc1ccc2[nH]c(=O)c(C=NNc3ccc([N+](=O)[O-])cc3)cc2c1
753,"InChI=1S/C37H51N3O3/c1-25-26(2)35-28(27(3)34(25)41)21-22-37(4,43-35)36(42)39-24-16-10-8-6-5-7-9-15-23-38-33-29-17-11-13-19-31(29)40-32-20-14-12-18-30(32)33/h11,13,17,19,41H,5-10,12,14-16,18,20-24H2,1-4H3,(H,38,40)(H,39,42)",585.8,CHEMBL3410957,10.1016/j.ejmech.2015.01.058,Antioxidant activity assessed as DPPH scavenging activity after 30 mins by spectrophotometry,7.36451625318509,Cc1c(C)c2c(c(C)c1O)CCC(C)(C(=O)NCCCCCCCCCCNc1c3c(nc4ccccc14)CCCC3)O2
354,"InChI=1S/C16H13NO/c1-18-11-7-6-10-8-14-12-4-2-3-5-15(12)17-16(14)13(10)9-11/h2-7,9,17H,8H2,1H3",235.3,CHEMBL593276,10.1016/j.bmc.2009.07.077,Antioxidant activity assessed as DPPH radical scavenging activity 30 min (manual check),3.68525382370299,COc1ccc2c(c1)-c1[nH]c3ccccc3c1C2
835,"InChI=1S/C31H44N2O2/c1-30(2,3)26-20-25(21-27(29(26)35)31(4,5)6)12-13-28(34)32-17-14-23-15-18-33(19-16-23)22-24-10-8-7-9-11-24/h7-13,20-21,23,35H,14-19,22H2,1-6H3,(H,32,34)/b13-12+",476.7,CHEMBL4283390,10.1016/j.ejmech.2018.08.005,Antioxidant activity assessed as DPPH radical scavenging activity measured after 30 mins incubation in dark by UV-Visible spectrophotometric analysis,4.08777794346758,CC(C)(C)c1cc(C=CC(=O)NCCC2CCN(Cc3ccccc3)CC2)cc(C(C)(C)C)c1O
739,"InChI=1S/C18H16N4O5/c23-13-7-10(8-14(24)17(13)26)9-19-22-16(25)6-5-15-20-12-4-2-1-3-11(12)18(27)21-15/h1-4,7-9,23-24,26H,5-6H2,(H,22,25)(H,20,21,27)/b19-9+",368.3,CHEMBL3397980,10.1016/j.bmcl.2015.01.010,Antioxidant activity assessed as DPPH scavenging activity after 30 mins by spectrophotometry,1.09151498112135,O=C(CCc1nc2ccccc2c(=O)[nH]1)NN=Cc1cc(O)c(O)c(O)c1
9,"InChI=1S/C19H19N3O3/c1-13-18(20-12-14-9-10-16(23)17(11-14)25-3)19(24)22(21(13)2)15-7-5-4-6-8-15/h4-12,23H,1-3H3/b20-12+",337.4,CHEMBL2088274,10.1016/j.bmc.2012.04.058,Antioxidant activity assessed as DPPH free radical scavenging activity incubated for 30 mins,5.94692155651658,COc1cc(C=Nc2c(C)n(C)n(-c3ccccc3)c2=O)ccc1O
920,"InChI=1S/C15H15NO2/c1-16-11-15(17,12-7-3-2-4-8-12)18-14-10-6-5-9-13(14)16/h2-10,17H,11H2,1H3",241.3,CHEMBL4163846,10.1016/j.ejmech.2017.06.042,Antioxidant activity assessed as DPPH radical scavenging activity measured at 30 to 60 mins by UV-Visible spectrophotometric method,3.81815641205523,CN1CC(O)(c2ccccc2)Oc2ccccc21
389,"InChI=1S/C28H23N3O8P2S/c32-31(33)27-29-21-26(42-27)30-28(40(34,36-22-13-5-1-6-14-22)37-23-15-7-2-8-16-23)41(35,38-24-17-9-3-10-18-24)39-25-19-11-4-12-20-25/h1-21,28,30H",623.5,CHEMBL1824401,10.1016/j.ejmech.2011.02.038,Antioxidant activity assessed as DPPH free radical scavenging activity after 30 mins,4.10820018855227,O=[N+]([O-])c1ncc(NC(P(=O)(Oc2ccccc2)Oc2ccccc2)P(=O)(Oc2ccccc2)Oc2ccccc2)s1
64,"InChI=1S/C11H11N3O/c1-7-2-3-10-8(4-7)5-9(6-13-12)11(15)14-10/h2-6H,12H2,1H3,(H,14,15)/b13-6+",201.2,CHEMBL2312101,10.1016/j.bmcl.2012.11.006,Antioxidant activity assessed as DPPH scavenging activity after 30 mins by spectrophotometry,3.19312842016272,Cc1ccc2[nH]c(=O)c(C=NN)cc2c1
1604,"InChI=1S/C22H34O13/c1-9-14(23)16(25)18(27)21(34-9)33-8-13-15(24)17(26)19(28)22(35-13)32-7-10-5-11(29-2)20(31-4)12(6-10)30-3/h5-6,9,13-19,21-28H,7-8H2,1-4H3/t9-,13+,14-,15+,16+,17-,18+,19+,21?,22+/m0/s1",506.5,CHEMBL4071157,10.1021/acs.jnatprod.6b00720,Antioxidant activity assessed as DPPH radical scavenging activity incubated for 30 mins,4.13018179202067,COc1cc(COC2OC(COC3OC(C)C(O)C(O)C3O)C(O)C(O)C2O)cc(OC)c1OC
129,"InChI=1S/C17H18N2O2S/c1-19-8-9-21-17(20,11-19)12-6-7-16-14(10-12)18-13-4-2-3-5-15(13)22-16/h2-7,10,18,20H,8-9,11H2,1H3",314.4,CHEMBL3234103,10.1021/jm401842e,Antioxidant activity assessed as DPPH radical scavenging activity after 30 mins,3.71896663275227,CN1CCOC(O)(c2ccc3c(c2)Nc2ccccc2S3)C1
414,"InChI=1S/C22H25NO3/c1-12(2)5-6-13(3)9-16-14(4)19(26)10-17-20-15(11-24)7-8-18(25)22(20)23-21(16)17/h7-12,23,25-26H,5-6H2,1-4H3/b13-9+",351.4,CHEMBL3309627,10.1016/j.bmcl.2014.05.050,Antioxidant activity assessed as DPPH radical scavenging capacity after 30 mins by UV spectrophotometry,5.14874165128092,CC(=Cc1c(C)c(O)cc2c1[nH]c1c(O)ccc(C=O)c12)CCC(C)C
271,"InChI=1S/C29H24N2O7/c1-37-29(36)22(12-18-15-30-21-5-3-2-4-19(18)21)31-27(35)11-8-16-6-10-24(33)28-20(16)14-26(38-28)17-7-9-23(32)25(34)13-17/h2-11,13-15,22,30,32-34H,12H2,1H3,(H,31,35)/b11-8+/t22-/m1/s1",512.5,CHEMBL4074420,10.1016/j.ejmech.2016.08.019,Antioxidant activity assessed as DPPH radical scavenging activity incubated for 30 mins under dark conditions by spectrophotometry,4.90763030037088,COC(=O)C(Cc1c[nH]c2ccccc12)NC(=O)C=Cc1ccc(O)c2oc(-c3ccc(O)c(O)c3)cc12
244,"InChI=1S/C24H20F2N2O3/c1-15-3-8-18(9-4-15)24(30)14-21(16-5-10-19(25)11-6-16)27-28(24)23(29)17-7-12-22(31-2)20(26)13-17/h3-13,30H,14H2,1-2H3",422.4,CHEMBL3742382,10.1016/j.ejmech.2015.09.029,Antioxidant activity assessed as DPPH free radical scavenging activity after 30 mins by spectrophotometric assay,4.33591207040813,COc1ccc(C(=O)N2N=C(c3ccc(F)cc3)CC2(O)c2ccc(C)cc2)cc1F
1383,"InChI=1S/C32H39ClN4O4S/c33-24-18-16-22(17-19-24)20-27(35-29(38)23-10-4-1-5-11-23)30(39)36-28(21-42)31(40)37(26-14-8-3-9-15-26)32(41)34-25-12-6-2-7-13-25/h1,4-5,10-11,16-20,25-26,28,42H,2-3,6-9,12-15,21H2,(H,34,41)(H,35,38)(H,36,39)/b27-20+",611.2,CHEMBL3237203,10.1016/j.ejmech.2014.03.037,Antioxidant activity assessed as DPPH radical scavenging activity after 20 to 30 mins,4.24313577593945,O=C(NC(CS)C(=O)N(C(=O)NC1CCCCC1)C1CCCCC1)C(=Cc1ccc(Cl)cc1)NC(=O)c1ccccc1
1252,"InChI=1S/C15H13NO2/c1-2-9-16-14(17)11-7-3-5-10-6-4-8-12(13(10)11)15(16)18/h3-8H,2,9H2,1H3",239.3,CHEMBL2234772,10.1007/s00044-010-9384-4,Antioxidant activity assessed as DPPH radical scavenging activity 30 min (manual check),3.74666199467389,CCCN1C(=O)c2cccc3cccc(c23)C1=O
910,"InChI=1S/C16H13N3O3S/c20-12-8-4-7-11(14(12)22)15-18-19-16(23-15)17-13(21)9-10-5-2-1-3-6-10/h1-8,20,22H,9H2,(H,17,19,21)",327.4,CHEMBL4093143,10.1016/j.bmcl.2017.07.003,Antioxidant activity assessed as DPPH radical scavenging activity after 30 mins in absence of light,4.68006156001969,O=C(Cc1ccccc1)Nc1nnc(-c2cccc(O)c2O)s1
1570,"InChI=1S/C16H21N3O7/c17-11(7-9-1-3-10(20)4-2-9)15(25)19-12(5-6-13(21)22)16(26)18-8-14(23)24/h1-4,11-12,20H,5-8,17H2,(H,18,26)(H,19,25)(H,21,22)(H,23,24)/t11-,12-/m0/s1",367.4,CHEMBL4206613,10.1039/C6MD00006A,Antioxidant activity assessed as DPPH radical scavenging activity incubated for 30 mins under dark condition by spectrophotometric method,1.10369429253392,NC(Cc1ccc(O)cc1)C(=O)NC(CCC(=O)O)C(=O)NCC(=O)O
1797,"InChI=1S/C41H44O22/c1-15-28(49)32(53)34(55)39(58-15)57-14-25-30(51)36(62-40-33(54)29(50)23(47)13-56-40)38(61-26(48)9-4-16-2-6-18(42)7-3-16)41(60-25)63-37-31(52)27-22(46)11-19(43)12-24(27)59-35(37)17-5-8-20(44)21(45)10-17/h2-12,15,23,25,28-30,32-34,36,38-47,49-51,53-55H,13-14H2,1H3/b9-4+/t15-,23-,25+,28-,29-,30+,32+,33+,34+,36-,38+,39+,40-,41-/m0/s1",888.8,CHEMBL1957048,10.1016/j.bmc.2012.02.002,Antioxidant activity assessed as DPPH radical scavenging activity after 30 mins by spectrophotometry,4.49620931694282,CC1OC(OCC2OC(Oc3c(-c4ccc(O)c(O)c4)oc4cc(O)cc(O)c4c3=O)C(OC(=O)C=Cc3ccc(O)cc3)C(OC3OCC(O)C(O)C3O)C2O)C(O)C(O)C1O
606,"InChI=1S/C40H52O10/c1-2-3-4-5-6-7-8-9-10-11-12-13-14-15-16-17-18-25-48-28-35-37(45)38(46)39(47)40(50-35)49-34-27-31(42)26-33(44)36(34)32(43)24-21-29-19-22-30(41)23-20-29/h3-4,6-7,9-10,12-13,15-16,19-20,22-23,26-27,35,37-42,44-47H,2,5,8,11,14,17-18,21,24-25,28H2,1H3/b4-3-,7-6-,10-9-,13-12-,16-15-/t35-,37-,38+,39-,40-/m1/s1",692.8,CHEMBL2316185,10.1016/j.bmc.2012.11.034,Antioxidant activity assessed as DPPH radical scavenging activity 30 min (manual check),2.7724217797004,CCC=CCC=CCC=CCC=CCC=CCCCOCC1OC(Oc2cc(O)cc(O)c2C(=O)CCc2ccc(O)cc2)C(O)C(O)C1O
264,"InChI=1S/C18H23NO5/c1-23-17-9-13(3-5-15(17)21)11-19(7-8-20)12-14-4-6-16(22)18(10-14)24-2/h3-6,9-10,20-22H,7-8,11-12H2,1-2H3",333.4,CHEMBL4294883,10.1016/j.ejmech.2017.11.072,Antioxidant activity assessed as DPPH radical scavenging activity after 30 mins,4.89380910273658,COc1cc(CN(CCO)Cc2ccc(O)c(OC)c2)ccc1O
759,"InChI=1S/C24H26O10/c1-31-14-6-7-15(16-10-20(27)32-17(16)8-12-2-4-13(26)5-3-12)18(9-14)33-24-23(30)22(29)21(28)19(11-25)34-24/h2-7,9-10,17,19,21-26,28-30H,8,11H2,1H3/t17?,19-,21-,22+,23-,24-/m1/s1",474.5,CHEMBL3609497,10.1016/j.bmcl.2015.07.076,Antioxidant activity assessed as DPPH radical scavenging activity after 30 mins,4.26681034809187,COc1ccc(C2=CC(=O)OC2Cc2ccc(O)cc2)c(OC2OC(CO)C(O)C(O)C2O)c1
1632,"InChI=1S/C15H18N4O2S/c1-3-4-6-11(2)17-18-15-16-14(10-22-15)12-7-5-8-13(9-12)19(20)21/h5,7-10H,3-4,6H2,1-2H3,(H,16,18)/b17-11-",318.4,CHEMBL4169354,10.1016/j.ejmech.2017.10.050,Antioxidant activity assessed as DPPH radical scavenging activity after 30 mins,2.92811799269387,CCCCC(C)=NNc1nc(-c2cccc([N+](=O)[O-])c2)cs1
623,"InChI=1S/C10H14O/c1-7(2)9-5-4-8(3)10(11)6-9/h4-7,11H,1-3H3",150.2,CHEMBL281202,10.1016/j.bmcl.2012.12.001,Antioxidant activity assessed as DPPH radical scavenging activity in ethanol solution 30 min (manual check),3.05860371095414,Cc1ccc(C(C)C)cc1O
1768,"InChI=1S/C28H36O3S/c1-18-8-7-11-25-27(18,3)13-12-19(2)28(25,4)16-21-14-22(30)15-24(26(21)31)32-23-10-6-5-9-20(23)17-29/h5-6,8-10,14-15,19,25,29-31H,7,11-13,16-17H2,1-4H3/t19-,25+,27+,28+/m0/s1",452.7,CHEMBL573585,10.1021/np800318m,Antioxidant activity assessed as DPPH radical scavenging activity 30 min (manual check),4.59687947882418,CC1=CCCC2C1(C)CCC(C)C2(C)Cc1cc(O)cc(Sc2ccccc2CO)c1O
718,"InChI=1S/C11H10N2O3/c14-10(15)6-5-9-12-8-4-2-1-3-7(8)11(16)13-9/h1-4H,5-6H2,(H,14,15)(H,12,13,16)",218.2,CHEMBL1892587,10.1016/j.bmcl.2015.01.010,Antioxidant activity assessed as DPPH scavenging activity after 30 mins by spectrophotometry,-0.0413926851582251,O=C(O)CCc1nc(O)c2ccccc2n1
1422,"InChI=1S/C20H21NO4/c1-4-12-5-7-14(8-6-12)21-20(23)16-9-13-10-17(24-2)18(25-3)11-15(13)19(16)22/h5-8,10-11,16H,4,9H2,1-3H3,(H,21,23)",339.4,CHEMBL3633476,10.1016/j.bmcl.2015.10.051,Antioxidant activity assessed as DPPH scavenging activity at 10 to 60 ug/ml after 30 mins,3.6490419303096,CCc1ccc(NC(=O)C2Cc3cc(OC)c(OC)cc3C2=O)cc1
1430,"InChI=1S/C19H19NO5/c1-23-13-6-4-5-12(9-13)20-19(22)15-7-11-8-16(24-2)17(25-3)10-14(11)18(15)21/h4-6,8-10,15H,7H2,1-3H3,(H,20,22)",341.4,CHEMBL3633484,10.1016/j.bmcl.2015.10.051,Antioxidant activity assessed as DPPH scavenging activity at 10 to 60 ug/ml after 30 mins,3.9428675695947,COc1cccc(NC(=O)C2Cc3cc(OC)c(OC)cc3C2=O)c1
78,"InChI=1S/C17H15N3O/c1-12-7-8-16-13(9-12)10-14(17(21)19-16)11-18-20-15-5-3-2-4-6-15/h2-11,20H,1H3,(H,19,21)/b18-11+",277.3,CHEMBL2312093,10.1016/j.bmcl.2012.11.006,Antioxidant activity assessed as DPPH scavenging activity after 30 mins by spectrophotometry,4.20474581741912,Cc1ccc2[nH]c(=O)c(C=NNc3ccccc3)cc2c1
1392,"InChI=1S/C22H18N4O2/c1-14-3-2-4-19-20(14)25-21(24-19)16-7-9-17(10-8-16)22(28)26-23-13-15-5-11-18(27)12-6-15/h2-13,27H,1H3,(H,24,25)(H,26,28)/b23-13+",370.4,CHEMBL3317787,10.1016/j.ejmech.2014.07.078,Antioxidant activity assessed as DPPH free radical scavenging activity incubated at 37 degC for 30 mins by microtiter plate reader based method,4.53745227119734,Cc1cccc2nc(-c3ccc(C(=O)NN=Cc4ccc(O)cc4)cc3)[nH]c12
113,"InChI=1S/C17H13Cl2N3O3S/c18-12-3-2-11(8-13(12)19)20-9-22-17(26)25-16(21-22)10-1-4-14-15(7-10)24-6-5-23-14/h1-4,7-8,20H,5-6,9H2",410.3,CHEMBL2435571,10.1016/j.bmc.2013.08.002,Antioxidant activity assessed as DPPH free radical scavenging activity after 30 mins by spectrophotometric analysis,4.44117147518299,S=c1oc(-c2ccc3c(c2)OCCO3)nn1CNc1ccc(Cl)c(Cl)c1
781,"InChI=1S/C17H14O6/c1-21-14-8-13-15(16(20)17(14)22-2)11(19)7-12(23-13)9-3-5-10(18)6-4-9/h3-8,18,20H,1-2H3",314.3,CHEMBL348436,10.1016/j.ejmech.2015.10.039,Antioxidant activity assessed as DPPH radical scavenging activity after 30 mins,3.72152077695368,COc1cc2oc(-c3ccc(O)cc3)cc(=O)c2c(O)c1OC
327,"InChI=1S/C18H27NO3/c1-14(2)8-6-4-5-7-9-18(21)19-13-15-10-11-16(20)17(12-15)22-3/h6,8,10-12,14,20H,4-5,7,9,13H2,1-3H3,(H,19,21)/b8-6+",305.4,CHEMBL294199,10.1021/acs.jmedchem.0c01775,Antioxidant activity assessed as DPPH radical scavenging activity incubated for 30 mins under dark condition by UV-Vis spectrophotometric analysis,4.29843201494407,COc1cc(CNC(=O)CCCCC=CC(C)C)ccc1O
1227,"InChI=1S/C21H18O7/c1-25-16-10-12(11-17(26-2)20(16)27-3)8-9-14(22)18-19(23)13-6-4-5-7-15(13)28-21(18)24/h4-11,23H,1-3H3/b9-8+",382.4,CHEMBL2234257,10.1007/s00044-010-9326-1,Antioxidant activity assessed as DPPH free radical scavenging activity after 30 min,5.64016451766011,COc1cc(C=CC(=O)c2c(O)c3ccccc3oc2=O)cc(OC)c1OC
428,"InChI=1S/C10H7BrO3/c11-7-3-1-6(2-4-7)9-8(12)5-14-10(9)13/h1-4,12H,5H2",255.1,CHEMBL3601595,10.1016/j.bmc.2015.05.026,Antioxidant activity assessed as DPPH radical scavenging activity incubated for 30 mins,4.77469071827414,O=C1OCC(O)=C1c1ccc(Br)cc1
1625,"InChI=1S/C19H16N2O8S/c22-15-9-6-14(7-10-15)8-11-17(23)27-12-13-28-18-19(21(24)29-20-18)30(25,26)16-4-2-1-3-5-16/h1-11,22H,12-13H2/b11-8+",432.4,CHEMBL4074411,10.1016/j.bmc.2017.06.023,Antioxidant activity assessed as DPPH free radical scavenging activity measured after 30 mins in absence of light,2.85855022659953,O=C(C=Cc1ccc(O)cc1)OCCOc1no[n+]([O-])c1S(=O)(=O)c1ccccc1
1287,"InChI=1S/C19H16O5/c20-15-5-1-3-11(18(15)23)9-13-7-8-14(17(13)22)10-12-4-2-6-16(21)19(12)24/h1-6,9-10,20-21,23-24H,7-8H2/b13-9+,14-10+",324.3,CHEMBL2235213,10.1007/s00044-010-9521-0,Antioxidant activity assessed as DPPH scavenging activity after 30 min by spectrophotometry,4.68381990110655,O=C1C(=Cc2cccc(O)c2O)CCC1=Cc1cccc(O)c1O
971,"InChI=1S/C17H17Br2NO2/c1-9(2)12-7-16(21)10(3)4-15(12)20-8-11-5-13(18)17(22)14(19)6-11/h4-9,21-22H,1-3H3/b20-8+",427.1,CHEMBL2316814,10.1016/j.bmcl.2012.12.001,Antioxidant activity assessed as DPPH radical scavenging activity in chloroform solution 30 min (manual check),4.63290947049542,Cc1cc(N=Cc2cc(Br)c(O)c(Br)c2)c(C(C)C)cc1O
1502,"InChI=1S/C24H22N4O3S/c25-22-21(20(29)18-14-17-8-4-5-9-19(17)31-23(18)30)32-24(26-22)28-12-10-27(11-13-28)15-16-6-2-1-3-7-16/h1-9,14H,10-13,15,25H2",446.5,CHEMBL4160878,10.1016/j.ejmech.2018.06.015,Antioxidant activity assessed as DPPH radical scavenging activity incubated for 30 mins under dark condition by spectrophotometric method,4.14876220100681,Nc1nc(N2CCN(Cc3ccccc3)CC2)sc1C(=O)c1cc2ccccc2oc1=O
133,"InChI=1S/C21H18N2OS2/c1-23-13-21(24,26-20-9-5-3-7-17(20)23)14-10-11-19-16(12-14)22-15-6-2-4-8-18(15)25-19/h2-12,22,24H,13H2,1H3",378.5,CHEMBL3234113,10.1021/jm401842e,Antioxidant activity assessed as DPPH radical scavenging activity after 30 mins,4.11350927482752,CN1CC(O)(c2ccc3c(c2)Nc2ccccc2S3)Sc2ccccc21
59,"InChI=1S/C13H14N4O4S/c1-8-2-3-11-9(4-8)5-10(13(19)16-11)6-15-17-12(18)7-22(14,20)21/h2-6H,7H2,1H3,(H,16,19)(H,17,18)(H2,14,20,21)/b15-6+",322.3,CHEMBL2312107,10.1016/j.bmcl.2012.11.006,Antioxidant activity assessed as DPPH scavenging activity after 30 mins by spectrophotometry,2.4753040650384,Cc1ccc2[nH]c(=O)c(C=NNC(=O)CS(N)(=O)=O)cc2c1
152,"InChI=1S/C21H18N2O/c1-15-20(18-13-12-16-8-6-7-9-17(16)14-18)21(24-2)23(22-15)19-10-4-3-5-11-19/h3-14H,1-2H3",314.4,CHEMBL3793289,10.1016/j.bmcl.2016.03.024,Antioxidant activity assessed as DPPH free radical scavenging activity incubated for 30 mins in dark condition by spectrophotometric method,3.7686419690274,COc1c(-c2ccc3ccccc3c2)c(C)nn1-c1ccccc1
234,"InChI=1S/C22H25NO8.ClH/c1-4-23(5-2)6-7-30-16-10-13(24)11-17-18(16)20(28)22(29-3)21(31-17)12-8-14(25)19(27)15(26)9-12;/h8-11,24-27H,4-7H2,1-3H3;1H",467.9,CHEMBL3593755,10.1016/j.bmc.2015.05.023,Antioxidant activity assessed as DPPH radical scavenging activity after 30 min,4.65639449189583,CCN(CC)CCOc1cc(O)cc2oc(-c3cc(O)c(O)c(O)c3)c(OC)c(=O)c12
69,"InChI=1S/C16H12N4O3/c21-16-12(9-11-3-1-2-4-15(11)18-16)10-17-19-13-5-7-14(8-6-13)20(22)23/h1-10,19H,(H,18,21)/b17-10+",308.3,CHEMBL2312094,10.1016/j.bmcl.2012.11.006,Antioxidant activity assessed as DPPH scavenging activity after 30 mins by spectrophotometry,3.76919357153112,O=c1[nH]c2ccccc2cc1C=NNc1ccc([N+](=O)[O-])cc1
643,"InChI=1S/C20H25NO/c1-5-6-16-7-9-17(10-8-16)13-21-19-11-15(4)20(22)12-18(19)14(2)3/h7-14,22H,5-6H2,1-4H3/b21-13+",295.4,CHEMBL2316819,10.1016/j.bmcl.2012.12.001,Antioxidant activity assessed as DPPH radical scavenging activity in ethanol solution 30 min (manual check),4.12739599382516,CCCc1ccc(C=Nc2cc(C)c(O)cc2C(C)C)cc1
88,"InChI=1S/C22H27N3O10S/c1-11(26)31-10-17-18(32-12(2)27)19(33-13(3)28)20(34-14(4)29)21(35-17)24-22(36)25-23-9-15-5-7-16(30)8-6-15/h5-9,17-21,30H,10H2,1-4H3,(H2,24,25,36)/b23-9+/t17-,18+,19+,20-,21-/m1/s1",525.5,CHEMBL2324820,10.1016/j.ejmech.2012.10.004,Antioxidant activity assessed as DPPH radical scavenging activity after 30 mins by spectrophotometry,3.96657624451305,CC(=O)OCC1OC(NC(=S)NN=Cc2ccc(O)cc2)C(OC(C)=O)C(OC(C)=O)C1OC(C)=O
1250,"InChI=1S/C32H35NO2/c1-20(2)22-12-14-26-23(18-22)13-15-27-31(3,16-7-17-32(26,27)4)19-33-29(34)24-10-5-8-21-9-6-11-25(28(21)24)30(33)35/h5-6,8-12,14,18,20,27H,7,13,15-17,19H2,1-4H3/t27?,31-,32-/m1/s1",465.6,CHEMBL2234773,10.1007/s00044-010-9384-4,Antioxidant activity assessed as DPPH radical scavenging activity 30 min (manual check),3.78093966755114,CC(C)c1ccc2c(c1)CCC1C(C)(CN3C(=O)c4cccc5cccc(c45)C3=O)CCCC21C
1670,InChI=1S/C19H10Cl2O2/c20-15-7-3-6-14(18(15)21)17-10-16(22)13-9-8-11-4-1-2-5-12(11)19(13)23-17/h1-10H,341.2,CHEMBL4069506,10.1039/C8MD00512E,Antioxidant activity assessed as DPPH radical scavenging activity shaken for 1 min and incubated under dark condition for 30 mins by spectrophotometric analysis,4.96257350205938,O=c1cc(-c2cccc(Cl)c2Cl)oc2c1ccc1ccccc12
212,"InChI=1S/C21H19N3O5/c1-28-15-6-7-16(19(11-15)29-2)13-9-17(20-18(10-13)22-23-21(20)25)12-4-3-5-14(8-12)24(26)27/h3-8,10-11,17,20H,9H2,1-2H3,(H,23,25)",393.4,CHEMBL3356230,10.1016/j.bmc.2014.10.015,Antioxidant activity assessed as DPPH radical scavenging activity after 30 mins by spectrophotometry,3.64666599385619,COc1ccc(C2=CC3=NNC(=O)C3C(c3cccc([N+](=O)[O-])c3)C2)c(OC)c1
164,"InChI=1S/C20H21N3O2/c1-14(16-10-6-4-7-11-16)21-19(24)18-15(2)22-23(20(18)25-3)17-12-8-5-9-13-17/h4-14H,1-3H3,(H,21,24)",335.4,CHEMBL3794242,10.1016/j.bmcl.2016.03.024,Antioxidant activity assessed as DPPH free radical scavenging activity incubated for 30 mins in dark condition by spectrophotometric method,4.09452111293418,COc1c(C(=O)NC(C)c2ccccc2)c(C)nn1-c1ccccc1
1033,"InChI=1S/C20H24O6/c1-8-12(21)10-13(22)9-11(15(24)17(10)26-8)20(4)7-5-6-19(2,3)18(20)16(25)14(9)23/h8,12,21-22,24-25H,5-7H2,1-4H3/t8-,12-,20+/m0/s1",360.4,CHEMBL1287879,10.1016/j.bmc.2010.10.037,Antioxidant activity assessed as DPPH radical scavenging activity 30 min (manual check),4.14874165128092,CC1Oc2c(O)c3c(c(O)c2C1O)C(=O)C(O)=C1C(C)(C)CCCC13C
913,"InChI=1S/C16H13N3O3S/c1-9-5-7-10(8-6-9)14(22)17-16-19-18-15(23-16)11-3-2-4-12(20)13(11)21/h2-8,20-21H,1H3,(H,17,19,22)",327.4,CHEMBL4078452,10.1016/j.bmcl.2017.07.003,Antioxidant activity assessed as DPPH radical scavenging activity after 30 mins in absence of light,4.56719099496683,Cc1ccc(C(=O)Nc2nnc(-c3cccc(O)c3O)s2)cc1
159,"InChI=1S/C17H15FN2O/c1-12-16(13-8-10-14(18)11-9-13)17(21-2)20(19-12)15-6-4-3-5-7-15/h3-11H,1-2H3",282.3,CHEMBL3793614,10.1016/j.bmcl.2016.03.024,Antioxidant activity assessed as DPPH free radical scavenging activity incubated for 30 mins in dark condition by spectrophotometric method,3.89477044032841,COc1c(-c2ccc(F)cc2)c(C)nn1-c1ccccc1
100,"InChI=1S/C19H19N3O4S/c1-2-23-15-6-4-3-5-14(15)20-12-22-19(27)26-18(21-22)13-7-8-16-17(11-13)25-10-9-24-16/h3-8,11,20H,2,9-10,12H2,1H3",385.4,CHEMBL2435584,10.1016/j.bmc.2013.08.002,Antioxidant activity assessed as DPPH free radical scavenging activity after 30 mins by spectrophotometric analysis,4.64975198166584,CCOc1ccccc1NCn1nc(-c2ccc3c(c2)OCCO3)oc1=S
1664,"InChI=1S/C37H29N5O/c43-37-29(21-31-25-41(33-17-9-3-10-18-33)39-35(31)27-13-5-1-6-14-27)23-38-24-30(37)22-32-26-42(34-19-11-4-12-20-34)40-36(32)28-15-7-2-8-16-28/h1-22,25-26,38H,23-24H2/b29-21+,30-22+",559.7,CHEMBL4576402,10.1016/j.ejmech.2019.111631,Antioxidant activity assessed as DPPH free radical scavenging activity after 30 mins,1.97715938912347,O=C1C(=Cc2cn(-c3ccccc3)nc2-c2ccccc2)CNCC1=Cc1cn(-c2ccccc2)nc1-c1ccccc1
639,"InChI=1S/C17H18ClNO/c1-11(2)15-9-17(20)12(3)8-16(15)19-10-13-4-6-14(18)7-5-13/h4-11,20H,1-3H3/b19-10+",287.8,CHEMBL2316823,10.1016/j.bmcl.2012.12.001,Antioxidant activity assessed as DPPH radical scavenging activity in ethanol solution 30 min (manual check),4.07366327479546,Cc1cc(N=Cc2ccc(Cl)cc2)c(C(C)C)cc1O
1716,"InChI=1S/C7H8O4/c8-2-3-1-4(9)6-7(11-6)5(3)10/h1,5-8,10H,2H2/t5-,6+,7-/m0/s1",156.1,CHEMBL493204,10.1021/np010450k,Antioxidant activity assessed as DPPH free radical scavenging activity 30 min (manual check),4.24412514432751,O=C1C=C(CO)C(O)C2OC12
1135,"InChI=1S/C18H18O4/c1-21-17-11-14(20)5-6-15(17)18-10-13-9-12(3-2-8-19)4-7-16(13)22-18/h4-7,9-11,19-20H,2-3,8H2,1H3",298.3,CHEMBL2147415,10.1021/np200343t,Antioxidant activity assessed as DPPH free radical scavenging activity after 30 mins by spectrophotometry,4.42365864979421,COc1cc(O)ccc1-c1cc2cc(CCCO)ccc2o1
194,"InChI=1S/C31H26O12/c1-41-27(38)11-8-20(28-25(36)14-18(42-30(28)39)6-2-16-4-9-21(32)23(34)12-16)29-26(37)15-19(43-31(29)40)7-3-17-5-10-22(33)24(35)13-17/h2-7,9-10,12-15,20,32-37H,8,11H2,1H3/b6-2+,7-3+",590.5,CHEMBL2408936,10.1021/np400234u,Antioxidant activity assessed as DPPH free radical scavenging activity after 30 mins,4.02090709936167,COC(=O)CCC(c1c(O)cc(C=Cc2ccc(O)c(O)c2)oc1=O)c1c(O)cc(C=Cc2ccc(O)c(O)c2)oc1=O
284,"InChI=1S/C14H14O5/c1-7-4-10(16)14(11(17)5-7)19-12-6-8(2)3-9(15)13(12)18/h3-6,15-18H,1-2H3",262.3,CHEMBL1462570,10.1016/j.bmcl.2017.01.032,Antioxidant activity assessed as DPPH radical scavenging activity after 30 mins,4.50640255099947,Cc1cc(O)c(Oc2cc(C)cc(O)c2O)c(O)c1
526,"InChI=1S/C24H24O13/c1-35-23(33)24(34)9-17(29)21(37-22(32)12-7-15(27)20(31)16(28)8-12)18(10-24)36-19(30)5-3-11-2-4-13(25)14(26)6-11/h2-8,17-18,21,25-29,31,34H,9-10H2,1H3/b5-3+/t17-,18-,21-,24+/m1/s1",520.4,CHEMBL459400,10.1021/np020576x,Antioxidant activity assessed as DPPH radical scavenging activity after 30 mins,4.88941028970075,COC(=O)C1(O)CC(O)C(OC(=O)c2cc(O)c(O)c(O)c2)C(OC(=O)C=Cc2ccc(O)c(O)c2)C1
1647,"InChI=1S/C22H22O12/c1-7-15(27)17(29)18(30)22(32-7)34-21-16(28)14-10(24)5-9(23)6-13(14)33-19(21)8-3-11(25)20(31-2)12(26)4-8/h3-7,15,17-18,22-27,29-30H,1-2H3/t7-,15-,17+,18+,22-/m0/s1",478.4,CHEMBL3109438,10.1021/acs.jnatprod.7b00564,Antioxidant activity assessed as DPPH radical scavenging activity measured after 30 mins incubation under dark condition,5.72124639904717,COc1c(O)cc(-c2oc3cc(O)cc(O)c3c(=O)c2OC2OC(C)C(O)C(O)C2O)cc1O
985,"InChI=1S/C29H36O15/c1-13-22(35)23(36)25(38)29(42-13)41-12-20-27(44-21(34)7-4-14-2-5-16(30)18(32)10-14)24(37)26(39)28(43-20)40-9-8-15-3-6-17(31)19(33)11-15/h2-7,10-11,13,20,22-33,35-39H,8-9,12H2,1H3/b7-4+/t13-,20+,22-,23+,24+,25+,26+,27+,28+,29+/m0/s1",624.6,CHEMBL504363,10.1021/np0501233,Antioxidant activity assessed as DPPH free radical scavenging activity after 30 mins by TLC autographic assay,4.67778070526608,CC1OC(OCC2OC(OCCc3ccc(O)c(O)c3)C(O)C(O)C2OC(=O)C=Cc2ccc(O)c(O)c2)C(O)C(O)C1O
1339,"InChI=1S/C14H10N2O3S/c1-7-5-9-12(14(17)18-7)11(10-3-2-4-20-10)8(6-15)13(16)19-9/h2-5,11H,16H2,1H3",286.3,CHEMBL1449809,10.1007/s00044-013-0586-4,Antioxidant activity assessed as inhibition of DPPH radical after 30 mins by spectrophotometric analysis,3.13109705997145,Cc1cc2c(c(=O)o1)C(c1cccs1)C(C#N)=C(N)O2
118,"InChI=1S/C17H14ClN3O3S/c18-12-2-4-13(5-3-12)19-10-21-17(25)24-16(20-21)11-1-6-14-15(9-11)23-8-7-22-14/h1-6,9,19H,7-8,10H2",375.8,CHEMBL2435568,10.1016/j.bmc.2013.08.002,Antioxidant activity assessed as DPPH free radical scavenging activity after 30 mins by spectrophotometric analysis,4.50445566245355,S=c1oc(-c2ccc3c(c2)OCCO3)nn1CNc1ccc(Cl)cc1
2108,"InChI=1S/C24H29N3O2/c1-7-24(5,6)21-18(13-19-23(29)25-15(4)22(28)26-19)17-10-8-9-16(20(17)27-21)12-11-14(2)3/h7-11,13,15,27H,1,12H2,2-6H3,(H,25,29)(H,26,28)/b19-13-/t15-/m0/s1",391.5,CHEMBL251051,10.1021/np070208z,DPPH radical scavenging activity 30 min (manual check),4.06550154875643,C=CC(C)(C)c1[nH]c2c(CC=C(C)C)cccc2c1C=C1NC(=O)C(C)NC1=O
854,"InChI=1S/C19H17NO5/c1-2-20-18(24)8-5-11-3-7-15(22)19-13(11)10-17(25-19)12-4-6-14(21)16(23)9-12/h3-10,21-23H,2H2,1H3,(H,20,24)/b8-5+",339.3,CHEMBL4293504,10.1016/j.ejmech.2018.01.096,Antioxidant activity assessed as DPPH radical scavenging activity after 30 mins by spectrophotometric analysis,5.1791420105603,CCNC(=O)C=Cc1ccc(O)c2oc(-c3ccc(O)c(O)c3)cc12
1435,"InChI=1S/C19H19NO4/c1-11-6-4-5-7-15(11)20-19(22)14-8-12-9-16(23-2)17(24-3)10-13(12)18(14)21/h4-7,9-10,14H,8H2,1-3H3,(H,20,22)",325.4,CHEMBL3633489,10.1016/j.bmcl.2015.10.051,Antioxidant activity assessed as DPPH scavenging activity at 10 to 60 ug/ml after 30 mins,3.87153876989922,COc1cc2c(cc1OC)C(=O)C(C(=O)Nc1ccccc1C)C2
125,"InChI=1S/C17H13F2N3O3S/c18-11-2-1-3-12(19)15(11)20-9-22-17(26)25-16(21-22)10-4-5-13-14(8-10)24-7-6-23-13/h1-5,8,20H,6-7,9H2",377.4,CHEMBL2435561,10.1016/j.bmc.2013.08.002,Antioxidant activity assessed as DPPH free radical scavenging activity after 30 mins by spectrophotometric analysis,4.66154350639539,Fc1cccc(F)c1NCn1nc(-c2ccc3c(c2)OCCO3)oc1=S
514,"InChI=1S/C27H34N2O9/c1-3-13-16(17(11-30)26(35)36-2)10-19-21-15(14-6-4-5-7-18(14)28-21)8-9-29(19)25(13)38-27-24(34)23(33)22(32)20(12-31)37-27/h3-7,11,13,16,19-20,22-25,27-28,30-34H,1,8-10,12H2,2H3/b17-11-/t13-,16-,19-,20-,22-,23+,24-,25-,27+/m0/s1",530.6,CHEMBL452240,10.1021/np049863m,Antioxidant activity assessed as DPPH radical scavenging activity 30 min (manual check),4.29328221766324,C=CC1C(C(=CO)C(=O)OC)CC2c3[nH]c4ccccc4c3CCN2C1OC1OC(CO)C(O)C(O)C1O
94,"InChI=1S/C17H14FN3O3S/c18-12-3-1-2-4-13(12)19-10-21-17(25)24-16(20-21)11-5-6-14-15(9-11)23-8-7-22-14/h1-6,9,19H,7-8,10H2",359.4,CHEMBL2435559,10.1016/j.bmc.2013.08.002,Antioxidant activity assessed as DPPH free radical scavenging activity after 30 mins by spectrophotometric analysis,4.42840761663869,Fc1ccccc1NCn1nc(-c2ccc3c(c2)OCCO3)oc1=S
1913,"InChI=1S/C18H20O3S/c19-17-10-9-16(14-18(17)20)11-13-22(21)12-5-4-8-15-6-2-1-3-7-15/h1-3,6-7,9-11,13-14,19-20H,4-5,8,12H2/b13-11+",316.4,CHEMBL3259975,10.1021/jm500258v,Antioxidant activity assessed as DPPH free radical scavenging effect after 30 mins by spectrophotometric analysis,4.79048498545737,O=S(C=Cc1ccc(O)c(O)c1)CCCCc1ccccc1
1823,"InChI=1S/C18H19NO5/c1-24-17-10-12(2-8-15(17)21)3-9-18(23)19-11-16(22)13-4-6-14(20)7-5-13/h2-10,16,20-22H,11H2,1H3,(H,19,23)/b9-3-",329.4,CHEMBL2337114,10.1021/np300655y,Antioxidant activity assessed as DPPH radical scavenging activity after 30 mins,4.21324857785444,COc1cc(C=CC(=O)NCC(O)c2ccc(O)cc2)ccc1O
1057,"InChI=1S/C30H28N2O8/c1-17-26(35)21-15-23(33)24(34)16-25(21)40-28(17)30(38)32-22(14-19-6-4-3-5-7-19)27(36)29(37)31-13-12-18-8-10-20(39-2)11-9-18/h3-11,15-16,22,33-34H,12-14H2,1-2H3,(H,31,37)(H,32,38)/t22-/m0/s1",544.6,CHEMBL1779944,10.1016/j.ejmech.2011.02.025,Antioxidant activity assessed as DPPH free radical scavenging activity after 30 mins,4.38352448611143,COc1ccc(CCNC(=O)C(=O)C(Cc2ccccc2)NC(=O)c2oc3cc(O)c(O)cc3c(=O)c2C)cc1
912,"InChI=1S/C15H11N3O3S/c19-11-8-4-7-10(12(11)20)14-17-18-15(22-14)16-13(21)9-5-2-1-3-6-9/h1-8,19-20H,(H,16,18,21)",313.3,CHEMBL4096485,10.1016/j.bmcl.2017.07.003,Antioxidant activity assessed as DPPH radical scavenging activity after 30 mins in absence of light,4.65208481349831,O=C(Nc1nnc(-c2cccc(O)c2O)s1)c1ccccc1
1796,"InChI=1S/C42H46O23/c1-15-28(50)37(64-41-34(56)32(54)29(51)24(13-43)61-41)35(57)40(59-15)58-14-25-30(52)33(55)39(63-26(49)9-4-16-2-6-18(44)7-3-16)42(62-25)65-38-31(53)27-22(48)11-19(45)12-23(27)60-36(38)17-5-8-20(46)21(47)10-17/h2-12,15,24-25,28-30,32-35,37,39-48,50-52,54-57H,13-14H2,1H3/b9-4+/t15-,24+,25+,28-,29+,30+,32-,33-,34+,35+,37+,39+,40+,41-,42-/m0/s1",918.8,CHEMBL1957047,10.1016/j.bmc.2012.02.002,Antioxidant activity assessed as DPPH radical scavenging activity after 30 mins by spectrophotometry,4.65757731917779,CC1OC(OCC2OC(Oc3c(-c4ccc(O)c(O)c4)oc4cc(O)cc(O)c4c3=O)C(OC(=O)C=Cc3ccc(O)cc3)C(O)C2O)C(O)C(OC2OC(CO)C(O)C(O)C2O)C1O
1742,"InChI=1S/C7H8O2/c1-5-2-6(8)4-7(9)3-5/h2-4,8-9H,1H3",124.1,CHEMBL110059,10.1021/np0704708,Antioxidant activity assessed as DPPH free radical scavenging activity after 30 mins,6.09691001300806,Cc1cc(O)cc(O)c1
879,"InChI=1S/C17H12N6OS/c24-15-6-5-11-3-1-2-4-12(11)13(15)9-20-23-16(21-22-17(23)25)14-10-18-7-8-19-14/h1-10,24H,(H,22,25)/b20-9+",348.4,CHEMBL4096596,10.1016/j.bmcl.2017.06.053,Antioxidant activity assessed as DPPH free radical scavenging activity after 30 mins,4.16001944232166,Oc1ccc2ccccc2c1C=Nn1c(S)nnc1-c1cnccn1
1142,"InChI=1S/C21H20O7/c1-21(2,25)17-8-11-14(27-17)9-15(26-3)18-19(24)16(28-20(11)18)7-10-4-5-12(22)13(23)6-10/h4-7,9,17,22-23,25H,8H2,1-3H3/b16-7-",384.4,CHEMBL2337361,10.1016/j.bmc.2013.01.026,Antioxidant activity assessed as concentration required for 50 % inhibition of micoM DPPH activity after 30 mins by UV-vis spectrophotometry,6.63827216398241,COc1cc2c(c3c1C(=O)C(=Cc1ccc(O)c(O)c1)O3)CC(C(C)(C)O)O2
461,"InChI=1S/C24H20N4O/c1-16(29)28-22(15-21(27-28)17-11-13-25-14-12-17)23-19-9-5-6-10-20(19)26-24(23)18-7-3-2-4-8-18/h2-14,22,26H,15H2,1H3",380.5,CHEMBL4173169,10.1016/j.ejmech.2018.01.026,Antioxidant activity assessed as inhibition of DPPH radical formation after 30 mins,3.5867421031677,CC(=O)N1N=C(c2ccncc2)CC1c1c(-c2ccccc2)[nH]c2ccccc12
268,"InChI=1S/C21H19NO7/c1-11(21(27)28-2)22-19(26)8-5-12-3-7-16(24)20-14(12)10-18(29-20)13-4-6-15(23)17(25)9-13/h3-11,23-25H,1-2H3,(H,22,26)/b8-5+/t11-/m0/s1",397.4,CHEMBL4077819,10.1016/j.ejmech.2016.08.019,Antioxidant activity assessed as DPPH radical scavenging activity incubated for 30 mins under dark conditions by spectrophotometry,4.92263209471584,COC(=O)C(C)NC(=O)C=Cc1ccc(O)c2oc(-c3ccc(O)c(O)c3)cc12
1631,"InChI=1S/C15H16N4O2S/c1-3-4-6-11(2)17-18-15-16-14(10-22-15)12-7-5-8-13(9-12)19(20)21/h3,5,7-10H,1,4,6H2,2H3,(H,16,18)/b17-11-",316.4,CHEMBL4161431,10.1016/j.ejmech.2017.10.050,Antioxidant activity assessed as DPPH radical scavenging activity after 30 mins,2.91721462968355,C=CCCC(C)=NNc1nc(-c2cccc([N+](=O)[O-])c2)cs1
314,"InChI=1S/C25H21N5O5S3/c1-2-35-16-9-12-20-21(13-16)37-24(27-20)29-22(31)14-36-25-28-19-6-4-3-5-18(19)23(32)30(25)15-7-10-17(11-8-15)38(26,33)34/h3-13H,2,14H2,1H3,(H2,26,33,34)(H,27,29,31)",567.7,CHEMBL4746854,10.1016/j.ejmech.2020.112333,Antioxidant activity assessed as DPPH radical scavenging activity after 30 mins under dark condition by spectrophotometric analysis,4.29645070176177,CCOc1ccc2nc(NC(=O)CSc3nc4ccccc4c(=O)n3-c3ccc(S(N)(=O)=O)cc3)sc2c1
1310,"InChI=1S/C12H14O4/c1-3-16-12(14)7-5-9-4-6-10(13)11(8-9)15-2/h4-8,13H,3H2,1-2H3/b7-5+",222.2,CHEMBL286796,10.1007/s00044-011-9713-2,Antioxidant activity assessed as DPPH scavenging activity after 30 min by UV-vis spectroscopy,3.82385083887345,CCOC(=O)C=Cc1ccc(O)c(OC)c1
143,"InChI=1S/C16H16O4/c1-9(17)13-12-8-16(2,19-3)20-15(12)11-7-5-4-6-10(11)14(13)18/h4-7,18H,8H2,1-3H3",272.3,CHEMBL3331167,10.1016/j.ejmech.2014.09.025,Antioxidant activity assessed as DPPH scavenging activity after 30 mins by spectrophotometry,3.93715089842674,COC1(C)Cc2c(C(C)=O)c(O)c3ccccc3c2O1
1727,"InChI=1S/C21H20O10/c22-8-16-18(26)19(27)20(28)21(31-16)29-10-2-3-11-14(7-10)30-15(17(11)25)6-9-1-4-12(23)13(24)5-9/h1-7,16,18-24,26-28H,8H2/b15-6-/t16-,18-,19+,20-,21-/m1/s1",432.4,CHEMBL491695,10.1021/np000292h,Antioxidant activity assessed as DPPH radical scavenging activity after 30 mins,4.36404407874477,O=C1C(=Cc2ccc(O)c(O)c2)Oc2cc(OC3OC(CO)C(O)C(O)C3O)ccc21
788,"InChI=1S/C18H15ClN4OS/c19-14-7-5-13(6-8-14)9-22-10-15(20-21-22)11-23-16-3-1-2-4-17(16)25-12-18(23)24/h1-8,10H,9,11-12H2",370.9,CHEMBL3764939,10.1016/j.bmcl.2015.11.071,Antioxidant activity assessed as DPPH radical scavenging activity by spectrophotometric assay 30 min (manual check),3.92295115304385,O=C1CSc2ccccc2N1Cc1cn(Cc2ccc(Cl)cc2)nn1
285,"InChI=1S/C14H14O4/c1-8-3-10(15)7-11(4-8)18-13-6-9(2)5-12(16)14(13)17/h3-7,15-17H,1-2H3",246.3,CHEMBL2332157,10.1016/j.bmcl.2017.01.032,Antioxidant activity assessed as DPPH radical scavenging activity after 30 mins,4.28174749990225,Cc1cc(O)cc(Oc2cc(C)cc(O)c2O)c1
1729,"InChI=1S/C13H13Br3O3/c14-9-7(5-6-3-1-2-4-8(6)17)10(15)12(18)13(19)11(9)16/h6,18-19H,1-5H2/t6-/m1/s1",457.0,CHEMBL490356,10.1021/np0002278,Antioxidant activity assessed as DPPH radical scavenging activity after 30 mins by spectrophotometer,5.07058107428571,O=C1CCCCC1Cc1c(Br)c(O)c(O)c(Br)c1Br
2133,"InChI=1S/C16H11F3O3/c1-22-15-6-9(3-5-14(15)21)2-4-13(20)10-7-11(17)16(19)12(18)8-10/h2-8,21H,1H3/b4-2+",308.3,CHEMBL243621,10.1016/j.bmc.2007.03.077,DPPH radical scavenging activity 30 min (manual check),4.27408836770495,COc1cc(C=CC(=O)c2cc(F)c(F)c(F)c2)ccc1O
115,"InChI=1S/C17H14BrN3O3S/c18-12-2-1-3-13(9-12)19-10-21-17(25)24-16(20-21)11-4-5-14-15(8-11)23-7-6-22-14/h1-5,8-9,19H,6-7,10H2",420.3,CHEMBL2435573,10.1016/j.bmc.2013.08.002,Antioxidant activity assessed as DPPH free radical scavenging activity after 30 mins by spectrophotometric analysis,4.29277058067271,S=c1oc(-c2ccc3c(c2)OCCO3)nn1CNc1cccc(Br)c1
48,"InChI=1S/C23H16N4O7/c28-23-10-16(13-24-25-20-9-6-17(26(29)30)11-21(20)27(31)32)19-8-7-18(12-22(19)34-23)33-14-15-4-2-1-3-5-15/h1-13,25H,14H2/b24-13-",460.4,CHEMBL1909912,10.1016/j.bmcl.2011.09.029,Antioxidant activity assessed as DPPH free radical scavenging activity after 30 mins by spectrophotometric analysis,4.97839728397176,O=c1cc(C=NNc2ccc([N+](=O)[O-])cc2[N+](=O)[O-])c2ccc(OCc3ccccc3)cc2o1
1588,"InChI=1S/C25H19N3O4S/c1-15-3-2-4-18(13-15)20(29)11-7-16-5-8-17(9-6-16)23(32)26-25-28-27-24(33-25)19-10-12-21(30)22(31)14-19/h2-14,30-31H,1H3,(H,26,28,32)/b11-7+",457.5,CHEMBL4286306,10.1039/C8MD00316E,Antioxidant activity assessed as DPPH free radical scavenging activity after 30 mins,4.76522970483908,Cc1cccc(C(=O)C=Cc2ccc(C(=O)Nc3nnc(-c4ccc(O)c(O)c4)s3)cc2)c1
1910,"InChI=1S/C15H14O3S/c16-14-7-6-12(10-15(14)17)8-9-19(18)11-13-4-2-1-3-5-13/h1-10,16-17H,11H2/b9-8+",274.3,CHEMBL3259972,10.1021/jm500258v,Antioxidant activity assessed as DPPH free radical scavenging effect after 30 mins by spectrophotometric analysis,4.83268266525182,O=S(C=Cc1ccc(O)c(O)c1)Cc1ccccc1
528,"InChI=1S/C32H42O8/c1-15(2)10-12-20-27(35)23(18(7)33)30(38)25(28(20)36)22(14-17(5)6)26-29(37)21(13-11-16(3)4)32(40-9)24(19(8)34)31(26)39/h10-11,17,22,35-39H,12-14H2,1-9H3/t22-/m1/s1",554.7,CHEMBL513957,10.1021/np030054x,Antioxidant activity assessed as DPPH radical scavenging activity after 30 mins,3.30715308072277,COc1c(CC=C(C)C)c(O)c(C(CC(C)C)c2c(O)c(CC=C(C)C)c(O)c(C(C)=O)c2O)c(O)c1C(C)=O
833,"InChI=1S/C29H40N2O2/c1-28(2,3)24-18-22(19-25(27(24)33)29(4,5)6)12-13-26(32)30-23-14-16-31(17-15-23)20-21-10-8-7-9-11-21/h7-13,18-19,23,33H,14-17,20H2,1-6H3,(H,30,32)/b13-12+",448.7,CHEMBL4279917,10.1016/j.ejmech.2018.08.005,Antioxidant activity assessed as DPPH radical scavenging activity measured after 30 mins incubation in dark by UV-Visible spectrophotometric analysis,4.14327110961712,CC(C)(C)c1cc(C=CC(=O)NC2CCN(Cc3ccccc3)CC2)cc(C(C)(C)C)c1O
1418,"InChI=1S/C34H56O12/c1-29(2,41)10-9-26(46-34(44-6)17-45-16-24(38)27(39)28(34)40)32(5,42)25-8-12-33(43)19-13-21(35)20-14-22(36)23(37)15-30(20,3)18(19)7-11-31(25,33)4/h13,18,20,22-28,36-43H,7-12,14-17H2,1-6H3/t18-,20-,22+,23-,24+,25-,26-,27+,28+,30+,31+,32+,33+,34-/m0/s1",656.8,CHEMBL3400571,10.1016/j.bmcl.2015.03.028,Antioxidant activity assessed as DPPH radical scavenging activity incubated for 30 mins by UV absorption spectrometry,3.56153377738092,COC1(OC(CCC(C)(C)O)C(C)(O)C2CCC3(O)C4=CC(=O)C5CC(O)C(O)CC5(C)C4CCC23C)COCC(O)C(O)C1O
1642,"InChI=1S/C14H14N4O2S/c1-9(10-5-6-10)16-17-14-15-13(8-21-14)11-3-2-4-12(7-11)18(19)20/h2-4,7-8,10H,5-6H2,1H3,(H,15,17)/b16-9-",302.4,CHEMBL4174116,10.1016/j.ejmech.2017.10.050,Antioxidant activity assessed as DPPH radical scavenging activity after 30 mins,2.89962945488244,CC(=NNc1nc(-c2cccc([N+](=O)[O-])c2)cs1)C1CC1
1,"InChI=1S/C18H15NO3/c20-9-19-6-5-12-8-15-18(22-10-21-15)17-13-4-2-1-3-11(13)7-14(19)16(12)17/h1-4,8-9,14H,5-7,10H2/t14-/m1/s1",293.3,CHEMBL1170090,10.1016/j.bmc.2010.05.045,Antioxidant activity assessed as DPPH free radical scavenging activity after 30 mins,3.91578131326076,O=CN1CCc2cc3c(c4c2C1Cc1ccccc1-4)OCO3
1676,InChI=1S/C19H11NO4/c21-17-11-18(13-5-8-14(9-6-13)20(22)23)24-19-15-4-2-1-3-12(15)7-10-16(17)19/h1-11H,317.3,CHEMBL179925,10.1039/C8MD00512E,Antioxidant activity assessed as DPPH radical scavenging activity shaken for 1 min and incubated under dark condition for 30 mins by spectrophotometric analysis,6.20760831050175,O=c1cc(-c2ccc([N+](=O)[O-])cc2)oc2c1ccc1ccccc12
1269,"InChI=1S/C13H10N4O/c14-11-3-1-9(2-4-11)12-16-17-13(18-12)10-5-7-15-8-6-10/h1-8H,14H2",238.3,CHEMBL2236014,10.1007/s00044-010-9480-5,Antioxidant activity of the compound assessed as DPPH radical scavenging activity after 30 min,4.29505710806134,Nc1ccc(-c2nnc(-c3ccncc3)o2)cc1
1277,"InChI=1S/C18H25NO3/c1-2-22-16-8-6-15(7-9-16)13-19-14-18(12-17(20)21)10-4-3-5-11-18/h6-9,13H,2-5,10-12,14H2,1H3,(H,20,21)/b19-13+",303.4,CHEMBL2236484,10.1007/s00044-010-9498-8,Antioxidant activity assessed as DPPH free radical scavenging activity after 30 min,3.70026020179824,CCOc1ccc(C=NCC2(CC(=O)O)CCCCC2)cc1
102,"InChI=1S/C18H17N3O3S/c1-12-2-5-14(6-3-12)19-11-21-18(25)24-17(20-21)13-4-7-15-16(10-13)23-9-8-22-15/h2-7,10,19H,8-9,11H2,1H3",355.4,CHEMBL2435581,10.1016/j.bmc.2013.08.002,Antioxidant activity assessed as DPPH free radical scavenging activity after 30 mins by spectrophotometric analysis,4.59911678445164,Cc1ccc(NCn2nc(-c3ccc4c(c3)OCCO4)oc2=S)cc1
1564,"InChI=1S/C17H12O5/c18-12-5-1-10(2-6-12)9-14-16(20)15(17(21)22-14)11-3-7-13(19)8-4-11/h1-9,18-20H/b14-9-",296.3,CHEMBL2337339,10.1016/j.bmcl.2017.12.049,Antioxidant activity assessed as DPPH radical scavenging activity incubated for 30 mins under dark condition by spectrophotometric analysis,3.97469413473523,O=C1OC(=Cc2ccc(O)cc2)C(O)=C1c1ccc(O)cc1
791,"InChI=1S/C18H15BrN4OS/c19-14-7-5-13(6-8-14)9-22-10-15(20-21-22)11-23-16-3-1-2-4-17(16)25-12-18(23)24/h1-8,10H,9,11-12H2",415.3,CHEMBL3765331,10.1016/j.bmcl.2015.11.071,Antioxidant activity assessed as DPPH radical scavenging activity by spectrophotometric assay 30 min (manual check),4.467912521649,O=C1CSc2ccccc2N1Cc1cn(Cc2ccc(Br)cc2)nn1
1576,"InChI=1S/C13H23N3O4/c1-8(2)6-10(12(19)15-7-11(17)18)16-13(20)9-4-3-5-14-9/h8-10,14H,3-7H2,1-2H3,(H,15,19)(H,16,20)(H,17,18)/t9-,10-/m0/s1",285.3,CHEMBL3251727,10.1039/C6MD00006A,Antioxidant activity assessed as DPPH radical scavenging activity incubated for 30 mins under dark condition by spectrophotometric method,0.973221671340471,CC(C)CC(NC(=O)C1CCCN1)C(=O)NCC(=O)O
1208,"InChI=1S/C21H18O7/c1-25-18-8-12(9-19(26-2)20(18)27-3)4-6-16(23)15-11-13-10-14(22)5-7-17(13)28-21(15)24/h4-11,22H,1-3H3/b6-4+",382.4,CHEMBL2425220,10.1016/j.ejmech.2013.07.014,Antioxidant activity assessed as DPPH free radical scavenging activity after 30 mins,3.74472749489669,COc1cc(C=CC(=O)c2cc3cc(O)ccc3oc2=O)cc(OC)c1OC
887,"InChI=1S/C15H14N6S/c1-2-11-3-5-12(6-4-11)9-18-21-14(19-20-15(21)22)13-10-16-7-8-17-13/h3-10H,2H2,1H3,(H,20,22)/b18-9+",310.4,CHEMBL4092904,10.1016/j.bmcl.2017.06.053,Antioxidant activity assessed as DPPH free radical scavenging activity after 30 mins,4.32148162095989,CCc1ccc(C=Nn2c(S)nnc2-c2cnccn2)cc1
1343,"InChI=1S/C16H11N3O5/c1-8-6-12-14(16(20)23-8)13(11(7-17)15(18)24-12)9-2-4-10(5-3-9)19(21)22/h2-6,13H,18H2,1H3",325.3,CHEMBL2282428,10.1007/s00044-013-0586-4,Antioxidant activity assessed as inhibition of DPPH radical after 30 mins by spectrophotometric analysis,3.08846421353175,Cc1cc2c(c(=O)o1)C(c1ccc([N+](=O)[O-])cc1)C(C#N)=C(N)O2
1408,"InChI=1S/C22H17ClN4O/c1-14-3-2-4-19-20(14)26-21(25-19)16-7-9-17(10-8-16)22(28)27-24-13-15-5-11-18(23)12-6-15/h2-13H,1H3,(H,25,26)(H,27,28)/b24-13+",388.9,CHEMBL3317800,10.1016/j.ejmech.2014.07.078,Antioxidant activity assessed as DPPH free radical scavenging activity incubated at 37 degC for 30 mins by microtiter plate reader based method,3.92005940284764,Cc1cccc2nc(-c3ccc(C(=O)NN=Cc4ccc(Cl)cc4)cc3)[nH]c12
1981,"InChI=1S/C30H18ClN5O/c31-15-9-10-21-19(13-15)18-11-12-30(25(26(18)33-21)20(14-32)29(37)36-30)24-16-5-1-2-6-17(16)27-28(24)35-23-8-4-3-7-22(23)34-27/h1-10,13,24,33H,11-12H2,(H,36,37)",500.0,CHEMBL4216162,10.1016/j.ejmech.2018.03.056,Antioxidant activity assessed as DPPH radical scavenging activity incubated under dark condition for 30 mins,4.43203309317685,N#CC1=C2c3[nH]c4ccc(Cl)cc4c3CCC2(C2c3ccccc3-c3nc4ccccc4nc32)NC1=O
1613,"InChI=1S/C22H22O13/c1-6-13(26)17(30)18(31)22(33-6)35-21-16(29)12-8(23)5-11(32-2)15(28)20(12)34-19(21)7-3-9(24)14(27)10(25)4-7/h3-6,13,17-18,22-28,30-31H,1-2H3/t6-,13-,17+,18+,22-/m0/s1",494.4,CHEMBL4074370,10.1021/acs.jnatprod.6b00720,Antioxidant activity assessed as DPPH radical scavenging activity incubated for 30 mins,5.00436480540245,COc1cc(O)c2c(=O)c(OC3OC(C)C(O)C(O)C3O)c(-c3cc(O)c(O)c(O)c3)oc2c1O
479,"InChI=1S/C19H15N3OS2/c1-23-15-8-6-13(7-9-15)17-12-24-19(21-17)22-20-11-16-10-14-4-2-3-5-18(14)25-16/h2-12H,1H3,(H,21,22)/b20-11+",365.5,CHEMBL4437583,10.1016/j.ejmech.2019.111765,Antioxidant activity assessed as DPPH radical scavenging activity incubated for 30 mins under dark condition by Uv-vis spectrophotometric method,4.64975198166584,COc1ccc(-c2csc(NN=Cc3cc4ccccc4s3)n2)cc1
1850,"InChI=1S/C16H16ClNO4S/c17-14-4-1-12(2-5-14)7-9-18-23(21,22)10-8-13-3-6-15(19)16(20)11-13/h1-6,8,10-11,18-20H,7,9H2/b10-8+",353.8,CHEMBL2414572,10.1016/j.bmc.2013.05.043,Antioxidant activity assessed as DPPH radical scavenging activity after 30 mins,5.08092190762393,O=S(=O)(C=Cc1ccc(O)c(O)c1)NCCc1ccc(Cl)cc1
1424,"InChI=1S/C20H21NO5/c1-4-26-14-7-5-13(6-8-14)21-20(23)16-9-12-10-17(24-2)18(25-3)11-15(12)19(16)22/h5-8,10-11,16H,4,9H2,1-3H3,(H,21,23)",355.4,CHEMBL3633478,10.1016/j.bmcl.2015.10.051,Antioxidant activity assessed as DPPH scavenging activity at 10 to 60 ug/ml after 30 mins,3.86803094521951,CCOc1ccc(NC(=O)C2Cc3cc(OC)c(OC)cc3C2=O)cc1
1523,"InChI=1S/C19H20N6O3/c26-18(22-19-20-16-3-1-2-4-17(16)21-19)13-23-9-11-24(12-10-23)14-5-7-15(8-6-14)25(27)28/h1-8H,9-13H2,(H2,20,21,22,26)",380.4,CHEMBL4208933,10.1016/j.bmc.2017.09.045,Antioxidant activity assessed as DPPH free radical scavenging activity after 30 mins by spectrophotometric analysis,3.60028261492471,O=C(CN1CCN(c2ccc([N+](=O)[O-])cc2)CC1)Nc1nc2ccccc2[nH]1
127,"InChI=1S/C18H14F3N3O3S/c19-18(20,21)12-3-1-2-4-13(12)22-10-24-17(28)27-16(23-24)11-5-6-14-15(9-11)26-8-7-25-14/h1-6,9,22H,7-8,10H2",409.4,CHEMBL2435563,10.1016/j.bmc.2013.08.002,Antioxidant activity assessed as DPPH free radical scavenging activity after 30 mins by spectrophotometric analysis,4.16583371605738,FC(F)(F)c1ccccc1NCn1nc(-c2ccc3c(c2)OCCO3)oc1=S
1036,"InChI=1S/C20H24O4/c1-9-6-11-16(22)14-12(21)7-13-19(2,5-4-10-8-20(10,13)3)15(14)17(23)18(11)24-9/h9-10,13,22-23H,4-8H2,1-3H3/t9-,10-,13+,19-,20+/m0/s1",328.4,CHEMBL1287907,10.1016/j.bmc.2010.10.037,Antioxidant activity assessed as DPPH radical scavenging activity 30 min (manual check),3.95467702121334,CC1Cc2c(O)c3c(c(O)c2O1)C1(C)CCC2CC2(C)C1CC3=O
1572,"InChI=1S/C17H32N4O6/c1-10(2)9-13(21-15(24)11(19)5-3-4-8-18)16(25)20-12(17(26)27)6-7-14(22)23/h10-13H,3-9,18-19H2,1-2H3,(H,20,25)(H,21,24)(H,22,23)(H,26,27)/t11-,12-,13-/m0/s1",388.5,CHEMBL4218873,10.1039/C6MD00006A,Antioxidant activity assessed as DPPH radical scavenging activity incubated for 30 mins under dark condition by spectrophotometric method,0.458932726490606,CC(C)CC(NC(=O)C(N)CCCCN)C(=O)NC(CCC(=O)O)C(=O)O
946,"InChI=1S/C7H6O4/c8-5-2-1-4(7(10)11)3-6(5)9/h1-3,8-9H,(H,10,11)",154.1,CHEMBL37537,10.1021/np050447r,Antioxidant activity assessed as DPPH free radical scavenging activity relative to control 30 min (manual check),4.34895354798116,O=C(O)c1ccc(O)c(O)c1
81,"InChI=1S/C16H12N2O2/c19-15-8-4-3-7-14(15)17-10-12-9-11-5-1-2-6-13(11)18-16(12)20/h1-10,19H,(H,18,20)/b17-10+",264.3,CHEMBL2312088,10.1016/j.bmcl.2012.11.006,Antioxidant activity assessed as DPPH scavenging activity after 30 mins by spectrophotometry,4.64282774227697,O=c1[nH]c2ccccc2cc1C=Nc1ccccc1O
979,"InChI=1S/C27H30O17/c28-6-15-19(34)22(37)23(38)26(42-15)44-25-20(35)16(7-29)43-27(24(25)39)41-14-5-13-17(21(36)18(14)33)11(32)4-12(40-13)8-1-2-9(30)10(31)3-8/h1-5,15-16,19-20,22-31,33-39H,6-7H2/t15-,16-,19-,20-,22+,23-,24-,25+,26+,27-/m1/s1",626.5,CHEMBL498848,10.1021/np0501233,Antioxidant activity assessed as DPPH free radical scavenging activity after 30 mins by TLC autographic assay,5.09691001300806,O=c1cc(-c2ccc(O)c(O)c2)oc2cc(OC3OC(CO)C(O)C(OC4OC(CO)C(O)C(O)C4O)C3O)c(O)c(O)c12
1477,"InChI=1S/C19H18O5/c1-2-3-9-23-16-11-15-17(19(22)18(16)21)13(20)10-14(24-15)12-7-5-4-6-8-12/h4-8,10-11,21-22H,2-3,9H2,1H3",326.3,CHEMBL3753569,10.1039/C5MD00163C,Antioxidant activity assessed as DPPH radical scavenging activity after 30 mins by ELISA reader analysis,4.88907375773358,CCCCOc1cc2oc(-c3ccccc3)cc(=O)c2c(O)c1O
1039,"InChI=1S/C20H22O5/c1-8-6-10-13(21)11-12(15(23)17(10)25-8)19(2)5-4-9-7-20(9,3)18(19)16(24)14(11)22/h8-9,21,23-24H,4-7H2,1-3H3/t8-,9-,19+,20+/m0/s1",342.4,CHEMBL1287967,10.1016/j.bmc.2010.10.037,Antioxidant activity assessed as DPPH radical scavenging activity 30 min (manual check),4.01322826573375,CC1Cc2c(O)c3c(c(O)c2O1)C1(C)CCC2CC2(C)C1=C(O)C3=O
173,"InChI=1S/C17H14N2O5/c1-10(18-11-6-8-12(9-7-11)19(22)23)15-16(20)13-4-2-3-5-14(13)24-17(15)21/h2-10,18,20H,1H3",326.3,CHEMBL4282335,10.1016/j.ejmech.2018.09.009,Antioxidant activity assessed as DPPH free radical scavenging activity after 30 to 60 mins by UV-vis spectrophotometric analysis,4.58502665202918,CC(Nc1ccc([N+](=O)[O-])cc1)c1c(O)c2ccccc2oc1=O
1255,"InChI=1S/C18H12N2O2/c21-17-14-10-4-6-12-7-5-11-15(16(12)14)18(22)20(17)19-13-8-2-1-3-9-13/h1-11,19H",288.3,CHEMBL1299497,10.1007/s00044-010-9384-4,Antioxidant activity assessed as DPPH radical scavenging activity 30 min (manual check),3.83238732727247,O=C1c2cccc3cccc(c23)C(=O)N1Nc1ccccc1
443,"InChI=1S/C26H18FNO4/c27-16-11-9-15(10-12-16)19(20-14-28-21-7-3-1-5-17(20)21)13-22(29)24-25(30)18-6-2-4-8-23(18)32-26(24)31/h1-12,14,19,28,30H,13H2",427.4,CHEMBL3752317,10.1016/j.bmcl.2015.12.085,Antioxidant activity of the compound assessed as DPPH radical scavenging after 30 mins by spectrophotometric analysis,3.95551453448876,O=C(CC(c1ccc(F)cc1)c1c[nH]c2ccccc12)c1c(O)c2ccccc2oc1=O
1545,"InChI=1S/C29H29NO5/c1-5-6-7-26-28(29(31)19-8-12-22(32-2)13-9-19)24-16-21(11-15-25(24)35-26)30-18-20-10-14-23(33-3)17-27(20)34-4/h8-18H,5-7H2,1-4H3/b30-18+",471.6,CHEMBL4203232,10.1016/j.bmcl.2017.12.013,Antioxidant activity assessed as DPPH radical scavenging activity after 20 to 30 mins,4.36118484705246,CCCCc1oc2ccc(N=Cc3ccc(OC)cc3OC)cc2c1C(=O)c1ccc(OC)cc1
1323,"InChI=1S/C16H16O7/c1-22-16-11(19)2-7(3-12(16)20)15-13(21)6-9-10(18)4-8(17)5-14(9)23-15/h2-5,13,15,17-21H,6H2,1H3/t13-,15+/m0/s1",320.3,CHEMBL1651274,10.1007/s00044-009-9265-x,Antioxidant activity assessed as inhibition of DPPH radical production after 30 min by spectrophotometric analysis,5.09562381533253,COc1c(O)cc(C2Oc3cc(O)cc(O)c3CC2O)cc1O
1957,"InChI=1S/C15H9ClO3S/c16-9-3-1-8(2-4-9)12-7-13(20)10-5-6-11(17)14(18)15(10)19-12/h1-7,17-18H",304.8,CHEMBL3934395,10.1016/j.bmc.2016.09.006,Antioxidant activity assessed as DPPH free radical scavenging activity after 30 mins incubation in dark by UV-Vis spectrophotometric analysis,4.95703092660682,Oc1ccc2c(=S)cc(-c3ccc(Cl)cc3)oc2c1O
1619,"InChI=1S/C51H60O15/c1-28-29(2)48-34(30(3)45(28)57)20-21-51(4,66-48)27-62-43(56)15-13-11-9-7-6-8-10-12-14-42(55)61-26-41-49(31-16-18-35(53)38(22-31)60-5)64-39-23-32(17-19-37(39)63-41)50-47(59)46(58)44-36(54)24-33(52)25-40(44)65-50/h16-19,22-25,41,47,49-50,52-54,57,59H,6-15,20-21,26-27H2,1-5H3/t41-,47+,49-,50-,51?/m1/s1",913.0,CHEMBL4073969,10.1016/j.ejmech.2016.12.051,Antioxidant activity assessed as DPPH radical scavenging activity after 30 mins by spectrophotometric method,5.45593195564972,COc1cc(C2Oc3cc(C4Oc5cc(O)cc(O)c5C(=O)C4O)ccc3OC2COC(=O)CCCCCCCCCCC(=O)OCC2(C)CCc3c(C)c(O)c(C)c(C)c3O2)ccc1O
1722,"InChI=1S/C28H24O12/c1-34-18-10-15(11-19(35-2)23(18)32)24-21(12-37-28(33)14-4-6-16(29)17(30)8-14)38-27-25-13(5-7-22(31)39-25)9-20(36-3)26(27)40-24/h4-11,21,24,29-30,32H,12H2,1-3H3/t21-,24-/m1/s1",552.5,CHEMBL502250,10.1016/j.bmcl.2009.05.006,Antioxidant activity assessed as DPPH free radical scavenging activity 30 min (manual check),3.29242982390206,COc1cc(C2Oc3c(OC)cc4ccc(=O)oc4c3OC2COC(=O)c2ccc(O)c(O)c2)cc(OC)c1O
1399,"InChI=1S/C23H20N4O3/c1-14-4-3-5-19-21(14)26-22(25-19)15-6-8-16(9-7-15)23(29)27-24-13-17-10-11-18(30-2)12-20(17)28/h3-13,28H,1-2H3,(H,25,26)(H,27,29)/b24-13+",400.4,CHEMBL3317791,10.1016/j.ejmech.2014.07.078,Antioxidant activity assessed as DPPH free radical scavenging activity incubated at 37 degC for 30 mins by microtiter plate reader based method,4.32330639037513,COc1ccc(C=NNC(=O)c2ccc(-c3nc4cccc(C)c4[nH]3)cc2)c(O)c1
11,"InChI=1S/C18H17N3O3/c1-12-17(19-11-13-8-9-15(22)10-16(13)23)18(24)21(20(12)2)14-6-4-3-5-7-14/h3-11,22-23H,1-2H3/b19-11+",323.4,CHEMBL2088276,10.1016/j.bmc.2012.04.058,Antioxidant activity assessed as DPPH free radical scavenging activity incubated for 30 mins,5.60205999132796,Cc1c(N=Cc2ccc(O)cc2O)c(=O)n(-c2ccccc2)n1C
529,"InChI=1S/C28H24O14/c29-9-19-24(37)26(39)28(42-20(35)4-2-10-1-3-12(30)13(31)5-10)27(41-19)21-16(34)8-18-22(25(21)38)23(36)11-6-14(32)15(33)7-17(11)40-18/h1-8,19,24,26-34,37-39H,9H2/b4-2+/t19-,24-,26+,27+,28-/m1/s1",584.5,CHEMBL504852,10.1021/np030100t,Antioxidant activity assessed as DPPH radical scavenging activity after 30 mins,4.74933608053676,O=C(C=Cc1ccc(O)c(O)c1)OC1C(c2c(O)cc3oc4cc(O)c(O)cc4c(=O)c3c2O)OC(CO)C(O)C1O
825,"InChI=1S/C20H17NO4/c22-16-10-19(23)18(20(24)11-16)12-21-15-6-8-17(9-7-15)25-13-14-4-2-1-3-5-14/h1-12,22-24H,13H2/b21-12+",335.4,CHEMBL4207105,10.1016/j.bmc.2017.08.048,Antioxidant activity assessed as DPPH radical scavenging activity after 30 mins,4.62160209905186,Oc1cc(O)c(C=Nc2ccc(OCc3ccccc3)cc2)c(O)c1
302,"InChI=1S/C13H11NO2/c15-12-7-3-1-5-10(12)9-14-11-6-2-4-8-13(11)16/h1-9,15-16H/b14-9+",213.2,CHEMBL2064669,10.1016/j.bmcl.2012.06.026,Antioxidant activity assessed as DPPH scavenging activity after 30 mins by microplate reader method,4.47372130504601,Oc1ccccc1C=Nc1ccccc1O
1013,"InChI=1S/C24H24O14/c1-34-23-19(30)17-13(27)5-10(6-14(17)37-22(23)9-2-3-11(25)12(26)4-9)35-8-16(28)36-7-15-18(29)20(31)21(32)24(33)38-15/h2-6,15,18,20-21,24-27,29,31-33H,7-8H2,1H3/t15-,18-,20+,21-,24?/m0/s1",536.4,CHEMBL572941,10.1016/j.bmcl.2009.09.062,Antioxidant activity assessed as DPPH radical scavenging activity after 30 mins,4.70465285166638,COc1c(-c2ccc(O)c(O)c2)oc2cc(OCC(=O)OCC3OC(O)C(O)C(O)C3O)cc(O)c2c1=O
462,"InChI=1S/C21H16N2OS/c1-2-7-14(8-3-1)21-20(15-9-4-5-10-16(15)22-21)18-13-17(23-24-18)19-11-6-12-25-19/h1-12,18,22H,13H2",344.4,CHEMBL4162484,10.1016/j.ejmech.2018.01.026,Antioxidant activity assessed as inhibition of DPPH radical formation after 30 mins,3.46702527617386,c1ccc(-c2[nH]c3ccccc3c2C2CC(c3cccs3)=NO2)cc1
1047,"InChI=1S/C26H24N2O5/c29-22-13-11-19(16-23(22)30)12-14-24(31)28-21(15-18-7-3-1-4-8-18)25(32)26(33)27-17-20-9-5-2-6-10-20/h1-14,16,21,29-30H,15,17H2,(H,27,33)(H,28,31)/b14-12+/t21-/m0/s1",444.5,CHEMBL1770878,10.1016/j.bmcl.2011.03.077,Antioxidant activity assessed as DPPH free radical scavenging activity after 30 mins,4.39329625866633,O=C(C=Cc1ccc(O)c(O)c1)NC(Cc1ccccc1)C(=O)C(=O)NCc1ccccc1
1064,"InChI=1S/C25H22BrN3O2/c1-3-31-25(30)21-20(14-5-7-15(26)8-6-14)17-10-9-16-18-12-13(2)4-11-19(18)28-22(16)23(17)29-24(21)27/h4-8,11-12,28H,3,9-10H2,1-2H3,(H2,27,29)",476.4,CHEMBL1910961,10.1016/j.ejmech.2011.09.024,Antioxidant activity assessed as DPPH radical scavenging activity after 30 mins by micro plate reader,3.34599813567324,CCOC(=O)c1c(N)nc2c(c1-c1ccc(Br)cc1)CCc1c-2[nH]c2ccc(C)cc12
1875,"InChI=1S/C12H14O4/c1-2-7-16-12(15)6-4-9-3-5-10(13)11(14)8-9/h3-6,8,13-14H,2,7H2,1H3/b6-4+",222.2,CHEMBL17362,10.1016/j.bmc.2013.08.057,Antioxidant activity assessed as DPPH radical scavenging activity after 30 mins by spectrophotometry,4.84771165561694,CCCOC(=O)C=Cc1ccc(O)c(O)c1
1364,"InChI=1S/C17H17NO3/c1-18(2)13-6-3-12(4-7-13)5-9-16(20)15-11-14(19)8-10-17(15)21/h3-11,19,21H,1-2H3/b9-5+",283.3,CHEMBL2296457,10.1007/s00044-012-0413-3,Antioxidant activity assessed as DPPH free radical scavenging activity after 30 min by spectrophotometeric analysis,4.06628300391974,CN(C)c1ccc(C=CC(=O)c2cc(O)ccc2O)cc1
540,"InChI=1S/C22H20O12/c1-31-21(30)20-16(28)15(27)17(29)22(34-20)33-18-12(26)6-10(24)14-11(25)7-13(32-19(14)18)8-2-4-9(23)5-3-8/h2-7,15-17,20,22-24,26-29H,1H3/t15-,16-,17+,20-,22+/m0/s1",476.4,CHEMBL467412,10.1021/np034002j,Antioxidant activity assessed as DPPH radical scavenging activity after 30 mins,4.15989390554324,COC(=O)C1OC(Oc2c(O)cc(O)c3c(=O)cc(-c4ccc(O)cc4)oc23)C(O)C(O)C1O
1398,"InChI=1S/C22H18N4O2/c1-14-5-4-7-18-20(14)25-21(24-18)15-9-11-16(12-10-15)22(28)26-23-13-17-6-2-3-8-19(17)27/h2-13,27H,1H3,(H,24,25)(H,26,28)/b23-13+",370.4,CHEMBL3317790,10.1016/j.ejmech.2014.07.078,Antioxidant activity assessed as DPPH free radical scavenging activity incubated at 37 degC for 30 mins by microtiter plate reader based method,4.26664221207441,Cc1cccc2nc(-c3ccc(C(=O)NN=Cc4ccccc4O)cc3)[nH]c12
1354,"InChI=1S/C15H22O8/c1-21-10-6-8(2-3-9(10)17)4-5-22-15-14(20)13(19)12(18)11(7-16)23-15/h2-3,6,11-20H,4-5,7H2,1H3/t11-,12+,13+,14-,15-/m1/s1",330.3,CHEMBL2281634,10.1007/s00044-012-0247-z,Antioxidant activity assessed as decrease in initial DPPH concentration after 30 min by MicroELISA reader analysis,4.3063871199046,COc1cc(CCOC2OC(CO)C(O)C(O)C2O)ccc1O
1105,"InChI=1S/C13H17NO6S/c1-18-9-4-7(5-10(19-2)11(9)15)12(16)14-8(6-21)13(17)20-3/h4-5,8,15,21H,6H2,1-3H3,(H,14,16)/t8-/m0/s1",315.3,CHEMBL1950213,10.1016/j.ejmech.2012.02.018,Antioxidant activity assessed as DPPH free radical scavenging activity by UV-Vis spectrophotometry 30 min (manual check),3.84466396253494,COC(=O)C(CS)NC(=O)c1cc(OC)c(O)c(OC)c1
584,"InChI=1S/C21H13ClFN5OS/c1-11-16-18(26-15-8-6-14(23)7-9-15)24-10-25-21(16)30-17(11)20-28-27-19(29-20)12-2-4-13(22)5-3-12/h2-10H,1H3,(H,24,25,26)",437.9,CHEMBL2151331,10.1016/j.ejmech.2012.10.007,Antioxidant activity assessed as inhibition of DPPH free radical production after 30 mins by spectrophotometric analysis,4.39340167883032,Cc1c(-c2nnc(-c3ccc(Cl)cc3)o2)sc2ncnc(Nc3ccc(F)cc3)c12
856,"InChI=1S/C21H21NO5/c1-21(2,3)22-19(26)9-6-12-4-8-16(24)20-14(12)11-18(27-20)13-5-7-15(23)17(25)10-13/h4-11,23-25H,1-3H3,(H,22,26)/b9-6+",367.4,CHEMBL4290116,10.1016/j.ejmech.2018.01.096,Antioxidant activity assessed as DPPH radical scavenging activity after 30 mins by spectrophotometric analysis,5.1791420105603,CC(C)(C)NC(=O)C=Cc1ccc(O)c2oc(-c3ccc(O)c(O)c3)cc12
1978,"InChI=1S/C31H21N5O/c1-16-7-6-10-19-20-13-14-31(25(27(20)35-26(16)19)21(15-32)30(37)36-31)24-17-8-2-3-9-18(17)28-29(24)34-23-12-5-4-11-22(23)33-28/h2-12,24,35H,13-14H2,1H3,(H,36,37)",479.5,CHEMBL4204565,10.1016/j.ejmech.2018.03.056,Antioxidant activity assessed as DPPH radical scavenging activity incubated under dark condition for 30 mins,4.15007677352503,Cc1cccc2c3c([nH]c12)C1=C(C#N)C(=O)NC1(C1c2ccccc2-c2nc4ccccc4nc21)CC3
999,"InChI=1S/C16H16O6/c1-21-13-6-3-9(8-14(13)22-2)7-12(18)10-4-5-11(17)16(20)15(10)19/h3-6,8,17,19-20H,7H2,1-2H3",304.3,CHEMBL563494,10.1016/j.bmc.2009.05.019,Antioxidant activity assessed as DPPH radical scavenging activity incubated at 40 degC in dark after 30 mins,5.36251027048749,COc1ccc(CC(=O)c2ccc(O)c(O)c2O)cc1OC
848,"InChI=1S/C32H43N3O2/c1-31(2,3)27-19-26(20-28(30(27)37)32(4,5)6)11-12-29(36)34-16-13-23-14-17-35(18-15-23)22-25-9-7-24(21-33)8-10-25/h7-12,19-20,23,37H,13-18,22H2,1-6H3,(H,34,36)/b12-11+",501.7,CHEMBL4278260,10.1016/j.ejmech.2018.08.005,Antioxidant activity assessed as DPPH radical scavenging activity measured after 30 mins incubation in dark by UV-Visible spectrophotometric analysis,4.09963287134353,CC(C)(C)c1cc(C=CC(=O)NCCC2CCN(Cc3ccc(C#N)cc3)CC2)cc(C(C)(C)C)c1O
637,"InChI=1S/C17H18N2O3/c1-11(2)15-9-17(20)12(3)8-16(15)18-10-13-4-6-14(7-5-13)19(21)22/h4-11,20H,1-3H3/b18-10+",298.3,CHEMBL2316825,10.1016/j.bmcl.2012.12.001,Antioxidant activity assessed as DPPH radical scavenging activity in ethanol solution 30 min (manual check),3.75931856956975,Cc1cc(N=Cc2ccc([N+](=O)[O-])cc2)c(C(C)C)cc1O
814,"InChI=1S/C9H6O5/c10-5-3-4-1-2-6(11)14-9(4)8(13)7(5)12/h1-3,10,12-13H",194.1,CHEMBL4171780,10.1021/acs.jnatprod.7b00665,Antioxidant activity assessed as DPPH radical scavenging activity incubated for 30 mins under dark condition,1.34850628276974,O=c1ccc2cc(O)c(O)c(O)c2o1
1517,"InChI=1S/C19H20FN5O/c20-14-5-1-4-8-17(14)25-11-9-24(10-12-25)13-18(26)23-19-21-15-6-2-3-7-16(15)22-19/h1-8H,9-13H2,(H2,21,22,23,26)",353.4,CHEMBL4214768,10.1016/j.bmc.2017.09.045,Antioxidant activity assessed as DPPH free radical scavenging activity after 30 mins by spectrophotometric analysis,3.46429834757233,O=C(CN1CCN(c2ccccc2F)CC1)Nc1nc2ccccc2[nH]1
1557,"InChI=1S/C27H24N2O5/c1-3-4-5-25-26(27(30)19-8-13-22(33-2)14-9-19)23-16-20(10-15-24(23)34-25)28-17-18-6-11-21(12-7-18)29(31)32/h6-17H,3-5H2,1-2H3/b28-17+",456.5,CHEMBL4216506,10.1016/j.bmcl.2017.12.013,Antioxidant activity assessed as DPPH radical scavenging activity after 20 to 30 mins,3.93426448045118,CCCCc1oc2ccc(N=Cc3ccc([N+](=O)[O-])cc3)cc2c1C(=O)c1ccc(OC)cc1
1326,"InChI=1S/C22H20O4/c1-4-8-15-9-6-10-16-18(23)14-20(26-21(15)16)17-11-7-12-19(24-3)22(17)25-13-5-2/h4-7,9-12,14H,1-2,8,13H2,3H3",348.4,CHEMBL2261253,10.1007/s00044-010-9474-3,Antioxidant activity assessed as DPPH free radical scavenging activity after 30 min by UV-VIS spectrophotometer analysis,3.49485002168009,C=CCOc1c(OC)cccc1-c1cc(=O)c2cccc(CC=C)c2o1
1193,"InChI=1S/C27H20O7/c1-30-20-4-2-3-18(11-20)15-31-21-8-7-19-13-22(27(29)34-25(19)14-21)23(28)9-5-17-6-10-24-26(12-17)33-16-32-24/h2-14H,15-16H2,1H3/b9-5+",456.5,CHEMBL2425237,10.1016/j.ejmech.2013.07.014,Antioxidant activity assessed as DPPH free radical scavenging activity after 30 mins,3.33724216831843,COc1cccc(COc2ccc3cc(C(=O)C=Cc4ccc5c(c4)OCO5)c(=O)oc3c2)c1
442,"InChI=1S/C27H21NO5/c1-32-17-12-10-16(11-13-17)20(21-15-28-22-8-4-2-6-18(21)22)14-23(29)25-26(30)19-7-3-5-9-24(19)33-27(25)31/h2-13,15,20,28,30H,14H2,1H3",439.5,CHEMBL3753948,10.1016/j.bmcl.2015.12.085,Antioxidant activity of the compound assessed as DPPH radical scavenging after 30 mins by spectrophotometric analysis,4.43317586456128,COc1ccc(C(CC(=O)c2c(O)c3ccccc3oc2=O)c2c[nH]c3ccccc23)cc1
782,"InChI=1S/C17H14O6/c1-21-10-5-3-9(4-6-10)13-7-11(18)15-14(23-13)8-12(19)17(22-2)16(15)20/h3-8,19-20H,1-2H3",314.3,CHEMBL78010,10.1016/j.ejmech.2015.10.039,Antioxidant activity assessed as DPPH radical scavenging activity after 30 mins,3.77001116345519,COc1ccc(-c2cc(=O)c3c(O)c(OC)c(O)cc3o2)cc1
1650,"InChI=1S/C25H24O14/c1-8-21(36-9(2)26)20(34)24(37-10(3)27)25(35-8)39-23-19(33)17-13(29)6-12(28)7-16(17)38-22(23)11-4-14(30)18(32)15(31)5-11/h4-8,20-21,24-25,28-32,34H,1-3H3/t8-,20+,21-,24+,25-/m0/s1",548.5,CHEMBL4164304,10.1021/acs.jnatprod.7b00564,Antioxidant activity assessed as DPPH radical scavenging activity measured after 30 mins incubation under dark condition,5.49485002168009,CC(=O)OC1C(C)OC(Oc2c(-c3cc(O)c(O)c(O)c3)oc3cc(O)cc(O)c3c2=O)C(OC(C)=O)C1O
426,"InChI=1S/C17H14O4/c18-15-11-21-17(19)16(15)13-6-8-14(9-7-13)20-10-12-4-2-1-3-5-12/h1-9,18H,10-11H2",282.3,CHEMBL3601616,10.1016/j.bmc.2015.05.026,Antioxidant activity assessed as DPPH radical scavenging activity incubated for 30 mins,4.46852108295774,O=C1OCC(O)=C1c1ccc(OCc2ccccc2)cc1
1114,"InChI=1S/C18H19NO6/c1-25-18(24)14(8-11-2-5-13(20)6-3-11)19-17(23)10-12-4-7-15(21)16(22)9-12/h2-7,9,14,20-22H,8,10H2,1H3,(H,19,23)/t14-/m0/s1",345.4,CHEMBL1950222,10.1016/j.ejmech.2012.02.018,Antioxidant activity assessed as DPPH free radical scavenging activity by UV-Vis spectrophotometry 30 min (manual check),4.35654732351381,COC(=O)C(Cc1ccc(O)cc1)NC(=O)Cc1ccc(O)c(O)c1
1841,"InChI=1S/C27H21N3O5S/c1-2-35-26(34)21(29-30-27(36)28-16-9-4-3-5-10-16)15-22(31)19-13-8-14-20-23(19)25(33)18-12-7-6-11-17(18)24(20)32/h3-14H,2,15H2,1H3,(H2,28,30,36)/b29-21-",499.5,CHEMBL2393475,10.1016/j.ejmech.2013.03.071,Antioxidant activity assessed as DPPH radical scavenging activity after 30 mins by spectrophotometric analysis,4.58169870868025,CCOC(=O)C(CC(=O)c1cccc2c1C(=O)c1ccccc1C2=O)=NNC(=S)Nc1ccccc1
852,"InChI=1S/C20H18O6/c1-11(2)25-19(24)8-5-12-3-7-16(22)20-14(12)10-18(26-20)13-4-6-15(21)17(23)9-13/h3-11,21-23H,1-2H3/b8-5+",354.4,CHEMBL4279114,10.1016/j.ejmech.2018.01.096,Antioxidant activity assessed as DPPH radical scavenging activity after 30 mins by spectrophotometric analysis,5.1791420105603,CC(C)OC(=O)C=Cc1ccc(O)c2oc(-c3ccc(O)c(O)c3)cc12
1197,"InChI=1S/C26H18Cl2O5/c1-31-18-5-2-4-16(12-18)15-32-19-9-8-17-13-21(26(30)33-25(17)14-19)24(29)11-10-20-22(27)6-3-7-23(20)28/h2-14H,15H2,1H3/b11-10+",481.3,CHEMBL2425233,10.1016/j.ejmech.2013.07.014,Antioxidant activity assessed as DPPH free radical scavenging activity after 30 mins,3.0268721464003,COc1cccc(COc2ccc3cc(C(=O)C=Cc4c(Cl)cccc4Cl)c(=O)oc3c2)c1
1117,"InChI=1S/C22H26N2O6S/c1-31-11-9-16(22(30)23-10-8-15-3-6-18(26)20(28)13-15)24-21(29)7-4-14-2-5-17(25)19(27)12-14/h2-7,12-13,16,25-28H,8-11H2,1H3,(H,23,30)(H,24,29)/b7-4+/t16-/m0/s1",446.5,CHEMBL1950225,10.1016/j.ejmech.2012.02.018,Antioxidant activity assessed as DPPH free radical scavenging activity by UV-Vis spectrophotometry 30 min (manual check),4.63827216398241,CSCCC(NC(=O)C=Cc1ccc(O)c(O)c1)C(=O)NCCc1ccc(O)c(O)c1
2137,"InChI=1S/C15H14O6/c16-11-4-2-1-3-9(11)5-6-21-15(20)10-7-12(17)14(19)13(18)8-10/h1-4,7-8,16-19H,5-6H2",290.3,CHEMBL399354,10.1016/j.bmcl.2007.07.032,DPPH radical scavenging activity after 30 mins,5.08039897621589,O=C(OCCc1ccccc1O)c1cc(O)c(O)c(O)c1
1611,"InChI=1S/C16H12O9/c1-24-9-4-6(17)10-13(22)14(23)15(25-16(10)12(9)21)5-2-7(18)11(20)8(19)3-5/h2-4,17-21,23H,1H3",348.3,CHEMBL4082201,10.1021/acs.jnatprod.6b00720,Antioxidant activity assessed as DPPH radical scavenging activity incubated for 30 mins,4.81247927916354,COc1cc(O)c2c(=O)c(O)c(-c3cc(O)c(O)c(O)c3)oc2c1O
1648,"InChI=1S/C23H22O13/c1-7-20(34-8(2)24)18(31)19(32)23(33-7)36-22-17(30)15-11(26)5-10(25)6-14(15)35-21(22)9-3-12(27)16(29)13(28)4-9/h3-7,18-20,23,25-29,31-32H,1-2H3/t7-,18-,19+,20-,23-/m0/s1",506.4,CHEMBL4167746,10.1021/acs.jnatprod.7b00564,Antioxidant activity assessed as DPPH radical scavenging activity measured after 30 mins incubation under dark condition,5.45593195564972,CC(=O)OC1C(C)OC(Oc2c(-c3cc(O)c(O)c(O)c3)oc3cc(O)cc(O)c3c2=O)C(O)C1O
1615,"InChI=1S/C28H32O18/c1-7-15(33)19(37)21(39)27(42-7)46-26-18(36)14-9(30)5-12(41-2)24(45-28-22(40)20(38)17(35)13(6-29)43-28)25(14)44-23(26)8-3-10(31)16(34)11(32)4-8/h3-5,7,13,15,17,19-22,27-35,37-40H,6H2,1-2H3/t7-,13+,15-,17+,19+,20-,21+,22+,27-,28-/m0/s1",656.5,CHEMBL4089074,10.1021/acs.jnatprod.6b00720,Antioxidant activity assessed as DPPH radical scavenging activity incubated for 30 mins,4.58169870868025,COc1cc(O)c2c(=O)c(OC3OC(C)C(O)C(O)C3O)c(-c3cc(O)c(O)c(O)c3)oc2c1OC1OC(CO)C(O)C(O)C1O
1817,"InChI=1S/C16H14N2OS/c1-19-13-9-7-12(8-10-13)15-14(17-16(20)18-15)11-5-3-2-4-6-11/h2-10H,1H3,(H2,17,18,20)",282.4,CHEMBL2207963,10.1016/j.bmc.2012.09.050,Antioxidant activity of compound assessed as DPPH radical scavenging activity by colorimetric method 30 min (manual check),4.0584885673656,COc1ccc(-c2[nH]c(=S)[nH]c2-c2ccccc2)cc1
2092,"InChI=1S/C19H19N3O2/c1-5-19(3,4)16-13(12-8-6-7-9-14(12)21-16)10-15-18(24)20-11(2)17(23)22-15/h5-10,21H,1-2H2,3-4H3,(H,20,24)(H,22,23)/b15-10-",321.4,CHEMBL268796,10.1021/np070208z,DPPH radical scavenging activity 30 min (manual check),4.18708664335714,C=CC(C)(C)c1[nH]c2ccccc2c1C=c1[nH]c(=O)c(=C)[nH]c1=O
1016,"InChI=1S/C23H24O12/c24-12-2-1-10(5-13(12)25)16-8-15(27)19-14(26)6-11(7-17(19)34-16)33-4-3-32-9-18-20(28)21(29)22(30)23(31)35-18/h1-2,5-8,18,20-26,28-31H,3-4,9H2/t18-,20-,21+,22-,23?/m0/s1",492.4,CHEMBL566961,10.1016/j.bmcl.2009.09.062,Antioxidant activity assessed as DPPH radical scavenging activity after 30 mins,4.73282827159699,O=c1cc(-c2ccc(O)c(O)c2)oc2cc(OCCOCC3OC(O)C(O)C(O)C3O)cc(O)c12
99,"InChI=1S/C8H6N2OS/c12-8-10-9-7(11-8)6-4-2-1-3-5-6/h1-5H,(H,10,12)",178.2,CHEMBL1164316,10.1016/j.bmc.2013.08.002,Antioxidant activity assessed as DPPH free radical scavenging activity after 30 mins by spectrophotometric analysis,4.04682039893437,S=c1[nH]nc(-c2ccccc2)o1
1359,"InChI=1S/C10H12N2O3/c1-10(12-11-9(14)6-15-10)7-3-2-4-8(13)5-7/h2-5,12-13H,6H2,1H3,(H,11,14)",208.2,CHEMBL2298300,10.1007/s00044-012-0313-6,Antioxidant activity assessed as DPPH radical scavenging activity after 30 min by spectrophotometric analysis,4.54105390278521,CC1(c2cccc(O)c2)NNC(=O)CO1
931,"InChI=1S/C43H52O17/c1-50-28-10-21(8-9-27(28)46)37(47)35(17-44)59-42-31(53-4)13-23(14-32(42)54-5)40-25-19-58-41(26(25)20-57-40)24-15-33(55-6)43(34(16-24)56-7)60-36(18-45)38(48)22-11-29(51-2)39(49)30(12-22)52-3/h8-16,25-26,35-38,40-41,44-49H,17-20H2,1-7H3/t25-,26-,35-,36-,37+,38+,40+,41+/m1/s1",840.9,CHEMBL225480,10.1021/np0603931,Antioxidant effect assessed as DPPH radical scavenging activity 30 min (manual check),4.06048074738138,COc1cc(C(O)C(CO)Oc2c(OC)cc(C3OCC4C(c5cc(OC)c(OC(CO)C(O)c6cc(OC)c(O)c(OC)c6)c(OC)c5)OCC34)cc2OC)ccc1O
1824,"InChI=1S/C18H19NO5/c1-24-17-8-2-12(10-15(17)21)3-9-18(23)19-11-16(22)13-4-6-14(20)7-5-13/h2-10,16,20-22H,11H2,1H3,(H,19,23)/b9-3+",329.4,CHEMBL2036084,10.1021/np300655y,Antioxidant activity assessed as DPPH radical scavenging activity after 30 mins,4.20481541031758,COc1ccc(C=CC(=O)NCC(O)c2ccc(O)cc2)cc1O
786,"InChI=1S/C18H15N5O3S/c24-18-12-27-17-7-2-1-6-16(17)22(18)11-14-10-21(20-19-14)9-13-4-3-5-15(8-13)23(25)26/h1-8,10H,9,11-12H2",381.4,CHEMBL3764139,10.1016/j.bmcl.2015.11.071,Antioxidant activity assessed as DPPH radical scavenging activity by spectrophotometric assay 30 min (manual check),4.0483716662145,O=C1CSc2ccccc2N1Cc1cn(Cc2cccc([N+](=O)[O-])c2)nn1
1656,"InChI=1S/C19H20O3/c1-13(2)3-10-17-18(21)11-15(12-19(17)22)5-4-14-6-8-16(20)9-7-14/h3-9,11-12,20-22H,10H2,1-2H3/b5-4+",296.4,CHEMBL2230263,10.1016/j.ejmech.2018.11.040,Antioxidant activity assessed as inhibition of DPPH free radical after 30 mins by UV-Visible spectrophotometric analysis,4.13477754370982,CC(C)=CCc1c(O)cc(C=Cc2ccc(O)cc2)cc1O
74,"InChI=1S/C17H14N2O2/c1-11-2-7-16-12(8-11)9-13(17(21)19-16)10-18-14-3-5-15(20)6-4-14/h2-10,20H,1H3,(H,19,21)/b18-10+",278.3,CHEMBL2312091,10.1016/j.bmcl.2012.11.006,Antioxidant activity assessed as DPPH scavenging activity after 30 mins by spectrophotometry,4.05286048235717,Cc1ccc2[nH]c(=O)c(C=Nc3ccc(O)cc3)cc2c1
160,"InChI=1S/C18H18N2O/c1-13-9-11-15(12-10-13)17-14(2)19-20(18(17)21-3)16-7-5-4-6-8-16/h4-12H,1-3H3",278.4,CHEMBL3793163,10.1016/j.bmcl.2016.03.024,Antioxidant activity assessed as DPPH free radical scavenging activity incubated for 30 mins in dark condition by spectrophotometric method,4.17515628672061,COc1c(-c2ccc(C)cc2)c(C)nn1-c1ccccc1
1320,"InChI=1S/C21H24O6/c1-23-17-7-5-13(9-19(17)25-3)21-15-11-26-20(14(15)10-27-21)12-4-6-16(22)18(8-12)24-2/h4-9,14-15,20-22H,10-11H2,1-3H3/t14-,15-,20+,21-/m0/s1",372.4,CHEMBL2260010,10.1007/s00044-009-9217-5,Antioxidant activity assessed as DPPH radical scavenging activity after 30 min,4.3803978744957,COc1cc(C2OCC3C(c4ccc(OC)c(OC)c4)OCC23)ccc1O
1074,"InChI=1S/C21H24O7/c1-11-12(2)19-15(13(3)18(11)23)6-7-21(4,28-19)20(24)27-9-14-8-16(22)17(25-5)10-26-14/h8,10,23H,6-7,9H2,1-5H3",388.4,CHEMBL1928642,10.1016/j.bmcl.2011.09.122,Antioxidant activity assessed as DPPH radical scavenging activity after 30 mins,4.70377371273884,COc1coc(COC(=O)C2(C)CCc3c(C)c(O)c(C)c(C)c3O2)cc1=O
1808,"InChI=1S/C16H18O5/c1-9-5-13(20-4)15(18)14(6-9)21-16-10(2)7-11(19-3)8-12(16)17/h5-8,17-18H,1-4H3",290.3,CHEMBL2152645,10.1021/np300473h,Antioxidant activity assessed as DPPH free radical scavenging activity after 30 mins,5.10237290870956,COc1cc(C)c(Oc2cc(C)cc(OC)c2O)c(O)c1
940,"InChI=1S/C16H12O7/c1-22-16-14(21)13-11(20)5-8(17)6-12(13)23-15(16)7-2-3-9(18)10(19)4-7/h2-6,17-20H,1H3",316.3,CHEMBL163316,10.1016/j.bmc.2015.05.023,Antioxidant activity assessed as DPPH radical scavenging activity after 30 min,4.84863014975254,COc1c(-c2ccc(O)c(O)c2)oc2cc(O)cc(O)c2c1=O
587,"InChI=1S/C21H12Cl2FN5OS/c1-10-16-18(27-13-6-7-15(24)14(23)8-13)25-9-26-21(16)31-17(10)20-29-28-19(30-20)11-2-4-12(22)5-3-11/h2-9H,1H3,(H,25,26,27)",472.3,CHEMBL2151042,10.1016/j.ejmech.2012.10.007,Antioxidant activity assessed as inhibition of DPPH free radical production after 30 mins by spectrophotometric analysis,4.3826271199187,Cc1c(-c2nnc(-c3ccc(Cl)cc3)o2)sc2ncnc(Nc3ccc(F)c(Cl)c3)c12
1896,"InChI=1S/C6H4O6/c7-1-2(8)4(10)6(12)5(11)3(1)9/h7-8,11-12H",172.1,CHEMBL1329029,10.1021/jf011108g,Antioxidant activity assessed as DPPH free radical scavenging activity after 30 min by TLC autographic assay,5.02826040911222,O=C1C(O)=C(O)C(=O)C(O)=C1O
412,"InChI=1S/C23H27NO3/c1-5-13(2)6-7-14(3)10-17-15(4)20(27)11-18-21-16(12-25)8-9-19(26)23(21)24-22(17)18/h8-13,24,26-27H,5-7H2,1-4H3/b14-10+/t13-/m0/s1",365.5,CHEMBL3309629,10.1016/j.bmcl.2014.05.050,Antioxidant activity assessed as DPPH radical scavenging capacity after 30 mins by UV spectrophotometry,5.11918640771921,CCC(C)CCC(C)=Cc1c(C)c(O)cc2c1[nH]c1c(O)ccc(C=O)c12
459,"InChI=1S/C24H20N4O/c1-16(29)28-22(14-21(27-28)18-10-7-13-25-15-18)23-19-11-5-6-12-20(19)26-24(23)17-8-3-2-4-9-17/h2-13,15,22,26H,14H2,1H3",380.5,CHEMBL4169750,10.1016/j.ejmech.2018.01.026,Antioxidant activity assessed as inhibition of DPPH radical formation after 30 mins,4.00091406396679,CC(=O)N1N=C(c2cccnc2)CC1c1c(-c2ccccc2)[nH]c2ccccc12
1183,"InChI=1S/C24H23NO6/c1-14-20(23(26)28-3)22(16-10-11-18-19(12-16)31-13-30-18)21(24(27)29-4)15(2)25(14)17-8-6-5-7-9-17/h5-12,22H,13H2,1-4H3",421.4,CHEMBL2413664,10.1016/j.ejmech.2013.06.006,Antioxidant activity assessed as DPPH free radical scavenging activity under dark condition after 30 mins,2.89069524473369,COC(=O)C1=C(C)N(c2ccccc2)C(C)=C(C(=O)OC)C1c1ccc2c(c1)OCO2
1027,"InChI=1S/C18H19Br2NO2/c1-10-5-16(22)13(18(2,3)4)8-15(10)21-9-11-6-12(19)7-14(20)17(11)23/h5-9,22-23H,1-4H3/b21-9+",441.2,CHEMBL2316863,10.1016/j.bmcl.2012.12.001,Antioxidant activity assessed as DPPH radical scavenging activity in chloroform solution 30 min (manual check),4.55071023048622,Cc1cc(O)c(C(C)(C)C)cc1N=Cc1cc(Br)cc(Br)c1O
950,"InChI=1S/C25H24O12/c26-15-5-1-13(9-17(15)28)3-7-21(31)36-20-12-25(35,24(33)34)11-19(30)23(20)37-22(32)8-4-14-2-6-16(27)18(29)10-14/h1-10,19-20,23,26-30,35H,11-12H2,(H,33,34)/b7-3+,8-4+/t19-,20-,23+,25-/m1/s1",516.5,CHEMBL177126,10.1021/np050447r,Antioxidant activity assessed as DPPH free radical scavenging activity relative to control 30 min (manual check),4.74066023572847,O=C(C=Cc1ccc(O)c(O)c1)OC1CC(O)(C(=O)O)CC(O)C1OC(=O)C=Cc1ccc(O)c(O)c1
2022,"InChI=1S/C19H16O6/c20-14-5-7-18(24)12(9-14)1-3-16(22)11-17(23)4-2-13-10-15(21)6-8-19(13)25/h1-10,20-21,24-25H,11H2/b3-1+,4-2+",340.3,CHEMBL4442693,10.1016/j.bmcl.2019.06.052,Antioxidant activity assessed as DPPH radical scavenging activity measured after 30 mins,4.24412514432751,O=C(C=Cc1cc(O)ccc1O)CC(=O)C=Cc1cc(O)ccc1O
558,"InChI=1S/C22H16N4O/c1-13-6-8-14(9-7-13)20-16(10-23)21(27-22(25)17(20)11-24)18-12-26-19-5-3-2-4-15(18)19/h2-9,12,20,26H,25H2,1H3",352.4,CHEMBL1222700,10.1016/j.bmcl.2010.07.039,Antioxidant activity assessed as DPPH radical scavenging activity 30 min (manual check),2.34543669796437,Cc1ccc(C2C(C#N)=C(N)OC(c3c[nH]c4ccccc34)=C2C#N)cc1
1595,"InChI=1S/C25H18O9/c1-10-14-5-12(24-22(31)21(30)20-16(28)8-13(26)9-19(20)33-24)6-17(29)25(14)34-23(10)11-3-4-15(27)18(7-11)32-2/h3-9,26-29,31H,1-2H3",462.4,CHEMBL4075384,10.1021/acs.jnatprod.6b00750,Antioxidant activity assessed as DPPH radical scavenging activity after 30 mins,5.44855000202713,COc1cc(-c2oc3c(O)cc(-c4oc5cc(O)cc(O)c5c(=O)c4O)cc3c2C)ccc1O
2113,"InChI=1S/C24H30ClN3O3/c1-7-23(3,4)20-16(12-18-22(30)26-13(2)21(29)28-18)15-10-14(8-9-17(15)27-20)11-19(25)24(5,6)31/h7-10,12-13,19,27,31H,1,11H2,2-6H3,(H,26,30)(H,28,29)/b18-12-/t13-,19+/m0/s1",444.0,CHEMBL250873,10.1021/np070208z,DPPH radical scavenging activity 30 min (manual check),4.01322826573375,C=CC(C)(C)c1[nH]c2ccc(CC(Cl)C(C)(C)O)cc2c1C=C1NC(=O)C(C)NC1=O
767,"InChI=1S/C22H23NO7/c1-11(2)23(12(3)4)22(28)29-14-7-5-13(6-8-14)17-9-15(24)19-18(30-17)10-16(25)20(26)21(19)27/h5-12,25-27H,1-4H3",413.4,CHEMBL3634646,10.1016/j.bmc.2015.09.047,Antioxidant activity assessed as DPPH radical scavenging by spectrophotometric analysis 30 min (manual check),4.7687853520374,CC(C)N(C(=O)Oc1ccc(-c2cc(=O)c3c(O)c(O)c(O)cc3o2)cc1)C(C)C
201,"InChI=1S/C15H11NO4/c17-14-7-5-12(6-8-14)15(18)9-4-11-2-1-3-13(10-11)16(19)20/h1-10,17H/b9-4+",269.3,CHEMBL2261506,10.1016/j.bmc.2014.10.015,Antioxidant activity assessed as DPPH radical scavenging activity after 30 mins by spectrophotometry,3.46292243512443,O=C(C=Cc1cccc([N+](=O)[O-])c1)c1ccc(O)cc1
1330,InChI=1S/C28H17NO3/c30-28(32-26-15-7-10-18-8-1-3-11-20(18)26)22-17-24(29-23-13-5-4-12-21(22)23)27-16-19-9-2-6-14-25(19)31-27/h1-17H,415.4,CHEMBL2281879,10.1007/s00044-012-0117-8,Antioxidant activity assessed as DPPH radical scavenging activity at 1 mg/ml after 30 min by spectrophotometric analysis,3.95950164953465,O=C(Oc1cccc2ccccc12)c1cc(-c2cc3ccccc3o2)nc2ccccc12
53,"InChI=1S/C23H17NO4/c25-21-9-5-4-8-20(21)24-14-17-12-23(26)28-22-13-18(10-11-19(17)22)27-15-16-6-2-1-3-7-16/h1-14,25H,15H2/b24-14-",371.4,CHEMBL1909918,10.1016/j.bmcl.2011.09.029,Antioxidant activity assessed as DPPH free radical scavenging activity after 30 mins by spectrophotometric analysis,4.47768620484333,O=c1cc(C=Nc2ccccc2O)c2ccc(OCc3ccccc3)cc2o1
830,"InChI=1S/C29H42N2O2/c1-28(2,3)24-18-22(19-25(27(24)33)29(4,5)6)12-13-26(32)30-23-14-16-31(17-15-23)20-21-10-8-7-9-11-21/h7-11,18-19,23,33H,12-17,20H2,1-6H3,(H,30,32)",450.7,CHEMBL4289509,10.1016/j.ejmech.2018.08.005,Antioxidant activity assessed as DPPH radical scavenging activity measured after 30 mins incubation in dark by UV-Visible spectrophotometric analysis,4.09528445472132,CC(C)(C)c1cc(CCC(=O)NC2CCN(Cc3ccccc3)CC2)cc(C(C)(C)C)c1O
111,"InChI=1S/C27H43N3O3S/c1-2-3-4-5-6-7-8-9-10-11-12-13-14-15-18-28-22-30-27(34)33-26(29-30)23-16-17-24-25(21-23)32-20-19-31-24/h16-17,21,28H,2-15,18-20,22H2,1H3",489.7,CHEMBL2435586,10.1016/j.bmc.2013.08.002,Antioxidant activity assessed as DPPH free radical scavenging activity after 30 mins by spectrophotometric analysis,3.96830883137485,CCCCCCCCCCCCCCCCNCn1nc(-c2ccc3c(c2)OCCO3)oc1=S
2070,"InChI=1S/C17H12ClFN2O2/c18-13-4-2-1-3-12(13)16-20-21-17(23-16)15-7-5-10-9-11(19)6-8-14(10)22-15/h1-4,6,8-9,15H,5,7H2",330.7,CHEMBL4649640,10.1016/j.bmcl.2020.127136,Antioxidant activity assessed as DPPH radical scavenging activity 30 min (manual check),4.38912699961995,Fc1ccc2c(c1)CCC(c1nnc(-c3ccccc3Cl)o1)O2
1393,"InChI=1S/C22H18N4O3/c1-13-3-2-4-18-20(13)25-21(24-18)14-5-7-15(8-6-14)22(29)26-23-12-16-9-10-17(27)11-19(16)28/h2-12,27-28H,1H3,(H,24,25)(H,26,29)/b23-12+",386.4,CHEMBL3317786,10.1016/j.ejmech.2014.07.078,Antioxidant activity assessed as DPPH free radical scavenging activity incubated at 37 degC for 30 mins by microtiter plate reader based method,4.56145765121389,Cc1cccc2nc(-c3ccc(C(=O)NN=Cc4ccc(O)cc4O)cc3)[nH]c12
1006,"InChI=1S/C16H16O5/c1-20-15-6-3-10(8-16(15)21-2)7-13(18)11-4-5-12(17)14(19)9-11/h3-6,8-9,17,19H,7H2,1-2H3",288.3,CHEMBL552325,10.1016/j.bmc.2009.05.019,Antioxidant activity assessed as DPPH radical scavenging activity incubated at 40 degC in dark after 30 mins,5.59687947882418,COc1ccc(CC(=O)c2ccc(O)c(O)c2)cc1OC
1475,"InChI=1S/C25H26O5/c1-16(2)8-7-9-17(3)12-13-29-22-15-21-23(25(28)24(22)27)19(26)14-20(30-21)18-10-5-4-6-11-18/h4-6,8,10-12,14-15,27-28H,7,9,13H2,1-3H3/b17-12+",406.5,CHEMBL1782454,10.1039/C5MD00163C,Antioxidant activity assessed as DPPH radical scavenging activity after 30 mins by ELISA reader analysis,4.61367942610595,CC(C)=CCCC(C)=CCOc1cc2oc(-c3ccccc3)cc(=O)c2c(O)c1O
1260,"InChI=1S/C7H6O4/c8-3-5-6(10)1-4(9)2-7(5)11/h1-3,9-11H",154.1,CHEMBL2403487,10.1007/s00044-010-9461-8,Antioxidant activity assessed as DPPH radical scavenging activity after 30 min,4.14630178822383,O=Cc1c(O)cc(O)cc1O
1337,"InChI=1S/C14H9ClN2O3S/c1-6-4-8-12(14(18)19-6)11(7(5-16)13(17)20-8)9-2-3-10(15)21-9/h2-4,11H,17H2,1H3",320.8,CHEMBL2282433,10.1007/s00044-013-0586-4,Antioxidant activity assessed as inhibition of DPPH radical after 30 mins by spectrophotometric analysis,3.21027830601908,Cc1cc2c(c(=O)o1)C(c1ccc(Cl)s1)C(C#N)=C(N)O2
1487,"InChI=1S/C24H30N2O3/c1-29-23-9-7-20(17-22(23)27)8-10-24(28)25-14-11-19-12-15-26(16-13-19)18-21-5-3-2-4-6-21/h2-10,17,19,27H,11-16,18H2,1H3,(H,25,28)/b10-8+",394.5,CHEMBL3818086,10.1039/C6MD00053C,Antioxidant activity assessed as DPPH radical scavenging activity incubated in dark for 30 mins by spectrophotometry,3.11690664142431,COc1ccc(C=CC(=O)NCCC2CCN(Cc3ccccc3)CC2)cc1O
2093,"InChI=1S/C24H27N3O2/c1-7-24(5,6)21-18(13-20-23(29)25-15(4)22(28)27-20)17-12-16(9-8-14(2)3)10-11-19(17)26-21/h7-8,10-13,26H,1,4,9H2,2-3,5-6H3,(H,25,29)(H,27,28)/b20-13-",389.5,CHEMBL249458,10.1021/np070208z,DPPH radical scavenging activity 30 min (manual check),4.22184874961636,C=CC(C)(C)c1[nH]c2ccc(CC=C(C)C)cc2c1C=c1[nH]c(=O)c(=C)[nH]c1=O
582,"InChI=1S/C21H13ClN6O3S/c1-11-16-18(25-14-6-4-13(22)5-7-14)23-10-24-21(16)32-17(11)20-27-26-19(31-20)12-2-8-15(9-3-12)28(29)30/h2-10H,1H3,(H,23,24,25)",464.9,CHEMBL2151329,10.1016/j.ejmech.2012.10.007,Antioxidant activity assessed as inhibition of DPPH free radical production after 30 mins by spectrophotometric analysis,4.29261120017298,Cc1c(-c2nnc(-c3ccc([N+](=O)[O-])cc3)o2)sc2ncnc(Nc3ccc(Cl)cc3)c12
391,"InChI=1S/C31H25ClFNO6P2/c32-29-23-24(21-22-30(29)33)34-31(41(35,37-25-13-5-1-6-14-25)38-26-15-7-2-8-16-26)42(36,39-27-17-9-3-10-18-27)40-28-19-11-4-12-20-28/h1-23,31,34H",623.9,CHEMBL1824399,10.1016/j.ejmech.2011.02.038,Antioxidant activity assessed as DPPH free radical scavenging activity after 30 mins,4.27791908768039,O=P(Oc1ccccc1)(Oc1ccccc1)C(Nc1ccc(F)c(Cl)c1)P(=O)(Oc1ccccc1)Oc1ccccc1
1375,"InChI=1S/C32H40N4O5/c1-41-27-19-17-23(18-20-27)21-28(35-30(38)24-11-5-2-6-12-24)31(39)33-22-29(37)36(26-15-9-4-10-16-26)32(40)34-25-13-7-3-8-14-25/h2,5-6,11-12,17-21,25-26H,3-4,7-10,13-16,22H2,1H3,(H,33,39)(H,34,40)(H,35,38)/b28-21+",560.7,CHEMBL3237195,10.1016/j.ejmech.2014.03.037,Antioxidant activity assessed as DPPH radical scavenging activity after 20 to 30 mins,4.03287341892359,COc1ccc(C=C(NC(=O)c2ccccc2)C(=O)NCC(=O)N(C(=O)NC2CCCCC2)C2CCCCC2)cc1
43,"InChI=1S/C17H14N2O3/c18-19-10-13-8-17(20)22-16-9-14(6-7-15(13)16)21-11-12-4-2-1-3-5-12/h1-10H,11,18H2/b19-10-",294.3,CHEMBL1909907,10.1016/j.bmcl.2011.09.029,Antioxidant activity assessed as DPPH free radical scavenging activity after 30 mins by spectrophotometric analysis,2.89005041976941,NN=Cc1cc(=O)oc2cc(OCc3ccccc3)ccc12
1405,"InChI=1S/C21H17N5O/c1-14-5-4-7-18-19(14)25-20(24-18)15-8-10-16(11-9-15)21(27)26-23-13-17-6-2-3-12-22-17/h2-13H,1H3,(H,24,25)(H,26,27)/b23-13+",355.4,CHEMBL3317797,10.1016/j.ejmech.2014.07.078,Antioxidant activity assessed as DPPH free radical scavenging activity incubated at 37 degC for 30 mins by microtiter plate reader based method,4.02544225514642,Cc1cccc2nc(-c3ccc(C(=O)NN=Cc4ccccn4)cc3)[nH]c12
1449,"InChI=1S/C17H16ClN3O/c1-13-2-8-17(9-3-13)22-12-16-11-21(20-19-16)10-14-4-6-15(18)7-5-14/h2-9,11H,10,12H2,1H3",313.8,CHEMBL3741984,10.1039/C5MD00057B,Antioxidant activity assessed as DPPH radical scavenging activity after 30 mins by spectrophotometric analysis,4.25860683612212,Cc1ccc(OCc2cn(Cc3ccc(Cl)cc3)nn2)cc1
1940,"InChI=1S/C23H23NO2/c25-22(21-13-10-18-5-1-2-6-20(18)23(21)26)14-9-17-7-11-19(12-8-17)24-15-3-4-16-24/h1-2,5-9,11-12,14,21H,3-4,10,13,15-16H2/b14-9+",345.4,CHEMBL3290196,10.1016/j.ejmech.2014.06.034,Antioxidant activity assessed as DPPH free radical scavenging activity 30 min (manual check),4.5548630312867,O=C(C=Cc1ccc(N2CCCC2)cc1)C1CCc2ccccc2C1=O
1087,"InChI=1S/C11H14O5/c1-13-8-5-7(11(12)16-4)6-9(14-2)10(8)15-3/h5-6H,1-4H3",226.2,CHEMBL1651039,10.1016/j.bmcl.2011.10.073,Antioxidant activity assessed as DPPH free radical scavenging activity after 30 mins,3.00411482902038,COC(=O)c1cc(OC)c(OC)c(OC)c1
198,"InChI=1S/C16H13NO4/c1-21-15-8-6-13(7-9-15)16(18)10-5-12-3-2-4-14(11-12)17(19)20/h2-11H,1H3/b10-5+",283.3,CHEMBL2012135,10.1016/j.bmc.2014.10.015,Antioxidant activity assessed as DPPH radical scavenging activity after 30 mins by spectrophotometry,3.3210450844942,COc1ccc(C(=O)C=Cc2cccc([N+](=O)[O-])c2)cc1
1529,"InChI=1S/C11H15N3O5/c12-9(11(18)19)1-2-10(17)14-13-6-3-7(15)5-8(16)4-6/h3-5,9,13,15-16H,1-2,12H2,(H,14,17)(H,18,19)/t9-/m0/s1",269.3,CHEMBL4203096,10.1016/j.bmcl.2017.11.012,Antioxidant activity assessed as DPPH radical scavenging activity incubated under dark condition for 30 mins by spectrophotometric analysis,2.92936893553937,NC(CCC(=O)NNc1cc(O)cc(O)c1)C(=O)O
1384,"InChI=1S/C32H39FN4O4S/c33-24-18-16-22(17-19-24)20-27(35-29(38)23-10-4-1-5-11-23)30(39)36-28(21-42)31(40)37(26-14-8-3-9-15-26)32(41)34-25-12-6-2-7-13-25/h1,4-5,10-11,16-20,25-26,28,42H,2-3,6-9,12-15,21H2,(H,34,41)(H,35,38)(H,36,39)/b27-20+",594.8,CHEMBL3237204,10.1016/j.ejmech.2014.03.037,Antioxidant activity assessed as DPPH radical scavenging activity after 20 to 30 mins,4.23054882059796,O=C(NC(CS)C(=O)N(C(=O)NC1CCCCC1)C1CCCCC1)C(=Cc1ccc(F)cc1)NC(=O)c1ccccc1
1051,"InChI=1S/C31H34N2O6/c1-3-7-24(18-23-12-15-27(34)28(35)20-23)30(37)33-26(19-22-8-5-4-6-9-22)29(36)31(38)32-17-16-21-10-13-25(39-2)14-11-21/h4-6,8-15,18,20,26,34-35H,3,7,16-17,19H2,1-2H3,(H,32,38)(H,33,37)/b24-18+/t26-/m0/s1",530.6,CHEMBL1770882,10.1016/j.bmcl.2011.03.077,Antioxidant activity assessed as DPPH free radical scavenging activity after 30 mins,4.31300643373532,CCCC(=Cc1ccc(O)c(O)c1)C(=O)NC(Cc1ccccc1)C(=O)C(=O)NCCc1ccc(OC)cc1
574,"InChI=1S/C25H23N3O3S/c29-32(30,18-22-26-16-17-31-22)25-23(19-10-4-1-5-11-19)27-28(21-14-8-3-9-15-21)24(25)20-12-6-2-7-13-20/h1-15,24-25H,16-18H2",445.5,CHEMBL1829915,10.1016/j.ejmech.2011.08.010,Antioxidant activity assessed as DPPH free radical scavenging activity after 30 mins by spectrophotometric analysis,3.71308860462758,O=S(=O)(CC1=NCCO1)C1C(c2ccccc2)=NN(c2ccccc2)C1c1ccccc1
1100,"InChI=1S/C19H23NO2/c1-13-10-18(21)16(19(2,3)4)11-17(13)20-12-14-6-8-15(22-5)9-7-14/h6-12,21H,1-5H3/b20-12+",297.4,CHEMBL2316859,10.1016/j.bmcl.2012.12.001,Antioxidant activity assessed as DPPH radical scavenging activity in chloroform solution 30 min (manual check),4.27938278614774,COc1ccc(C=Nc2cc(C(C)(C)C)c(O)cc2C)cc1
1265,"InChI=1S/C14H10N4O3/c15-12-7-2-1-6-11(12)14-17-16-13(21-14)9-4-3-5-10(8-9)18(19)20/h1-8H,15H2",282.3,CHEMBL2236017,10.1007/s00044-010-9480-5,Antioxidant activity of the compound assessed as DPPH radical scavenging activity after 30 min,4.24550651419877,Nc1ccccc1-c1nnc(-c2cccc([N+](=O)[O-])c2)o1
1194,"InChI=1S/C28H24O7/c1-31-21-6-4-5-18(13-21)17-34-23-9-7-20-15-24(28(30)35-27(20)16-23)25(29)11-8-19-14-22(32-2)10-12-26(19)33-3/h4-16H,17H2,1-3H3/b11-8+",472.5,CHEMBL2425236,10.1016/j.ejmech.2013.07.014,Antioxidant activity assessed as DPPH free radical scavenging activity after 30 mins,3.1249387366083,COc1cccc(COc2ccc3cc(C(=O)C=Cc4cc(OC)ccc4OC)c(=O)oc3c2)c1
699,"InChI=1S/C18H17NO3/c1-3-12-4-2-8-19-14(10-20-16(5-1)18(12)19)13-6-7-15-17(9-13)22-11-21-15/h1,3,5-7,9,14H,2,4,8,10-11H2",295.3,CHEMBL3086054,10.1016/j.bmcl.2013.09.088,Antioxidant activity assessed as DPPH free radical scavenging activity after 30 mins by spectrophotometry,4.10623823794206,c1cc2c3c(c1)OCC(c1ccc4c(c1)OCO4)N3CCC2
867,"InChI=1S/C21H19NO6/c23-16-4-2-14(11-18(16)25)19-12-15-13(1-5-17(24)21(15)28-19)3-6-20(26)22-7-9-27-10-8-22/h1-6,11-12,23-25H,7-10H2/b6-3+",381.4,CHEMBL4282512,10.1016/j.ejmech.2018.01.096,Antioxidant activity assessed as DPPH radical scavenging activity after 30 mins by spectrophotometric analysis,5.1791420105603,O=C(C=Cc1ccc(O)c2oc(-c3ccc(O)c(O)c3)cc12)N1CCOCC1
772,"InChI=1S/C19H19NO6/c1-20(2)7-8-25-12-5-3-11(4-6-12)15-9-13(21)17-16(26-15)10-14(22)18(23)19(17)24/h3-6,9-10,22-24H,7-8H2,1-2H3",357.4,CHEMBL3634651,10.1016/j.bmc.2015.09.047,Antioxidant activity assessed as DPPH radical scavenging by spectrophotometric analysis 30 min (manual check),3.66796572297248,CN(C)CCOc1ccc(-c2cc(=O)c3c(O)c(O)c(O)cc3o2)cc1
266,"InChI=1S/C27H23NO9/c1-36-27(35)18(10-14-2-6-19(29)22(32)11-14)28-25(34)9-5-15-3-8-21(31)26-17(15)13-24(37-26)16-4-7-20(30)23(33)12-16/h2-9,11-13,18,29-33H,10H2,1H3,(H,28,34)/b9-5+/t18-/m0/s1",505.5,CHEMBL4085672,10.1016/j.ejmech.2016.08.019,Antioxidant activity assessed as DPPH radical scavenging activity incubated for 30 mins under dark conditions by spectrophotometry,5.23247325894986,COC(=O)C(Cc1ccc(O)c(O)c1)NC(=O)C=Cc1ccc(O)c2oc(-c3ccc(O)c(O)c3)cc12
849,"InChI=1S/C18H14O6/c1-23-17(22)7-4-10-2-6-14(20)18-12(10)9-16(24-18)11-3-5-13(19)15(21)8-11/h2-9,19-21H,1H3/b7-4+",326.3,CHEMBL4281495,10.1016/j.ejmech.2018.01.096,Antioxidant activity assessed as DPPH radical scavenging activity after 30 mins by spectrophotometric analysis,5.1791420105603,COC(=O)C=Cc1ccc(O)c2oc(-c3ccc(O)c(O)c3)cc12
2125,"InChI=1S/C14H14O5/c15-11-1-3-13(17)9(5-11)7-19-8-10-6-12(16)2-4-14(10)18/h1-6,15-18H,7-8H2",262.3,CHEMBL254548,10.1021/np070421v,DPPH radical scavenging activity 30 min (manual check),5.33724216831843,Oc1ccc(O)c(COCc2cc(O)ccc2O)c1
1753,"InChI=1S/C15H16O9/c16-8-3-1-7(5-9(8)17)2-4-11(19)23-6-10(18)14-12(20)13(21)15(22)24-14/h1-5,10,12-14,16-18,20-21H,6H2/b4-2+/t10-,12+,13+,14+/m0/s1",340.3,CHEMBL486591,10.1021/np050060o,Antioxidant activity assessed as DPPH free radical scavenging activity after 30 mins,4.04095860767891,O=C(C=Cc1ccc(O)c(O)c1)OCC(O)C1OC(=O)C(O)C1O
1338,"InChI=1S/C15H12N2O3S/c1-7-5-10-13(15(18)19-7)12(9(6-16)14(17)20-10)11-4-3-8(2)21-11/h3-5,12H,17H2,1-2H3",300.3,CHEMBL2282432,10.1007/s00044-013-0586-4,Antioxidant activity assessed as inhibition of DPPH radical after 30 mins by spectrophotometric analysis,3.02546067540693,Cc1cc2c(c(=O)o1)C(c1ccc(C)s1)C(C#N)=C(N)O2
1594,"InChI=1S/C25H20O10/c1-33-18-6-10(2-3-15(18)28)23-14(9-26)13-4-11(5-17(30)25(13)35-23)24-22(32)21(31)20-16(29)7-12(27)8-19(20)34-24/h2-8,14,23,26-30,32H,9H2,1H3/t14-,23+/m1/s1",480.4,CHEMBL4076992,10.1021/acs.jnatprod.6b00750,Antioxidant activity assessed as DPPH radical scavenging activity after 30 mins,5.31158017799729,COc1cc(C2Oc3c(O)cc(-c4oc5cc(O)cc(O)c5c(=O)c4O)cc3C2CO)ccc1O
1549,"InChI=1S/C28H24N2O3/c1-3-4-5-26-27(28(31)21-10-13-23(32-2)14-11-21)24-16-22(12-15-25(24)33-26)30-18-20-8-6-19(17-29)7-9-20/h6-16,18H,3-5H2,1-2H3/b30-18+",436.5,CHEMBL4214515,10.1016/j.bmcl.2017.12.013,Antioxidant activity assessed as DPPH radical scavenging activity after 20 to 30 mins,4.20605448243312,CCCCc1oc2ccc(N=Cc3ccc(C#N)cc3)cc2c1C(=O)c1ccc(OC)cc1
1749,"InChI=1S/C23H24O5/c1-8-12(5)26-21-18-15(7-14(24)10(3)16(8)18)28-23-19(21)20(25)11(4)17-9(2)13(6)27-22(17)23/h7-9,12-13,25H,1-6H3/t8-,9-,12-,13-/m1/s1",380.4,CHEMBL514105,10.1021/np0704708,Antioxidant activity assessed as DPPH free radical scavenging activity after 30 mins,4.97469413473523,Cc1c2c(c3oc4cc(=O)c(C)c5c-4c(c3c1O)OC(C)C5C)OC(C)C2C
1075,"InChI=1S/C13H16O9/c14-6-1-5(2-7(15)10(6)17)13(20)22-4-9-12(19)11(18)8(16)3-21-9/h1-2,8-9,11-12,14-19H,3-4H2/t8-,9+,11+,12+/m0/s1",316.3,CHEMBL1933678,10.1016/j.bmcl.2011.10.073,Antioxidant activity assessed as DPPH free radical scavenging activity after 30 mins,4.48545224733971,O=C(OCC1OCC(O)C(O)C1O)c1cc(O)c(O)c(O)c1
1397,"InChI=1S/C22H18N4O3/c1-13-4-2-6-17-19(13)25-21(24-17)14-8-10-15(11-9-14)22(29)26-23-12-16-5-3-7-18(27)20(16)28/h2-12,27-28H,1H3,(H,24,25)(H,26,29)/b23-12+",386.4,CHEMBL3317782,10.1016/j.ejmech.2014.07.078,Antioxidant activity assessed as DPPH free radical scavenging activity incubated at 37 degC for 30 mins by microtiter plate reader based method,4.91901295308911,Cc1cccc2nc(-c3ccc(C(=O)NN=Cc4cccc(O)c4O)cc3)[nH]c12
1231,"InChI=1S/C19H14O5/c1-23-13-9-6-12(7-10-13)8-11-15(20)17-18(21)14-4-2-3-5-16(14)24-19(17)22/h2-11,21H,1H3/b11-8+",322.3,CHEMBL2234265,10.1007/s00044-010-9326-1,Antioxidant activity assessed as DPPH free radical scavenging activity after 30 min,5.55129368009492,COc1ccc(C=CC(=O)c2c(O)c3ccccc3oc2=O)cc1
1035,"InChI=1S/C20H22O6/c1-8-7-9-13(22)11-12(15(24)17(9)26-8)20(4)6-5-10(21)19(2,3)18(20)16(25)14(11)23/h8,22,24-25H,5-7H2,1-4H3/t8-,20+/m0/s1",358.4,CHEMBL1287906,10.1016/j.bmc.2010.10.037,Antioxidant activity assessed as DPPH radical scavenging activity 30 min (manual check),4.20065945054642,CC1Cc2c(O)c3c(c(O)c2O1)C1(C)CCC(=O)C(C)(C)C1=C(O)C3=O
1665,InChI=1S/C19H12O2/c20-17-12-18(14-7-2-1-3-8-14)21-19-15-9-5-4-6-13(15)10-11-16(17)19/h1-12H,272.3,CHEMBL283196,10.1039/C8MD00512E,Antioxidant activity assessed as DPPH radical scavenging activity shaken for 1 min and incubated under dark condition for 30 mins by spectrophotometric analysis,4.80826960663714,O=c1cc(-c2ccccc2)oc2c1ccc1ccccc12
678,"InChI=1S/C17H18BrNO/c1-11(2)15-9-16(12(3)8-17(15)20)19-10-13-4-6-14(18)7-5-13/h4-11,20H,1-3H3/b19-10+",332.2,CHEMBL2316836,10.1016/j.bmcl.2012.12.001,Antioxidant activity assessed as DPPH radical scavenging activity in ethanol solution 30 min (manual check),4.17799103431152,Cc1cc(O)c(C(C)C)cc1N=Cc1ccc(Br)cc1
1352,"InChI=1S/C16H24O9/c1-22-9-5-8(6-10(23-2)12(9)18)3-4-24-16-15(21)14(20)13(19)11(7-17)25-16/h5-6,11,13-21H,3-4,7H2,1-2H3/t11-,13+,14+,15-,16-/m1/s1",360.4,CHEMBL2281636,10.1007/s00044-012-0247-z,Antioxidant activity assessed as decrease in initial DPPH concentration after 30 min by MicroELISA reader analysis,4.18205057876139,COc1cc(CCOC2OC(CO)C(O)C(O)C2O)cc(OC)c1O
1361,"InChI=1S/C17H16O5/c1-21-16-8-4-11(9-17(16)22-2)3-7-14(19)13-6-5-12(18)10-15(13)20/h3-10,18,20H,1-2H3/b7-3+",300.3,CHEMBL573524,10.1007/s00044-012-0413-3,Antioxidant activity assessed as DPPH free radical scavenging activity after 30 min by spectrophotometeric analysis,3.93101266872085,COc1ccc(C=CC(=O)c2ccc(O)cc2O)cc1OC
1023,"InChI=1S/C44H48O21/c1-23(46)59-21-34-41(62-36(51)15-9-25-6-12-28(48)31(18-25)57-3)39(54)40(55)43(61-34)65-44(22-45)42(63-37(52)16-10-26-7-13-29(49)32(19-26)58-4)38(53)33(64-44)20-60-35(50)14-8-24-5-11-27(47)30(17-24)56-2/h5-19,33-34,38-43,45,47-49,53-55H,20-22H2,1-4H3/b14-8+,15-9+,16-10+/t33-,34-,38-,39-,40-,41-,42+,43-,44+/m1/s1",912.8,CHEMBL1224878,10.1021/np100181c,Antioxidant activity assessed as DPPH radical scavenging activity after 30 mins by ELISA reader,4.0017406615763,COc1cc(C=CC(=O)OCC2OC(CO)(OC3OC(COC(C)=O)C(OC(=O)C=Cc4ccc(O)c(OC)c4)C(O)C3O)C(OC(=O)C=Cc3ccc(O)c(OC)c3)C2O)ccc1O
1090,"InChI=1S/C28H22O6/c29-15-5-1-13(2-6-15)23-25-19(9-17(31)11-21(25)33)28-24(14-3-7-16(30)8-4-14)26-20(27(23)28)10-18(32)12-22(26)34/h1-12,23-24,27-34H/t23-,24-,27+,28+/m1/s1",454.5,CHEMBL480462,10.1016/j.bmcl.2011.12.012,Antioxidant activity assessed as DPPH free radical scavenging activity after 30 mins by microplate reader assay,3.78172714642855,Oc1ccc(C2c3c(O)cc(O)cc3C3C(c4ccc(O)cc4)c4c(O)cc(O)cc4C23)cc1
1210,"InChI=1S/C21H18O12/c22-8-3-1-7(2-4-8)10-5-9(23)13-11(31-10)6-12(14(24)15(13)25)32-21-18(28)16(26)17(27)19(33-21)20(29)30/h1-6,16-19,21-22,24-28H,(H,29,30)/t16-,17-,18+,19-,21+/m0/s1",462.4,CHEMBL487805,10.1016/j.bmc.2015.09.047,Antioxidant activity assessed as DPPH radical scavenging by spectrophotometric analysis 30 min (manual check),4.55392906429899,O=C(O)C1OC(Oc2cc3oc(-c4ccc(O)cc4)cc(=O)c3c(O)c2O)C(O)C(O)C1O
1476,"InChI=1S/C30H34O5/c1-20(2)10-8-11-21(3)12-9-13-22(4)16-17-34-27-19-26-28(30(33)29(27)32)24(31)18-25(35-26)23-14-6-5-7-15-23/h5-7,10,12,14-16,18-19,32-33H,8-9,11,13,17H2,1-4H3/b21-12+,22-16+",474.6,CHEMBL3754716,10.1039/C5MD00163C,Antioxidant activity assessed as DPPH radical scavenging activity after 30 mins by ELISA reader analysis,4.60924147126128,CC(C)=CCCC(C)=CCCC(C)=CCOc1cc2oc(-c3ccccc3)cc(=O)c2c(O)c1O
1495,"InChI=1S/C23H26N2O3/c26-21-9-6-18(7-10-21)8-11-22(27)16-23(28)24-20-12-14-25(15-13-20)17-19-4-2-1-3-5-19/h1-11,20,26H,12-17H2,(H,24,28)/b11-8+",378.5,CHEMBL3817926,10.1039/C6MD00053C,Antioxidant activity assessed as DPPH radical scavenging activity incubated in dark for 30 mins by spectrophotometry,3.05060999335509,O=C(C=Cc1ccc(O)cc1)CC(=O)NC1CCN(Cc2ccccc2)CC1
2118,"InChI=1S/C8H9ClO3/c1-12-4-5-2-6(10)3-7(9)8(5)11/h2-3,10-11H,4H2,1H3",188.6,CHEMBL255444,10.1021/np070421v,DPPH radical scavenging activity 30 min (manual check),5.07058107428571,COCc1cc(O)cc(Cl)c1O
1015,"InChI=1S/C24H26O13/c1-33-23-19(29)17-14(27)7-11(8-15(17)36-22(23)10-2-3-12(25)13(26)6-10)35-5-4-34-9-16-18(28)20(30)21(31)24(32)37-16/h2-3,6-8,16,18,20-21,24-28,30-32H,4-5,9H2,1H3/t16-,18-,20+,21-,24?/m0/s1",522.5,CHEMBL572707,10.1016/j.bmcl.2009.09.062,Antioxidant activity assessed as DPPH radical scavenging activity after 30 mins,4.80576325127617,COc1c(-c2ccc(O)c(O)c2)oc2cc(OCCOCC3OC(O)C(O)C(O)C3O)cc(O)c2c1=O
1798,"InChI=1S/C36H36O18/c1-14-26(43)29(46)31(48)35(50-14)49-13-23-27(44)30(47)34(53-24(42)9-4-15-2-6-17(37)7-3-15)36(52-23)54-33-28(45)25-21(41)11-18(38)12-22(25)51-32(33)16-5-8-19(39)20(40)10-16/h2-12,14,23,26-27,29-31,34-41,43-44,46-48H,13H2,1H3/b9-4+/t14-,23+,26-,27+,29+,30-,31+,34+,35+,36-/m0/s1",756.7,CHEMBL1957049,10.1016/j.bmc.2012.02.002,Antioxidant activity assessed as DPPH radical scavenging activity after 30 mins by spectrophotometry,4.53461714855158,CC1OC(OCC2OC(Oc3c(-c4ccc(O)c(O)c4)oc4cc(O)cc(O)c4c3=O)C(OC(=O)C=Cc3ccc(O)cc3)C(O)C2O)C(O)C(O)C1O
976,"InChI=1S/C17H17Br2NO2/c1-9(2)13-7-16(21)10(3)4-15(13)20-8-11-5-12(18)6-14(19)17(11)22/h4-9,21-22H,1-3H3/b20-8+",427.1,CHEMBL2316813,10.1016/j.bmcl.2012.12.001,Antioxidant activity assessed as DPPH radical scavenging activity in chloroform solution 30 min (manual check),4.455213607536,Cc1cc(N=Cc2cc(Br)cc(Br)c2O)c(C(C)C)cc1O
851,"InChI=1S/C20H18O6/c1-2-9-25-19(24)8-5-12-3-7-16(22)20-14(12)11-18(26-20)13-4-6-15(21)17(23)10-13/h3-8,10-11,21-23H,2,9H2,1H3/b8-5+",354.4,CHEMBL4289801,10.1016/j.ejmech.2018.01.096,Antioxidant activity assessed as DPPH radical scavenging activity after 30 mins by spectrophotometric analysis,5.1791420105603,CCCOC(=O)C=Cc1ccc(O)c2oc(-c3ccc(O)c(O)c3)cc12
834,"InChI=1S/C30H42N2O2/c1-29(2,3)25-18-24(19-26(28(25)34)30(4,5)6)12-13-27(33)31-20-22-14-16-32(17-15-22)21-23-10-8-7-9-11-23/h7-13,18-19,22,34H,14-17,20-21H2,1-6H3,(H,31,33)/b13-12+",462.7,CHEMBL4291237,10.1016/j.ejmech.2018.08.005,Antioxidant activity assessed as DPPH radical scavenging activity measured after 30 mins incubation in dark by UV-Visible spectrophotometric analysis,4.12147820449879,CC(C)(C)c1cc(C=CC(=O)NCC2CCN(Cc3ccccc3)CC2)cc(C(C)(C)C)c1O
534,"InChI=1S/C28H24O12/c29-11-19-24(35)26(37)28(40-20(33)7-6-12-4-2-1-3-5-12)27(39-19)21-16(32)10-18-22(25(21)36)23(34)13-8-14(30)15(31)9-17(13)38-18/h1-10,19,24,26-32,35-37H,11H2/b7-6+/t19-,24-,26+,27+,28-/m1/s1",552.5,CHEMBL466788,10.1021/np030100t,Antioxidant activity assessed as DPPH radical scavenging activity after 30 mins,4.5036239459876,O=C(C=Cc1ccccc1)OC1C(c2c(O)cc3oc4cc(O)c(O)cc4c(=O)c3c2O)OC(CO)C(O)C1O
311,"InChI=1S/C22H25N5O5S2/c23-34(30,31)17-7-5-16(6-8-17)27-21(29)18-3-1-2-4-19(18)25-22(27)33-15-20(28)24-9-10-26-11-13-32-14-12-26/h1-8H,9-15H2,(H,24,28)(H2,23,30,31)",503.6,CHEMBL4785460,10.1016/j.ejmech.2020.112333,Antioxidant activity assessed as DPPH radical scavenging activity after 30 mins under dark condition by spectrophotometric analysis,4.15614457737684,NS(=O)(=O)c1ccc(-n2c(SCC(=O)NCCN3CCOCC3)nc3ccccc3c2=O)cc1
95,"InChI=1S/C17H14FN3O3S/c18-12-2-1-3-13(9-12)19-10-21-17(25)24-16(20-21)11-4-5-14-15(8-11)23-7-6-22-14/h1-5,8-9,19H,6-7,10H2",359.4,CHEMBL2434975,10.1016/j.bmc.2013.08.002,Antioxidant activity assessed as DPPH free radical scavenging activity after 30 mins by spectrophotometric analysis,4.44903824770182,Fc1cccc(NCn2nc(-c3ccc4c(c3)OCCO4)oc2=S)c1
1780,"InChI=1S/C42H57NO3/c1-26-11-9-13-36-39(26,5)19-17-28(3)41(36,7)24-30-21-32(15-16-35(30)45)43-34-23-33(44)22-31(38(34)46)25-42(8)29(4)18-20-40(6)27(2)12-10-14-37(40)42/h15-16,21-23,28-29,36-37,43,45H,1-2,9-14,17-20,24-25H2,3-8H3/t28-,29-,36+,37+,39-,40-,41+,42+/m0/s1",623.9,CHEMBL1098249,10.1021/np1000285,Antioxidant activity assessed as DPPH radical scavenging activity after 30 mins,4.45593195564972,C=C1CCCC2C1(C)CCC(C)C2(C)CC1=CC(=O)C=C(Nc2ccc(O)c(CC3(C)C(C)CCC4(C)C(=C)CCCC43)c2)C1=O
524,"InChI=1S/C11H14O3/c1-5-7(3)14-11-9(13)4-8(12)6(2)10(5)11/h4-5,7,12-13H,1-3H3/t5-,7-/m0/s1",194.2,CHEMBL463315,10.1021/np010605o,Antioxidant activity assessed as DPPH radical scavenging activity after 30 mins by spectrophotometry,4.98338445244282,Cc1c(O)cc(O)c2c1C(C)C(C)O2
468,"InChI=1S/C12H8ClN3O2/c13-6-3-9-12(14-5-6)16-11(15-9)8-2-1-7(17)4-10(8)18/h1-5,17-18H,(H,14,15,16)",261.7,CHEMBL4453543,10.1016/j.ejmech.2019.06.010,Antioxidant activity assessed as DPPH radical scavenging activity after 30 mins,4.23582386760967,Oc1ccc(-c2nc3ncc(Cl)cc3[nH]2)c(O)c1
205,"InChI=1S/C21H18BrNO5/c1-2-28-21(25)20-18(14-4-3-5-17(10-14)23(26)27)11-15(12-19(20)24)13-6-8-16(22)9-7-13/h3-10,12,18,20H,2,11H2,1H3",444.3,CHEMBL3356223,10.1016/j.bmc.2014.10.015,Antioxidant activity assessed as DPPH radical scavenging activity after 30 mins by spectrophotometry,3.0358468337425,CCOC(=O)C1C(=O)C=C(c2ccc(Br)cc2)CC1c1cccc([N+](=O)[O-])c1
1204,"InChI=1S/C19H12O6/c20-13-4-3-12-8-14(19(22)25-17(12)9-13)15(21)5-1-11-2-6-16-18(7-11)24-10-23-16/h1-9,20H,10H2/b5-1+",336.3,CHEMBL2425225,10.1016/j.ejmech.2013.07.014,Antioxidant activity assessed as DPPH free radical scavenging activity after 30 mins,3.26760624017703,O=C(C=Cc1ccc2c(c1)OCO2)c1cc2ccc(O)cc2oc1=O
1858,"InChI=1S/C16H17NO4S/c18-15-7-6-14(12-16(15)19)9-11-22(20,21)17-10-8-13-4-2-1-3-5-13/h1-7,9,11-12,17-19H,8,10H2/b11-9+",319.4,CHEMBL2414564,10.1016/j.bmc.2013.05.043,Antioxidant activity assessed as DPPH radical scavenging activity after 30 mins,5.04095860767891,O=S(=O)(C=Cc1ccc(O)c(O)c1)NCCc1ccccc1
2101,"InChI=1S/C24H29N3O2/c1-7-24(5,6)21-18(13-20-23(29)25-15(4)22(28)27-20)17-12-16(9-8-14(2)3)10-11-19(17)26-21/h7-8,10-13,15,26H,1,9H2,2-6H3,(H,25,29)(H,27,28)/b20-13-/t15-/m0/s1",391.5,CHEMBL250697,10.1021/np070208z,DPPH radical scavenging activity 30 min (manual check),4.0087739243075,C=CC(C)(C)c1[nH]c2ccc(CC=C(C)C)cc2c1C=C1NC(=O)C(C)NC1=O
1505,"InChI=1S/C17H14BrN3O4S/c18-10-1-2-12-9(7-10)8-11(16(23)25-12)13(22)14-15(19)20-17(26-14)21-3-5-24-6-4-21/h1-2,7-8H,3-6,19H2",436.3,CHEMBL4165559,10.1016/j.ejmech.2018.06.015,Antioxidant activity assessed as DPPH radical scavenging activity incubated for 30 mins under dark condition by spectrophotometric method,4.10070911419404,Nc1nc(N2CCOCC2)sc1C(=O)c1cc2cc(Br)ccc2oc1=O
708,"InChI=1S/C22H18O9/c1-10(23)30-21-17(12-3-6-14(25)7-4-12)19(28)20(29)18(22(21)31-11(2)24)13-5-8-15(26)16(27)9-13/h3-9,25-29H,1-2H3",426.4,CHEMBL1972790,10.1021/np401026b,Antioxidant activity assessed as DPPH radical scavenging activity after 30 mins by microplate reader analysis,4.95860731484177,CC(=O)Oc1c(OC(C)=O)c(-c2ccc(O)c(O)c2)c(O)c(O)c1-c1ccc(O)cc1
80,"InChI=1S/C17H14N2O2/c1-11-6-7-14-12(8-11)9-13(17(21)19-14)10-18-15-4-2-3-5-16(15)20/h2-10,20H,1H3,(H,19,21)/b18-10+",278.3,CHEMBL2312089,10.1016/j.bmcl.2012.11.006,Antioxidant activity assessed as DPPH scavenging activity after 30 mins by spectrophotometry,4.58236226034777,Cc1ccc2[nH]c(=O)c(C=Nc3ccccc3O)cc2c1
1484,"InChI=1S/C21H24N2O2/c24-20-9-6-17(7-10-20)8-11-21(25)22-19-12-14-23(15-13-19)16-18-4-2-1-3-5-18/h1-11,19,24H,12-16H2,(H,22,25)/b11-8+",336.4,CHEMBL3818893,10.1039/C6MD00053C,Antioxidant activity assessed as DPPH radical scavenging activity incubated in dark for 30 mins by spectrophotometry,3.00877392430751,O=C(C=Cc1ccc(O)cc1)NC1CCN(Cc2ccccc2)CC1
1003,"InChI=1S/C15H14O5/c1-20-10-4-2-9(3-5-10)6-12(16)11-7-14(18)15(19)8-13(11)17/h2-5,7-8,17-19H,6H2,1H3",274.3,CHEMBL559867,10.1016/j.bmc.2009.05.019,Antioxidant activity assessed as DPPH radical scavenging activity incubated at 40 degC in dark after 30 mins,4.66837028237007,COc1ccc(CC(=O)c2cc(O)c(O)cc2O)cc1
1614,"InChI=1S/C24H24O14/c1-7-15(29)18(32)19(33)24(35-7)38-23-17(31)14-10(26)6-13(34-3)21(36-8(2)25)22(14)37-20(23)9-4-11(27)16(30)12(28)5-9/h4-7,15,18-19,24,26-30,32-33H,1-3H3/t7-,15-,18+,19+,24-/m0/s1",536.4,CHEMBL4094856,10.1021/acs.jnatprod.6b00720,Antioxidant activity assessed as DPPH radical scavenging activity incubated for 30 mins,4.88941028970075,COc1cc(O)c2c(=O)c(OC3OC(C)C(O)C(O)C3O)c(-c3cc(O)c(O)c(O)c3)oc2c1OC(C)=O
2005,"InChI=1S/C15H9FN4O/c16-8-5-6-12-10(7-8)13(19-17)14-18-11-4-2-1-3-9(11)15(21)20(12)14/h1-7H,17H2/b19-13-",280.3,CHEMBL4094387,10.1016/j.bmcl.2017.08.064,Antioxidant activity assessed as DPPH radical scavenging activity incubated for 30 mins under dark condition by UV-vis spectrophotometric method,4.78383409771401,NN=C1c2cc(F)ccc2-n2c1nc1ccccc1c2=O
325,"InChI=1S/C35H42ClN3O3/c1-23-16-25-18-26(17-23)34-30(19-25)39-29-21-27(36)12-13-28(29)35(34)37-15-9-7-5-3-4-6-8-10-33(41)38-22-24-11-14-31(40)32(20-24)42-2/h3,5,11-14,16,20-21,25-26,40H,4,6-10,15,17-19,22H2,1-2H3,(H,37,39)(H,38,41)/b5-3+",588.2,CHEMBL4794769,10.1021/acs.jmedchem.0c01775,Antioxidant activity assessed as DPPH radical scavenging activity incubated for 30 mins under dark condition by UV-Vis spectrophotometric analysis,4.26280735729526,COc1cc(CNC(=O)CCCCC=CCCCNc2c3c(nc4cc(Cl)ccc24)CC2C=C(C)CC3C2)ccc1O
51,"InChI=1S/C23H17NO4/c25-19-8-6-18(7-9-19)24-14-17-12-23(26)28-22-13-20(10-11-21(17)22)27-15-16-4-2-1-3-5-16/h1-14,25H,15H2/b24-14-",371.4,CHEMBL1909916,10.1016/j.bmcl.2011.09.029,Antioxidant activity assessed as DPPH free radical scavenging activity after 30 mins by spectrophotometric analysis,4.43616308133546,O=c1cc(C=Nc2ccc(O)cc2)c2ccc(OCc3ccccc3)cc2o1
1640,"InChI=1S/C16H18N4O2S/c21-20(22)14-9-5-6-12(10-14)15-11-23-16(17-15)19-18-13-7-3-1-2-4-8-13/h5-6,9-11H,1-4,7-8H2,(H,17,19)",330.4,CHEMBL4164415,10.1016/j.ejmech.2017.10.050,Antioxidant activity assessed as DPPH radical scavenging activity after 30 mins,2.91364016932525,O=[N+]([O-])c1cccc(-c2csc(NN=C3CCCCCC3)n2)c1
777,"InChI=1S/C16H12O6/c1-21-9-4-2-8(3-5-9)12-6-10(17)14-13(22-12)7-11(18)15(19)16(14)20/h2-7,18-20H,1H3",300.3,CHEMBL3741397,10.1016/j.ejmech.2015.10.039,Antioxidant activity assessed as DPPH radical scavenging activity after 30 mins,4.59705117065559,COc1ccc(-c2cc(=O)c3c(O)c(O)c(O)cc3o2)cc1
1926,"InChI=1S/C36H43NO5/c1-5-39-35(40-6-2)30-18-14-27(15-19-30)22-32-25-37(24-29-12-10-9-11-13-29)26-33(34(32)38)23-28-16-20-31(21-17-28)36(41-7-3)42-8-4/h9-23,35-36H,5-8,24-26H2,1-4H3/b32-22+,33-23+",569.7,CHEMBL3289928,10.1016/j.ejmech.2014.06.034,Antioxidant activity assessed as DPPH free radical scavenging activity 30 min (manual check),4.54944299058167,CCOC(OCC)c1ccc(C=C2CN(Cc3ccccc3)CC(=Cc3ccc(C(OCC)OCC)cc3)C2=O)cc1
1569,"InChI=1S/C21H29N5O5/c1-12(2)7-18(21(30)31)26-20(29)17(9-14-10-23-11-24-14)25-19(28)16(22)8-13-3-5-15(27)6-4-13/h3-6,10-12,16-18,27H,7-9,22H2,1-2H3,(H,23,24)(H,25,28)(H,26,29)(H,30,31)/t16-,17-,18-/m0/s1",431.5,CHEMBL4211468,10.1039/C6MD00006A,Antioxidant activity assessed as DPPH radical scavenging activity incubated for 30 mins under dark condition by spectrophotometric method,1.00026065489343,CC(C)CC(NC(=O)C(Cc1cnc[nH]1)NC(=O)C(N)Cc1ccc(O)cc1)C(=O)O
1127,"InChI=1S/C19H23NO3/c1-12(2)17-10-18(13(3)6-19(17)21)20-11-14-7-15(22-4)9-16(8-14)23-5/h6-12,21H,1-5H3/b20-11+",313.4,CHEMBL2316841,10.1016/j.bmcl.2012.12.001,Antioxidant activity assessed as DPPH radical scavenging activity in chloroform solution 30 min (manual check),4.07974757564008,COc1cc(C=Nc2cc(C(C)C)c(O)cc2C)cc(OC)c1
2078,"InChI=1S/C14H10Br2O5/c15-11-7-4-21-3-5-1-8(17)14(20)12(16)10(5)6(7)2-9(18)13(11)19/h1-2,17-20H,3-4H2",418.0,CHEMBL256287,10.1021/np070281p,DPPH radical scavenging activity 30 min (manual check),5.09151498112135,Oc1cc2c(c(Br)c1O)COCc1cc(O)c(O)c(Br)c1-2
855,"InChI=1S/C20H19NO5/c1-11(2)21-19(25)8-5-12-3-7-16(23)20-14(12)10-18(26-20)13-4-6-15(22)17(24)9-13/h3-11,22-24H,1-2H3,(H,21,25)/b8-5+",353.4,CHEMBL4279434,10.1016/j.ejmech.2018.01.096,Antioxidant activity assessed as DPPH radical scavenging activity after 30 mins by spectrophotometric analysis,5.1791420105603,CC(C)NC(=O)C=Cc1ccc(O)c2oc(-c3ccc(O)c(O)c3)cc12
220,"InChI=1S/C17H12N2O4S/c20-17-16-13(10-3-1-4-12(7-10)19(21)22)8-11(9-14(16)18-23-17)15-5-2-6-24-15/h1-7,9,13,16H,8H2",340.4,CHEMBL3356238,10.1016/j.bmc.2014.10.015,Antioxidant activity assessed as DPPH radical scavenging activity after 30 mins by spectrophotometry,3.04162367284172,O=C1ON=C2C=C(c3cccs3)CC(c3cccc([N+](=O)[O-])c3)C12
1059,"InChI=1S/C16H14O7/c1-22-16(21)13-8(18)2-3-10-14(13)15(20)12-9(19)4-7(6-17)5-11(12)23-10/h2-5,8,13,17-19H,6H2,1H3/t8-,13+/m1/s1",318.3,CHEMBL1812025,10.1021/np200374j,Antioxidant activity assessed as DPPH radical scavenging activity after 30 mins by spectrophotometry,4.76955107862173,COC(=O)C1c2c(oc3cc(CO)cc(O)c3c2=O)C=CC1O
536,"InChI=1S/C21H18O16S/c22-7-2-1-6(3-8(7)23)12-5-10(25)13-9(24)4-11(26)16(17(13)34-12)35-21-15(28)18(37-38(31,32)33)14(27)19(36-21)20(29)30/h1-5,14-15,18-19,21-24,26-28H,(H,29,30)(H,31,32,33)/t14-,15+,18-,19-,21+/m0/s1",558.4,CHEMBL466583,10.1021/np034002j,Antioxidant activity assessed as DPPH radical scavenging activity after 30 mins,3.92009553233328,O=C(O)C1OC(Oc2c(O)cc(O)c3c(=O)cc(-c4ccc(O)c(O)c4)oc23)C(O)C(OS(=O)(=O)O)C1O
790,"InChI=1S/C18H15ClN4OS/c19-15-6-2-1-5-13(15)9-22-10-14(20-21-22)11-23-16-7-3-4-8-17(16)25-12-18(23)24/h1-8,10H,9,11-12H2",370.9,CHEMBL3765779,10.1016/j.bmcl.2015.11.071,Antioxidant activity assessed as DPPH radical scavenging activity by spectrophotometric assay 30 min (manual check),4.3557390763323,O=C1CSc2ccccc2N1Cc1cn(Cc2ccccc2Cl)nn1
877,"InChI=1S/C16H16N6O2S/c1-3-24-13-5-4-11(8-14(13)23-2)9-19-22-15(20-21-16(22)25)12-10-17-6-7-18-12/h4-10H,3H2,1-2H3,(H,21,25)/b19-9+",356.4,CHEMBL4088906,10.1016/j.bmcl.2017.06.053,Antioxidant activity assessed as DPPH free radical scavenging activity after 30 mins,4.23062267392386,CCOc1ccc(C=Nn2c(S)nnc2-c2cnccn2)cc1OC
1927,"InChI=1S/C21H22O3/c1-3-23-21(24-4-2)16-11-9-15(10-12-16)13-18-14-17-7-5-6-8-19(17)20(18)22/h5-13,21H,3-4,14H2,1-2H3/b18-13+",322.4,CHEMBL3289931,10.1016/j.ejmech.2014.06.034,Antioxidant activity assessed as DPPH free radical scavenging activity 30 min (manual check),4.42922363120525,CCOC(OCC)c1ccc(C=C2Cc3ccccc3C2=O)cc1
1866,"InChI=1S/C17H15FO4/c18-14-5-1-12(2-6-14)9-10-22-17(21)8-4-13-3-7-15(19)16(20)11-13/h1-8,11,19-20H,9-10H2/b8-4+",302.3,CHEMBL2441913,10.1016/j.bmc.2013.08.057,Antioxidant activity assessed as DPPH radical scavenging activity after 30 mins by spectrophotometry,4.89279003035213,O=C(C=Cc1ccc(O)c(O)c1)OCCc1ccc(F)cc1
845,"InChI=1S/C31H43ClN2O2/c1-30(2,3)26-19-23(20-27(29(26)36)31(4,5)6)10-11-28(35)33-15-12-22-13-16-34(17-14-22)21-24-8-7-9-25(32)18-24/h7-11,18-20,22,36H,12-17,21H2,1-6H3,(H,33,35)/b11-10+",511.2,CHEMBL4282558,10.1016/j.ejmech.2018.08.005,Antioxidant activity assessed as DPPH radical scavenging activity measured after 30 mins incubation in dark by UV-Visible spectrophotometric analysis,4.08039897621589,CC(C)(C)c1cc(C=CC(=O)NCCC2CCN(Cc3cccc(Cl)c3)CC2)cc(C(C)(C)C)c1O
491,"InChI=1S/C14H10O5/c1-19-10-5-6(15)4-7-11(10)12-8(16)2-3-9(17)13(12)14(7)18/h2-5,15-17H,1H3",258.2,CHEMBL216941,10.1021/np060449r,Antioxidant activity assessed by DPPH radical scavenging assay 30 min (manual check),4.79048498545737,COc1cc(O)cc2c1-c1c(O)ccc(O)c1C2=O
1266,"InChI=1S/C14H10ClN3O/c15-10-7-5-9(6-8-10)13-17-18-14(19-13)11-3-1-2-4-12(11)16/h1-8H,16H2",271.7,CHEMBL2236016,10.1007/s00044-010-9480-5,Antioxidant activity of the compound assessed as DPPH radical scavenging activity after 30 min,4.51710959109751,Nc1ccccc1-c1nnc(-c2ccc(Cl)cc2)o1
943,"InChI=1S/C16H18O9/c17-9-3-1-8(5-10(9)18)2-4-13(20)25-12-7-16(24,15(22)23)6-11(19)14(12)21/h1-5,11-12,14,17-19,21,24H,6-7H2,(H,22,23)/b4-2+/t11-,12-,14-,16+/m1/s1",354.3,CHEMBL284616,10.1021/np020576x,Antioxidant activity assessed as DPPH radical scavenging activity after 30 mins,4.48145383735081,O=C(C=Cc1ccc(O)c(O)c1)OC1CC(O)(C(=O)O)CC(O)C1O
1621,"InChI=1S/C18H16N2O9S/c21-14-7-6-12(10-15(14)22)11-16(23)27-8-9-28-17-18(20(24)29-19-17)30(25,26)13-4-2-1-3-5-13/h1-7,10,21-22H,8-9,11H2",436.4,CHEMBL4059922,10.1016/j.bmc.2017.06.023,Antioxidant activity assessed as DPPH free radical scavenging activity measured after 30 mins in absence of light,4.79588001734407,O=C(Cc1ccc(O)c(O)c1)OCCOc1no[n+]([O-])c1S(=O)(=O)c1ccccc1
731,"InChI=1S/C19H18N4O4/c1-27-16-10-12(6-7-15(16)24)11-20-23-18(25)9-8-17-21-14-5-3-2-4-13(14)19(26)22-17/h2-7,10-11,24H,8-9H2,1H3,(H,23,25)(H,21,22,26)/b20-11+",366.4,CHEMBL3397973,10.1016/j.bmcl.2015.01.010,Antioxidant activity assessed as DPPH scavenging activity after 30 mins by spectrophotometry,0.690369832574101,COc1cc(C=NNC(=O)CCc2nc3ccccc3c(=O)[nH]2)ccc1O
140,"InChI=1S/C17H18O4/c1-3-8-20-14-9-13-15(10(2)18)16(19)11-6-4-5-7-12(11)17(13)21-14/h4-7,14,19H,3,8-9H2,1-2H3",286.3,CHEMBL3331164,10.1016/j.ejmech.2014.09.025,Antioxidant activity assessed as DPPH scavenging activity after 30 mins by spectrophotometry,4.93437711451528,CCCOC1Cc2c(C(C)=O)c(O)c3ccccc3c2O1
496,"InChI=1S/C18H22O5/c1-20-15-9-12(7-8-14(15)19)5-6-13-10-16(21-2)18(23-4)17(11-13)22-3/h7-11,19H,5-6H2,1-4H3",318.4,CHEMBL216091,10.1021/np060449r,Antioxidant activity assessed by DPPH radical scavenging assay 30 min (manual check),4.66154350639539,COc1cc(CCc2cc(OC)c(OC)c(OC)c2)ccc1O
2039,"InChI=1S/C30H26O14/c31-12-24-29(44-25(38)6-2-13-1-4-16(32)18(34)7-13)27(39)28(40)30(43-24)41-15-9-20(36)26-21(37)11-22(42-23(26)10-15)14-3-5-17(33)19(35)8-14/h1-11,24,27-36,39-40H,12H2/b6-2+/t24-,27-,28-,29-,30-/m1/s1",610.5,CHEMBL4590166,10.1021/acs.jnatprod.8b00948,Antioxidant activity assessed as DPPH radical scavenging activity incubated for 30 mins by UV-spectrophotometric method,4.16178077809237,O=C(C=Cc1ccc(O)c(O)c1)OC1C(CO)OC(Oc2cc(O)c3c(=O)cc(-c4ccc(O)c(O)c4)oc3c2)C(O)C1O
1116,"InChI=1S/C19H22N2O6S/c22-14-3-1-11(7-16(14)24)5-6-20-19(27)13(10-28)21-18(26)9-12-2-4-15(23)17(25)8-12/h1-4,7-8,13,22-25,28H,5-6,9-10H2,(H,20,27)(H,21,26)/t13-/m0/s1",406.5,CHEMBL1950224,10.1016/j.ejmech.2012.02.018,Antioxidant activity assessed as DPPH free radical scavenging activity by UV-Vis spectrophotometry 30 min (manual check),4.69897000433602,O=C(Cc1ccc(O)c(O)c1)NC(CS)C(=O)NCCc1ccc(O)c(O)c1
719,"InChI=1S/C18H16N4O2/c23-17(22-19-12-13-6-2-1-3-7-13)11-10-16-20-15-9-5-4-8-14(15)18(24)21-16/h1-9,12H,10-11H2,(H,22,23)(H,20,21,24)/b19-12+",320.4,CHEMBL3397961,10.1016/j.bmcl.2015.01.010,Antioxidant activity assessed as DPPH scavenging activity after 30 mins by spectrophotometry,0.134303940083929,O=C(CCc1nc2ccccc2c(=O)[nH]1)NN=Cc1ccccc1
2047,"InChI=1S/C16H21NO5/c1-4-22-16(21)15(10(2)3)17-14(20)8-6-11-5-7-12(18)13(19)9-11/h5-10,15,18-19H,4H2,1-3H3,(H,17,20)/b8-6+/t15-/m0/s1",307.3,CHEMBL4468018,10.1016/j.bmc.2019.05.031,Antioxidant activity assessed as DPPH free radical scavenging activity incubated for 30 mins in dark condition by spectrophotometric analysis,4.70774392864352,CCOC(=O)C(NC(=O)C=Cc1ccc(O)c(O)c1)C(C)C
110,"InChI=1S/C17H13Br2N3O3S/c18-11-2-3-13(12(19)8-11)20-9-22-17(26)25-16(21-22)10-1-4-14-15(7-10)24-6-5-23-14/h1-4,7-8,20H,5-6,9H2",499.2,CHEMBL2435575,10.1016/j.bmc.2013.08.002,Antioxidant activity assessed as DPPH free radical scavenging activity after 30 mins by spectrophotometric analysis,4.44466367200473,S=c1oc(-c2ccc3c(c2)OCCO3)nn1CNc1ccc(Br)cc1Br
972,"InChI=1S/C27H30O16/c1-8-15(30)20(35)22(37)26(40-8)39-7-13-17(32)21(36)23(38)27(42-13)43-25-19(34)14-12(6-11(29)16(31)18(14)33)41-24(25)9-2-4-10(28)5-3-9/h2-6,8,13,15,17,20-23,26-33,35-38H,7H2,1H3/t8-,13+,15-,17+,20+,21-,22+,23+,26+,27-/m0/s1",610.5,CHEMBL449793,10.1021/np9800203,Antioxidant activity assessed as DPPH free radical scavenging activity 30 min (manual check),4.15020192146599,CC1OC(OCC2OC(Oc3c(-c4ccc(O)cc4)oc4cc(O)c(O)c(O)c4c3=O)C(O)C(O)C2O)C(O)C(O)C1O
1644,"InChI=1S/C19H20O13/c20-7-3-10(23)17(11(24)4-7)32-19-16(28)15(27)14(26)12(31-19)5-30-18(29)6-1-8(21)13(25)9(22)2-6/h1-4,12,14-16,19-28H,5H2/t12-,14-,15+,16-,19+/m1/s1",456.4,CHEMBL4163708,10.1021/acs.jnatprod.7b00564,Antioxidant activity assessed as DPPH radical scavenging activity measured after 30 mins incubation under dark condition,5.52287874528034,O=C(OCC1OC(Oc2c(O)cc(O)cc2O)C(O)C(O)C1O)c1cc(O)c(O)c(O)c1
2046,"InChI=1S/C14H17NO5/c1-3-20-14(19)9(2)15-13(18)7-5-10-4-6-11(16)12(17)8-10/h4-9,16-17H,3H2,1-2H3,(H,15,18)/b7-5+/t9-/m0/s1",279.3,CHEMBL4465924,10.1016/j.bmc.2019.05.031,Antioxidant activity assessed as DPPH free radical scavenging activity incubated for 30 mins in dark condition by spectrophotometric analysis,4.52724355068279,CCOC(=O)C(C)NC(=O)C=Cc1ccc(O)c(O)c1
870,"InChI=1S/C20H19NO5/c1-2-9-21-19(25)8-5-12-3-7-16(23)20-14(12)11-18(26-20)13-4-6-15(22)17(24)10-13/h2-4,6-7,10-11,22-24H,1,5,8-9H2,(H,21,25)",353.4,CHEMBL4286969,10.1016/j.ejmech.2018.01.096,Antioxidant activity assessed as DPPH radical scavenging activity after 30 mins by spectrophotometric analysis,5.1791420105603,C=CCNC(=O)CCc1ccc(O)c2oc(-c3ccc(O)c(O)c3)cc12
581,"InChI=1S/C21H13Cl2N5OS/c1-11-16-18(26-15-8-6-14(23)7-9-15)24-10-25-21(16)30-17(11)20-28-27-19(29-20)12-2-4-13(22)5-3-12/h2-10H,1H3,(H,24,25,26)",454.3,CHEMBL2153864,10.1016/j.ejmech.2012.10.007,Antioxidant activity assessed as inhibition of DPPH free radical production after 30 mins by spectrophotometric analysis,4.37156046303523,Cc1c(-c2nnc(-c3ccc(Cl)cc3)o2)sc2ncnc(Nc3ccc(Cl)cc3)c12
1464,"InChI=1S/C17H15Cl2N3O/c1-12-8-16(6-7-17(12)19)23-11-15-10-22(21-20-15)9-13-2-4-14(18)5-3-13/h2-8,10H,9,11H2,1H3",348.2,CHEMBL3740542,10.1039/C5MD00057B,Antioxidant activity assessed as DPPH radical scavenging activity after 30 mins by spectrophotometric analysis,4.48492391544484,Cc1cc(OCc2cn(Cc3ccc(Cl)cc3)nn2)ccc1Cl
1514,"InChI=1S/C14H19N5O/c1-18-6-8-19(9-7-18)10-13(20)17-14-15-11-4-2-3-5-12(11)16-14/h2-5H,6-10H2,1H3,(H2,15,16,17,20)",273.3,CHEMBL4205483,10.1016/j.bmc.2017.09.045,Antioxidant activity assessed as DPPH free radical scavenging activity after 30 mins by spectrophotometric analysis,3.29821061168666,CN1CCN(CC(=O)Nc2nc3ccccc3[nH]2)CC1
13,"InChI=1S/C18H17N3O4/c1-11-17(19-10-14-15(23)8-13(22)9-16(14)24)18(25)21(20(11)2)12-6-4-3-5-7-12/h3-10,22-24H,1-2H3/b19-10+",339.4,CHEMBL2088278,10.1016/j.bmc.2012.04.058,Antioxidant activity assessed as DPPH free radical scavenging activity incubated for 30 mins,6.35654732351381,Cc1c(N=Cc2c(O)cc(O)cc2O)c(=O)n(-c2ccccc2)n1C
470,"InChI=1S/C16H9ClN2O2/c17-10-5-6-14-9(7-10)8-11(16(20)21-14)15-18-12-3-1-2-4-13(12)19-15/h1-8H,(H,18,19)",296.7,CHEMBL4440916,10.1016/j.ejmech.2019.06.010,Antioxidant activity assessed as DPPH radical scavenging activity after 30 mins by UV-Vis spectrophotometeric analysis,1.8569851997459,O=c1oc2ccc(Cl)cc2cc1-c1nc2ccccc2[nH]1
334,"InChI=1S/C5H15N2O3PS/c6-2-1-3-7-4-5-12-11(8,9)10/h7H,1-6H2,(H2,8,9,10)",214.2,CHEMBL1006,10.1016/j.bmc.2009.05.039,Antioxidant activity assessed as DPPH free radical scavenging activity by UV spectroscopic method 30 min (manual check),4.0,NCCCNCCSP(=O)(O)O
1232,"InChI=1S/C18H11FO4/c19-12-8-5-11(6-9-12)7-10-14(20)16-17(21)13-3-1-2-4-15(13)23-18(16)22/h1-10,21H/b10-7+",310.3,CHEMBL2234264,10.1007/s00044-010-9326-1,Antioxidant activity assessed as DPPH free radical scavenging activity after 30 min,5.65169513695184,O=C(C=Cc1ccc(F)cc1)c1c(O)c2ccccc2oc1=O
1378,"InChI=1S/C34H44N4O4/c1-24(2)26-20-18-25(19-21-26)22-30(37-32(40)27-12-6-3-7-13-27)33(41)35-23-31(39)38(29-16-10-5-11-17-29)34(42)36-28-14-8-4-9-15-28/h3,6-7,12-13,18-22,24,28-29H,4-5,8-11,14-17,23H2,1-2H3,(H,35,41)(H,36,42)(H,37,40)/b30-22+",572.8,CHEMBL3237198,10.1016/j.ejmech.2014.03.037,Antioxidant activity assessed as DPPH radical scavenging activity after 20 to 30 mins,4.21452779669361,CC(C)c1ccc(C=C(NC(=O)c2ccccc2)C(=O)NCC(=O)N(C(=O)NC2CCCCC2)C2CCCCC2)cc1
1867,"InChI=1S/C18H18O4/c19-16-10-8-15(13-17(16)20)9-11-18(21)22-12-4-7-14-5-2-1-3-6-14/h1-3,5-6,8-11,13,19-20H,4,7,12H2/b11-9+",298.3,CHEMBL131982,10.1016/j.bmc.2013.08.057,Antioxidant activity assessed as DPPH radical scavenging activity after 30 mins by spectrophotometry,4.92445303860747,O=C(C=Cc1ccc(O)c(O)c1)OCCCc1ccccc1
1030,"InChI=1S/C20H22O5/c1-9-8-10-13(21)11-12(15(23)17(10)25-9)20(4)7-5-6-19(2,3)18(20)16(24)14(11)22/h8,21,23-24H,5-7H2,1-4H3/t20-/m1/s1",342.4,CHEMBL1288294,10.1016/j.bmc.2010.10.037,Antioxidant activity assessed as DPPH radical scavenging activity 30 min (manual check),4.11918640771921,Cc1cc2c(O)c3c(c(O)c2o1)C1(C)CCCC(C)(C)C1=C(O)C3=O
1752,"InChI=1S/C16H16O6/c1-6-16(2,3)10-11(18)7-5-8(17)14(21-4)12(19)9(7)13(20)15(10)22-6/h5-6,17,19H,1-4H3/t6-/m0/s1",304.3,CHEMBL463891,10.1021/np049632f,Antioxidant activity assessed as DPPH radical scavenging activity 30 min (manual check),4.33989377827676,COc1c(O)cc2c(c1O)C(=O)C1=C(C2=O)C(C)(C)C(C)O1
2002,"InChI=1S/C15H9N5O3/c16-18-13-10-7-8(20(22)23)5-6-12(10)19-14(13)17-11-4-2-1-3-9(11)15(19)21/h1-7H,16H2/b18-13-",307.3,CHEMBL4104308,10.1016/j.bmcl.2017.08.064,Antioxidant activity assessed as DPPH radical scavenging activity incubated for 30 mins under dark condition by UV-vis spectrophotometric method,4.56351930499051,NN=C1c2cc([N+](=O)[O-])ccc2-n2c1nc1ccccc1c2=O
1037,"InChI=1S/C20H22O4/c1-9-6-11-16(22)14-12(21)7-13-19(2,5-4-10-8-20(10,13)3)15(14)17(23)18(11)24-9/h6,10,13,22-23H,4-5,7-8H2,1-3H3/t10-,13+,19-,20+/m0/s1",326.4,CHEMBL1287937,10.1016/j.bmc.2010.10.037,Antioxidant activity assessed as DPPH radical scavenging activity 30 min (manual check),3.88605664769316,Cc1cc2c(O)c3c(c(O)c2o1)C1(C)CCC2CC2(C)C1CC3=O
978,"InChI=1S/C27H30O15/c1-9-17(32)20(35)22(37)26(38-9)42-25-21(36)18(33)15(8-28)40-27(25)41-24-19(34)16-13(31)6-12(30)7-14(16)39-23(24)10-2-4-11(29)5-3-10/h2-7,9,15,17-18,20-22,25-33,35-37H,8H2,1H3/t9-,15-,17-,18-,20+,21+,22+,25-,26-,27+/m1/s1",594.5,CHEMBL507493,10.1021/np9800203,Antioxidant activity assessed as DPPH free radical scavenging activity 30 min (manual check),3.87323879121704,CC1OC(OC2C(Oc3c(-c4ccc(O)cc4)oc4cc(O)cc(O)c4c3=O)OC(CO)C(O)C2O)C(O)C(O)C1O
187,"InChI=1S/C19H24O3/c1-5-14(13-9-10-17(20)18(11-13)22-4)16-8-6-7-15(12(2)3)19(16)21/h6-12,14,20-21H,5H2,1-4H3",300.4,CHEMBL1831284,10.1016/j.ejmech.2011.07.041,Antioxidant activity assessed as residual DPPH radical scavenging activity after 30 mins by spectrophotometric analysis,5.20065945054642,CCC(c1ccc(O)c(OC)c1)c1cccc(C(C)C)c1O
805,"InChI=1S/C21H28O10/c1-28-15-6-11(4-5-13(15)24)20(27)18(10-23)31-21-16(29-2)7-12(8-17(21)30-3)19(26)14(25)9-22/h4-8,14,18-20,22-27H,9-10H2,1-3H3/t14-,18-,19-,20-/m1/s1",440.4,CHEMBL3930372,10.1016/j.bmcl.2016.10.012,Antioxidant activity assessed as DPPH radical scavenging activity incubated in dark for 30 mins,3.90237129111188,COc1cc(C(O)C(CO)Oc2c(OC)cc(C(O)C(O)CO)cc2OC)ccc1O
2076,"InChI=1S/C7H5BrO3/c8-5-1-4(3-9)2-6(10)7(5)11/h1-3,10-11H",217.0,CHEMBL401368,10.1021/np070281p,DPPH radical scavenging activity 30 min (manual check),4.69250396208679,O=Cc1cc(O)c(O)c(Br)c1
304,"InChI=1S/C22H20N6O6S2/c1-26-17(11-19(30)27(2)22(26)32)25-18(29)12-35-21-24-16-6-4-3-5-15(16)20(31)28(21)13-7-9-14(10-8-13)36(23,33)34/h3-11H,12H2,1-2H3,(H,25,29)(H2,23,33,34)",528.6,CHEMBL4791567,10.1016/j.ejmech.2020.112333,Antioxidant activity assessed as DPPH radical scavenging activity after 30 mins under dark condition by spectrophotometric analysis,4.24910607961787,Cn1c(NC(=O)CSc2nc3ccccc3c(=O)n2-c2ccc(S(N)(=O)=O)cc2)cc(=O)n(C)c1=O
388,"InChI=1S/C32H26N2O6P2S/c35-41(37-25-14-5-1-6-15-25,38-26-16-7-2-8-17-26)32(34-30-23-13-22-29-31(30)43-24-33-29)42(36,39-27-18-9-3-10-19-27)40-28-20-11-4-12-21-28/h1-24,32,34H",628.6,CHEMBL1824402,10.1016/j.ejmech.2011.02.038,Antioxidant activity assessed as DPPH free radical scavenging activity after 30 mins,4.118038863267,O=P(Oc1ccccc1)(Oc1ccccc1)C(Nc1cccc2ncsc12)P(=O)(Oc1ccccc1)Oc1ccccc1
2006,"InChI=1S/C23H15N5O5/c1-33-19-8-4-5-13(21(19)29)12-24-26-20-16-11-14(28(31)32)9-10-18(16)27-22(20)25-17-7-3-2-6-15(17)23(27)30/h2-12,29H,1H3/b24-12+,26-20-",441.4,CHEMBL4061993,10.1016/j.bmcl.2017.08.064,Antioxidant activity assessed as DPPH radical scavenging activity incubated for 30 mins under dark condition by UV-vis spectrophotometric method,4.54242085300424,COc1cccc(C=NN=C2c3cc([N+](=O)[O-])ccc3-n3c2nc2ccccc2c3=O)c1O
1201,"InChI=1S/C26H18O6/c27-22(9-6-17-7-10-24-25(12-17)31-16-30-24)21-14-19-13-20(8-11-23(19)32-26(21)28)29-15-18-4-2-1-3-5-18/h1-14H,15-16H2/b9-6+",426.4,CHEMBL2425229,10.1016/j.ejmech.2013.07.014,Antioxidant activity assessed as DPPH free radical scavenging activity after 30 mins,3.24412514432751,O=C(C=Cc1ccc2c(c1)OCO2)c1cc2cc(OCc3ccccc3)ccc2oc1=O
598,"InChI=1S/C18H17NO6/c1-19(2)8-11-15(22)17(24)16(23)14-12(21)7-13(25-18(11)14)9-3-5-10(20)6-4-9/h3-7,20,22-24H,8H2,1-2H3",343.3,CHEMBL2204076,10.1016/j.bmc.2012.10.015,Antioxidant activity assessed as inhibition of DPPH radical by spectrophotometric analysis using MTT assay method 30 min (manual check),4.57741016014852,CN(C)Cc1c(O)c(O)c(O)c2c(=O)cc(-c3ccc(O)cc3)oc12
1537,"InChI=1S/C11H14FN3O3/c12-7-3-1-2-4-9(7)14-15-10(16)6-5-8(13)11(17)18/h1-4,8,14H,5-6,13H2,(H,15,16)(H,17,18)/t8-/m0/s1",255.2,CHEMBL4209470,10.1016/j.bmcl.2017.11.012,Antioxidant activity assessed as DPPH radical scavenging activity incubated under dark condition for 30 mins by spectrophotometric analysis,4.3710508447963,NC(CCC(=O)NNc1ccccc1F)C(=O)O
1174,"InChI=1S/C19H21NO6/c1-5-24-19(22)16-11(3)20-10(2)15(18(21)23-4)17(16)12-6-7-13-14(8-12)26-9-25-13/h6-8,17,20H,5,9H2,1-4H3",359.4,CHEMBL2413659,10.1016/j.ejmech.2013.06.006,Antioxidant activity assessed as DPPH free radical scavenging activity under dark condition after 30 mins,2.88626119220684,CCOC(=O)C1=C(C)NC(C)=C(C(=O)OC)C1c1ccc2c(c1)OCO2
885,"InChI=1S/C13H9N7O2S/c21-20(22)10-3-1-2-9(6-10)7-16-19-12(17-18-13(19)23)11-8-14-4-5-15-11/h1-8H,(H,18,23)/b16-7+",327.3,CHEMBL4100638,10.1016/j.bmcl.2017.06.053,Antioxidant activity assessed as DPPH free radical scavenging activity after 30 mins,4.14026143380285,O=[N+]([O-])c1cccc(C=Nn2c(S)nnc2-c2cnccn2)c1
1869,"InChI=1S/C15H12O4/c16-13-8-6-11(10-14(13)17)7-9-15(18)19-12-4-2-1-3-5-12/h1-10,16-17H/b9-7+",256.3,CHEMBL471973,10.1016/j.bmc.2013.08.057,Antioxidant activity assessed as DPPH radical scavenging activity after 30 mins by spectrophotometry,4.90308998699194,O=C(C=Cc1ccc(O)c(O)c1)Oc1ccccc1
878,"InChI=1S/C15H15N7S/c1-21(2)12-5-3-11(4-6-12)9-18-22-14(19-20-15(22)23)13-10-16-7-8-17-13/h3-10H,1-2H3,(H,20,23)/b18-9+",325.4,CHEMBL4060690,10.1016/j.bmcl.2017.06.053,Antioxidant activity assessed as DPPH free radical scavenging activity after 30 mins,4.85511458171286,CN(C)c1ccc(C=Nn2c(S)nnc2-c2cnccn2)cc1
1434,"InChI=1S/C18H16BrNO4/c1-23-15-7-10-6-14(17(21)13(10)9-16(15)24-2)18(22)20-12-5-3-4-11(19)8-12/h3-5,7-9,14H,6H2,1-2H3,(H,20,22)",390.2,CHEMBL3633488,10.1016/j.bmcl.2015.10.051,Antioxidant activity assessed as DPPH scavenging activity at 10 to 60 ug/ml after 30 mins,3.82131946372906,COc1cc2c(cc1OC)C(=O)C(C(=O)Nc1cccc(Br)c1)C2
1391,"InChI=1S/C23H20N4O3/c1-14-4-3-5-18-21(14)26-22(25-18)16-7-9-17(10-8-16)23(29)27-24-13-15-6-11-19(28)20(12-15)30-2/h3-13,28H,1-2H3,(H,25,26)(H,27,29)/b24-13+",400.4,CHEMBL3317788,10.1016/j.ejmech.2014.07.078,Antioxidant activity assessed as DPPH free radical scavenging activity incubated at 37 degC for 30 mins by microtiter plate reader based method,4.58252830679671,COc1cc(C=NNC(=O)c2ccc(-c3nc4cccc(C)c4[nH]3)cc2)ccc1O
1592,"InChI=1S/C25H22O10/c1-33-17-6-10(2-4-14(17)28)23-13(9-26)19-12(3-5-15(29)25(19)35-23)24-22(32)21(31)20-16(30)7-11(27)8-18(20)34-24/h2-8,13,22-24,26-30,32H,9H2,1H3/t13-,22+,23+,24-/m1/s1",482.4,CHEMBL2397731,10.1021/acs.jnatprod.6b00750,Antioxidant activity assessed as DPPH radical scavenging activity after 30 mins,4.27482369858086,COc1cc(C2Oc3c(O)ccc(C4Oc5cc(O)cc(O)c5C(=O)C4O)c3C2CO)ccc1O
2120,"InChI=1S/C15H16O5/c1-20-8-11-7-14(18)10(6-15(11)19)4-9-5-12(16)2-3-13(9)17/h2-3,5-7,16-19H,4,8H2,1H3",276.3,CHEMBL255495,10.1021/np070421v,DPPH radical scavenging activity 30 min (manual check),5.20065945054642,COCc1cc(O)c(Cc2cc(O)ccc2O)cc1O
604,"InChI=1S/C40H56O13/c1-2-3-4-5-6-7-8-9-10-11-12-13-14-15-16-17-18-32(45)50-24-31-34(46)36(48)37(49)40(52-31)53-39-35(47)33-29(44)22-26(41)23-30(33)51-38(39)25-19-20-27(42)28(43)21-25/h19-23,31,34,36-37,40-44,46,48-49H,2-18,24H2,1H3/t31-,34-,36+,37-,40+/m1/s1",744.9,CHEMBL2316183,10.1016/j.bmc.2012.11.034,Antioxidant activity assessed as DPPH radical scavenging activity 30 min (manual check),4.3767507096021,CCCCCCCCCCCCCCCCCCC(=O)OCC1OC(Oc2c(-c3ccc(O)c(O)c3)oc3cc(O)cc(O)c3c2=O)C(O)C(O)C1O
33,"InChI=1S/C10H10O4/c1-14-9-6-7(2-4-8(9)11)3-5-10(12)13/h2-6,11H,1H3,(H,12,13)/b5-3+",194.2,CHEMBL32749,10.1021/acs.jnatprod.7b00085,Antioxidant activity assessed as DPPH radical scavenging activity after 30 mins under dark condition,4.31825335994381,COc1cc(C=CC(=O)O)ccc1O
425,"InChI=1S/C10H6Cl2O3/c11-6-2-1-5(3-7(6)12)9-8(13)4-15-10(9)14/h1-3,13H,4H2",245.1,CHEMBL3601617,10.1016/j.bmc.2015.05.026,Antioxidant activity assessed as DPPH radical scavenging activity incubated for 30 mins,4.54211810326601,O=C1OCC(O)=C1c1ccc(Cl)c(Cl)c1
1465,"InChI=1S/C17H15BrClN3O/c1-12-8-16(6-7-17(12)19)23-11-15-10-22(21-20-15)9-13-2-4-14(18)5-3-13/h2-8,10H,9,11H2,1H3",392.7,CHEMBL3741106,10.1039/C5MD00057B,Antioxidant activity assessed as DPPH radical scavenging activity after 30 mins by spectrophotometric analysis,4.37657695705651,Cc1cc(OCc2cn(Cc3ccc(Br)cc3)nn2)ccc1Cl
1501,"InChI=1S/C25H23N3O3S/c26-23-22(21(29)19-15-18-8-4-5-9-20(18)31-24(19)30)32-25(27-23)28-12-10-17(11-13-28)14-16-6-2-1-3-7-16/h1-9,15,17H,10-14,26H2",445.5,CHEMBL4163993,10.1016/j.ejmech.2018.06.015,Antioxidant activity assessed as DPPH radical scavenging activity incubated for 30 mins under dark condition by spectrophotometric method,4.0725063581671,Nc1nc(N2CCC(Cc3ccccc3)CC2)sc1C(=O)c1cc2ccccc2oc1=O
1807,"InChI=1S/C15H16O5/c1-8-4-11(16)14(18)13(5-8)20-15-9(2)6-10(19-3)7-12(15)17/h4-7,16-18H,1-3H3",276.3,CHEMBL2152644,10.1021/np300473h,Antioxidant activity assessed as DPPH free radical scavenging activity after 30 mins,4.93554201077308,COc1cc(C)c(Oc2cc(C)cc(O)c2O)c(O)c1
393,"InChI=1S/C31H26FNO6P2/c32-25-21-23-26(24-22-25)33-31(40(34,36-27-13-5-1-6-14-27)37-28-15-7-2-8-16-28)41(35,38-29-17-9-3-10-18-29)39-30-19-11-4-12-20-30/h1-24,31,33H",589.5,CHEMBL1824397,10.1016/j.ejmech.2011.02.038,Antioxidant activity assessed as DPPH free radical scavenging activity after 30 mins,4.08743677119226,O=P(Oc1ccccc1)(Oc1ccccc1)C(Nc1ccc(F)cc1)P(=O)(Oc1ccccc1)Oc1ccccc1
511,"InChI=1S/C27H32N2O9/c1-3-13-16(10-19-21-15(8-9-28-19)14-6-4-5-7-18(14)29-21)17(25(34)35-2)12-36-26(13)38-27-24(33)23(32)22(31)20(11-30)37-27/h3-7,12-13,16,20,22-24,26-27,29-33H,1,8-11H2,2H3/t13?,16?,20-,22-,23+,24-,26+,27+/m1/s1",528.6,CHEMBL487079,10.1021/np049863m,Antioxidant activity assessed as DPPH radical scavenging activity 30 min (manual check),4.25884840114821,C=CC1C(OC2OC(CO)C(O)C(O)C2O)OC=C(C(=O)OC)C1CC1=NCCc2c1[nH]c1ccccc21
556,"InChI=1S/C22H13BrN4O3/c23-16-5-11(6-18-21(16)29-10-28-18)19-13(7-24)20(30-22(26)14(19)8-25)15-9-27-17-4-2-1-3-12(15)17/h1-6,9,19,27H,10,26H2",461.3,CHEMBL1222785,10.1016/j.bmcl.2010.07.039,Antioxidant activity assessed as DPPH radical scavenging activity 30 min (manual check),2.41374892100127,N#CC1=C(N)OC(c2c[nH]c3ccccc23)=C(C#N)C1c1cc(Br)c2c(c1)OCO2
248,"InChI=1S/C9H10O4/c1-12-7-3-6(5-10)4-8(13-2)9(7)11/h3-5,11H,1-2H3",182.2,CHEMBL225303,10.1016/j.ejmech.2017.11.072,Antioxidant activity assessed as DPPH radical scavenging activity after 30 mins,2.93930215964639,COc1cc(C=O)cc(OC)c1O
1050,"InChI=1S/C29H30N2O5/c1-2-9-23(16-22-14-15-25(32)26(33)18-22)28(35)31-24(17-20-10-5-3-6-11-20)27(34)29(36)30-19-21-12-7-4-8-13-21/h3-8,10-16,18,24,32-33H,2,9,17,19H2,1H3,(H,30,36)(H,31,35)/b23-16+/t24-/m0/s1",486.6,CHEMBL1770881,10.1016/j.bmcl.2011.03.077,Antioxidant activity assessed as DPPH free radical scavenging activity after 30 mins,4.37489342459653,CCCC(=Cc1ccc(O)c(O)c1)C(=O)NC(Cc1ccccc1)C(=O)C(=O)NCc1ccccc1
1415,"InChI=1S/C20H16N4OS/c1-13-4-2-6-17-18(13)23-19(22-17)14-7-9-15(10-8-14)20(25)24-21-12-16-5-3-11-26-16/h2-12H,1H3,(H,22,23)(H,24,25)/b21-12+",360.4,CHEMBL3317807,10.1016/j.ejmech.2014.07.078,Antioxidant activity assessed as DPPH free radical scavenging activity incubated at 37 degC for 30 mins by microtiter plate reader based method,3.95813379727871,Cc1cccc2nc(-c3ccc(C(=O)NN=Cc4cccs4)cc3)[nH]c12
1746,"InChI=1S/C13H14O5/c1-5-7(3)18-4-8-9(5)6(2)11(14)10(12(8)15)13(16)17/h4-5,7,15H,1-3H3,(H,16,17)/t5-,7-/m1/s1",250.2,CHEMBL510139,10.1021/np0704708,Antioxidant activity assessed as DPPH free radical scavenging activity after 30 mins,3.79588001734407,CC1=C2C(=COC(C)C2C)C(O)=C(C(=O)O)C1=O
1170,"InChI=1S/C25H24N2O8/c1-5-33-25(29)22-15(3)26(17-7-9-18(10-8-17)27(30)31)14(2)21(24(28)32-4)23(22)16-6-11-19-20(12-16)35-13-34-19/h6-12,23H,5,13H2,1-4H3",480.5,CHEMBL2413663,10.1016/j.ejmech.2013.06.006,Antioxidant activity assessed as DPPH free radical scavenging activity under dark condition after 30 mins,2.75023552131556,CCOC(=O)C1=C(C)N(c2ccc([N+](=O)[O-])cc2)C(C)=C(C(=O)OC)C1c1ccc2c(c1)OCO2
2084,"InChI=1S/C7H5Br3O2/c1-2-3(8)5(10)7(12)6(11)4(2)9/h11-12H,1H3",360.8,CHEMBL228478,10.1021/np070061b,DPPH radical scavenging activity 30 min (manual check),4.85387196432176,Cc1c(Br)c(O)c(O)c(Br)c1Br
114,"InChI=1S/C17H14BrN3O3S/c18-12-3-1-2-4-13(12)19-10-21-17(25)24-16(20-21)11-5-6-14-15(9-11)23-8-7-22-14/h1-6,9,19H,7-8,10H2",420.3,CHEMBL2435572,10.1016/j.bmc.2013.08.002,Antioxidant activity assessed as DPPH free radical scavenging activity after 30 mins by spectrophotometric analysis,4.44297427761362,S=c1oc(-c2ccc3c(c2)OCCO3)nn1CNc1ccccc1Br
1166,"InChI=1S/C27H32O10/c1-14(2)4-10-17-19(36-27-26(34)25(33)24(32)21(13-28)37-27)12-20(35-3)22(23(17)31)18(30)11-7-15-5-8-16(29)9-6-15/h4-9,11-12,21,24-29,31-34H,10,13H2,1-3H3/b11-7+/t21-,24-,25+,26-,27-/m1/s1",516.5,CHEMBL2346984,10.1016/j.bmcl.2013.02.031,Antioxidant activity assessed as DPPH radical scavenging activity by by UV-vis spectrophotometry analysis 30 min (manual check),6.11350927482752,COc1cc(OC2OC(CO)C(O)C(O)C2O)c(CC=C(C)C)c(O)c1C(=O)C=Cc1ccc(O)cc1
1237,"InChI=1S/C26H19N3O4/c30-25-20-13-7-12-19-23(20)21(26(31)28(25)16-18-10-5-2-6-11-18)14-22(29(32)33)24(19)27-15-17-8-3-1-4-9-17/h1-14,27H,15-16H2",437.5,CHEMBL2234767,10.1007/s00044-010-9384-4,Antioxidant activity assessed as DPPH radical scavenging activity 30 min (manual check),4.36552272983927,O=C1c2cccc3c(NCc4ccccc4)c([N+](=O)[O-])cc(c23)C(=O)N1Cc1ccccc1
1259,InChI=1S/C12H6O3/c13-11-8-5-1-3-7-4-2-6-9(10(7)8)12(14)15-11/h1-6H,198.2,CHEMBL316059,10.1007/s00044-010-9384-4,Antioxidant activity assessed as DPPH radical scavenging activity 30 min (manual check),2.75109534943832,O=C1OC(=O)c2cccc3cccc1c23
1708,"InChI=1S/C29H37NO4/c1-18-7-6-8-26-28(18,3)12-11-19(2)29(26,4)16-21-14-22(31)15-23(27(21)33)30-17-20-9-10-24(32)25(13-20)34-5/h7,9-10,13-15,19,26,30,32H,6,8,11-12,16-17H2,1-5H3/t19-,26+,28+,29+/m0/s1",463.6,CHEMBL463364,10.1021/np049873n,Antioxidant activity assessed as DPPH free radical scavenging activity after 30 mins by TLC autographic assay,4.02227639471115,COc1cc(CNC2=CC(=O)C=C(CC3(C)C(C)CCC4(C)C(C)=CCCC43)C2=O)ccc1O
1497,"InChI=1S/C17H15N3O3S/c18-15-14(24-17(19-15)20-7-3-4-8-20)13(21)11-9-10-5-1-2-6-12(10)23-16(11)22/h1-2,5-6,9H,3-4,7-8,18H2",341.4,CHEMBL4160186,10.1016/j.ejmech.2018.06.015,Antioxidant activity assessed as DPPH radical scavenging activity incubated for 30 mins under dark condition by spectrophotometric method,4.07387102901948,Nc1nc(N2CCCC2)sc1C(=O)c1cc2ccccc2oc1=O
813,"InChI=1S/C9H6O5/c10-5-3-6-4(8(12)9(5)13)1-2-7(11)14-6/h1-3,10,12-13H",194.1,CHEMBL4163669,10.1021/acs.jnatprod.7b00665,Antioxidant activity assessed as DPPH radical scavenging activity incubated for 30 mins under dark condition,1.89008552671633,O=c1ccc2c(O)c(O)c(O)cc2o1
1933,"InChI=1S/C23H24N4O5/c1-24(2)19-9-7-15(21(13-19)26(29)30)11-17-5-6-18(23(17)28)12-16-8-10-20(25(3)4)14-22(16)27(31)32/h7-14H,5-6H2,1-4H3/b17-11+,18-12+",436.5,CHEMBL3289940,10.1016/j.ejmech.2014.06.034,Antioxidant activity assessed as DPPH free radical scavenging activity 30 min (manual check),4.32084475871665,CN(C)c1ccc(C=C2CCC(=Cc3ccc(N(C)C)cc3[N+](=O)[O-])C2=O)c([N+](=O)[O-])c1
1149,"InChI=1S/C21H22O6/c1-12(2)17(24)10-15-18(25)11-19(27-3)20(21(15)26)16(23)9-6-13-4-7-14(22)8-5-13/h4-9,11,17,22,24-26H,1,10H2,2-3H3/b9-6+",370.4,CHEMBL479500,10.1016/j.bmc.2013.01.026,Antioxidant activity assessed as concentration required for 50 % inhibition of micoM DPPH activity after 30 mins by UV-vis spectrophotometry,5.6252516539899,C=C(C)C(O)Cc1c(O)cc(OC)c(C(=O)C=Cc2ccc(O)cc2)c1O
181,"InChI=1S/C20H14Cl2N6O3S/c1-10-16(26-25-14-8-4-6-12(22)17(14)29)19(31)28(20(32)23-10)27-15(9-21)24-13-7-3-2-5-11(13)18(27)30/h2-8,16,29H,9H2,1H3/b26-25+",489.3,CHEMBL1800354,10.1016/j.bmcl.2011.05.031,Antioxidant activity against DPPH free radical assessed as compound able to consume half the initial amount of DPPH free radical after 30 to 60 mins by spectrophotometry,5.08092190762393,CC1=NC(=S)N(n2c(CCl)nc3ccccc3c2=O)C(=O)C1N=Nc1cccc(Cl)c1O
1267,InChI=1S/C13H8N4O3/c18-17(19)11-3-1-2-10(8-11)13-16-15-12(20-13)9-4-6-14-7-5-9/h1-8H,268.2,CHEMBL2236015,10.1007/s00044-010-9480-5,Antioxidant activity of the compound assessed as DPPH radical scavenging activity after 30 min,4.5839815977699,O=[N+]([O-])c1cccc(-c2nnc(-c3ccncc3)o2)c1
1844,"InChI=1S/C26H21N3O6S/c1-2-34-25(33)20(28-29-26(36)27-14-15-7-6-12-35-15)13-21(30)18-10-5-11-19-22(18)24(32)17-9-4-3-8-16(17)23(19)31/h3-12H,2,13-14H2,1H3,(H2,27,29,36)/b28-20-",503.5,CHEMBL2393472,10.1016/j.ejmech.2013.03.071,Antioxidant activity assessed as DPPH radical scavenging activity after 30 mins by spectrophotometric analysis,4.44611697335613,CCOC(=O)C(CC(=O)c1cccc2c1C(=O)c1ccccc1C2=O)=NNC(=S)NCc1ccco1
2136,"InChI=1S/C15H14O6/c16-11-3-1-9(2-4-11)5-6-21-15(20)10-7-12(17)14(19)13(18)8-10/h1-4,7-8,16-19H,5-6H2",290.3,CHEMBL147069,10.1016/j.bmcl.2007.07.032,DPPH radical scavenging activity after 30 mins,5.12378215940836,O=C(OCCc1ccc(O)cc1)c1cc(O)c(O)c(O)c1
906,"InChI=1S/C15H10ClN3O3S.2H2O/c16-10-4-1-8(2-5-10)13(22)17-15-19-18-14(23-15)9-3-6-11(20)12(21)7-9;;/h1-7,20-21H,(H,17,19,22);2*1H2",383.8,CHEMBL4085385,10.1016/j.bmcl.2017.07.003,Antioxidant activity assessed as DPPH radical scavenging activity after 30 mins in absence of light,4.2759700270644,O=C(Nc1nnc(-c2ccc(O)c(O)c2)s1)c1ccc(Cl)cc1
692,"InChI=1S/C15H15NOS/c1-4-11-5-2-8-16-12(14-7-3-9-18-14)10-17-13(6-1)15(11)16/h1,3-4,6-7,9,12H,2,5,8,10H2",257.4,CHEMBL3086061,10.1016/j.bmcl.2013.09.088,Antioxidant activity assessed as DPPH free radical scavenging activity after 30 mins by spectrophotometry,4.24949160514865,c1csc(C2COc3cccc4c3N2CCC4)c1
820,"InChI=1S/C9H6O4/c10-6-3-1-5-2-4-7(11)13-9(5)8(6)12/h1-4,10,12H",178.1,CHEMBL244948,10.1021/acs.jnatprod.7b00665,Antioxidant activity assessed as DPPH radical scavenging activity incubated for 30 mins under dark condition,0.816095015429045,O=c1ccc2ccc(O)c(O)c2o1
1400,"InChI=1S/C22H18N4O2/c1-14-4-2-7-19-20(14)25-21(24-19)16-8-10-17(11-9-16)22(28)26-23-13-15-5-3-6-18(27)12-15/h2-13,27H,1H3,(H,24,25)(H,26,28)/b23-13+",370.4,CHEMBL3317792,10.1016/j.ejmech.2014.07.078,Antioxidant activity assessed as DPPH free radical scavenging activity incubated at 37 degC for 30 mins by microtiter plate reader based method,4.22018713682942,Cc1cccc2nc(-c3ccc(C(=O)NN=Cc4cccc(O)c4)cc3)[nH]c12
1483,"InChI=1S/C21H24N2O3/c24-19-8-6-16(14-20(19)25)7-9-21(26)22-18-10-12-23(13-11-18)15-17-4-2-1-3-5-17/h1-9,14,18,24-25H,10-13,15H2,(H,22,26)/b9-7+",352.4,CHEMBL3818108,10.1039/C6MD00053C,Antioxidant activity assessed as DPPH radical scavenging activity incubated in dark for 30 mins by spectrophotometry,4.97469413473523,O=C(C=Cc1ccc(O)c(O)c1)NC1CCN(Cc2ccccc2)CC1
1932,"InChI=1S/C24H27N5O5/c1-25(2)20-8-6-16(22(12-20)28(31)32)10-18-14-27(5)15-19(24(18)30)11-17-7-9-21(26(3)4)13-23(17)29(33)34/h6-13H,14-15H2,1-5H3/b18-10-,19-11+",465.5,CHEMBL3289937,10.1016/j.ejmech.2014.06.034,Antioxidant activity assessed as DPPH free radical scavenging activity 30 min (manual check),4.73541827076192,CN1CC(=Cc2ccc(N(C)C)cc2[N+](=O)[O-])C(=O)C(=Cc2ccc(N(C)C)cc2[N+](=O)[O-])C1
1448,"InChI=1S/C17H16N4O3/c1-13-5-7-17(8-6-13)24-12-15-11-20(19-18-15)10-14-3-2-4-16(9-14)21(22)23/h2-9,11H,10,12H2,1H3",324.3,CHEMBL3742339,10.1039/C5MD00057B,Antioxidant activity assessed as DPPH radical scavenging activity after 30 mins by spectrophotometric analysis,4.42816157835652,Cc1ccc(OCc2cn(Cc3cccc([N+](=O)[O-])c3)nn2)cc1
570,"InChI=1S/C21H22N2O5S/c1-14-3-5-16(6-4-14)20-21(29(24,25)13-18-22-11-12-27-18)19(23-28-20)15-7-9-17(26-2)10-8-15/h3-10,20-21H,11-13H2,1-2H3",414.5,CHEMBL1829922,10.1016/j.ejmech.2011.08.010,Antioxidant activity assessed as DPPH free radical scavenging activity after 30 mins by spectrophotometric analysis,3.7415377634578,COc1ccc(C2=NOC(c3ccc(C)cc3)C2S(=O)(=O)CC2=NCCO2)cc1
662,"InChI=1S/C21H27NO/c1-6-7-16-8-10-17(11-9-16)14-22-19-13-18(21(3,4)5)20(23)12-15(19)2/h8-14,23H,6-7H2,1-5H3/b22-14+",309.5,CHEMBL2316850,10.1016/j.bmcl.2012.12.001,Antioxidant activity assessed as DPPH radical scavenging activity in ethanol solution 30 min (manual check),4.16596673949436,CCCc1ccc(C=Nc2cc(C(C)(C)C)c(O)cc2C)cc1
1321,"InChI=1S/C25H24O12/c26-15-5-1-13(9-17(15)28)3-7-21(30)36-19-11-25(35,24(33)34)12-20(23(19)32)37-22(31)8-4-14-2-6-16(27)18(29)10-14/h1-10,19-20,23,26-29,32,35H,11-12H2,(H,33,34)/b7-3+,8-4+/t19-,20-,23-,25+/m1/s1",516.5,CHEMBL249447,10.1021/np050447r,Antioxidant activity assessed as DPPH free radical scavenging activity relative to control 30 min (manual check),4.72716864432141,O=C(C=Cc1ccc(O)c(O)c1)OC1CC(O)(C(=O)O)CC(OC(=O)C=Cc2ccc(O)c(O)c2)C1O
1290,"InChI=1S/C21H20O5/c1-25-19-11-13(3-7-17(19)22)9-15-5-6-16(21(15)24)10-14-4-8-18(23)20(12-14)26-2/h3-4,7-12,22-23H,5-6H2,1-2H3/b15-9+,16-10+",352.4,CHEMBL270361,10.1007/s00044-010-9521-0,Antioxidant activity assessed as DPPH scavenging activity after 30 min by spectrophotometry,4.12517042212028,COc1cc(C=C2CCC(=Cc3ccc(O)c(OC)c3)C2=O)ccc1O
918,"InChI=1S/C29H35NO2S/c1-27(2,3)22-16-20(17-23(26(22)31)28(4,5)6)19-12-14-21(15-13-19)29(32)18-30(7)24-10-8-9-11-25(24)33-29/h8-17,31-32H,18H2,1-7H3",461.7,CHEMBL4168364,10.1016/j.ejmech.2017.06.042,Antioxidant activity assessed as DPPH radical scavenging activity measured at 30 to 60 mins by UV-Visible spectrophotometric method,4.46852108295774,CN1CC(O)(c2ccc(-c3cc(C(C)(C)C)c(O)c(C(C)(C)C)c3)cc2)Sc2ccccc21
595,"InChI=1S/C20H19NO7/c22-12-3-1-11(2-4-12)15-9-14(23)16-18(25)19(26)17(24)13(20(16)28-15)10-21-5-7-27-8-6-21/h1-4,9,22,24-26H,5-8,10H2",385.4,CHEMBL2204079,10.1016/j.bmc.2012.10.015,Antioxidant activity assessed as inhibition of DPPH radical by spectrophotometric analysis using MTT assay method 30 min (manual check),4.51018209169855,O=c1cc(-c2ccc(O)cc2)oc2c(CN3CCOCC3)c(O)c(O)c(O)c12
748,"InChI=1S/C31H39N3O3/c1-19-20(2)29-22(21(3)28(19)35)15-16-31(4,37-29)30(36)33-18-10-9-17-32-27-23-11-5-7-13-25(23)34-26-14-8-6-12-24(26)27/h5,7,11,13,35H,6,8-10,12,14-18H2,1-4H3,(H,32,34)(H,33,36)",501.7,CHEMBL3410952,10.1016/j.ejmech.2015.01.058,Antioxidant activity assessed as DPPH scavenging activity after 30 mins by spectrophotometry,7.35457773065091,Cc1c(C)c2c(c(C)c1O)CCC(C)(C(=O)NCCCCNc1c3c(nc4ccccc14)CCCC3)O2
2037,"InChI=1S/C22H18N4O7/c1-2-31-21(27)19-9-15-5-8-18(10-20(15)33-22(19)28)32-13-16-12-25(24-23-16)11-14-3-6-17(7-4-14)26(29)30/h3-10,12H,2,11,13H2,1H3",450.4,CHEMBL4574693,10.1016/j.ejmech.2019.01.060,Antioxidant activity assessed as DPPH radical scavenging activity measured after 30 mins by spectrophotometric method,4.47750712278761,CCOC(=O)c1cc2ccc(OCc3cn(Cc4ccc([N+](=O)[O-])cc4)nn3)cc2oc1=O
1909,"InChI=1S/C16H16O5S/c1-21-14-5-2-13(3-6-14)11-22(19,20)9-8-12-4-7-15(17)16(18)10-12/h2-10,17-18H,11H2,1H3/b9-8+",320.4,CHEMBL3259971,10.1021/jm500258v,Antioxidant activity assessed as DPPH free radical scavenging effect after 30 mins by spectrophotometric analysis,5.04095860767891,COc1ccc(CS(=O)(=O)C=Cc2ccc(O)c(O)c2)cc1
1331,InChI=1S/C24H12Cl3NO3/c25-14-10-17(26)23(18(27)11-14)31-24(29)16-12-20(28-19-7-3-2-6-15(16)19)22-9-13-5-1-4-8-21(13)30-22/h1-12H,468.7,CHEMBL2281890,10.1007/s00044-012-0117-8,Antioxidant activity assessed as DPPH radical scavenging activity at 1 mg/ml after 30 min by spectrophotometric analysis,4.28457437962616,O=C(Oc1c(Cl)cc(Cl)cc1Cl)c1cc(-c2cc3ccccc3o2)nc2ccccc12
907,"InChI=1S/C10H9N3O3S/c1-5(14)11-10-13-12-9(17-10)6-3-2-4-7(15)8(6)16/h2-4,15-16H,1H3,(H,11,13,14)",251.3,CHEMBL4101816,10.1016/j.bmcl.2017.07.003,Antioxidant activity assessed as DPPH radical scavenging activity after 30 mins in absence of light,3.95342680233799,CC(=O)Nc1nnc(-c2cccc(O)c2O)s1
142,"InChI=1S/C18H20O4/c1-3-4-9-21-15-10-14-16(11(2)19)17(20)12-7-5-6-8-13(12)18(14)22-15/h5-8,15,20H,3-4,9-10H2,1-2H3",300.4,CHEMBL3331166,10.1016/j.ejmech.2014.09.025,Antioxidant activity assessed as DPPH scavenging activity after 30 mins by spectrophotometry,4.77786220246488,CCCCOC1Cc2c(C(C)=O)c(O)c3ccccc3c2O1
857,"InChI=1S/C23H17NO5/c25-18-9-7-15(12-20(18)27)21-13-17-14(6-10-19(26)23(17)29-21)8-11-22(28)24-16-4-2-1-3-5-16/h1-13,25-27H,(H,24,28)/b11-8+",387.4,CHEMBL4289699,10.1016/j.ejmech.2018.01.096,Antioxidant activity assessed as DPPH radical scavenging activity after 30 mins by spectrophotometric analysis,5.1791420105603,O=C(C=Cc1ccc(O)c2oc(-c3ccc(O)c(O)c3)cc12)Nc1ccccc1
1814,"InChI=1S/C17H16ClN3S/c1-21(2)14-9-5-12(6-10-14)16-15(19-17(22)20-16)11-3-7-13(18)8-4-11/h3-10H,1-2H3,(H2,19,20,22)",329.9,CHEMBL2207966,10.1016/j.bmc.2012.09.050,Antioxidant activity of compound assessed as DPPH radical scavenging activity by colorimetric method 30 min (manual check),4.79860287567955,CN(C)c1ccc(-c2[nH]c(=S)[nH]c2-c2ccc(Cl)cc2)cc1
1248,"InChI=1S/C32H34BrNO2/c1-19(2)20-9-12-25-21(17-20)10-14-27-31(3,15-6-16-32(25,27)4)18-34-29(35)23-8-5-7-22-26(33)13-11-24(28(22)23)30(34)36/h5,7-9,11-13,17,19,27H,6,10,14-16,18H2,1-4H3/t27?,31-,32-/m1/s1",544.5,CHEMBL2234775,10.1007/s00044-010-9384-4,Antioxidant activity assessed as DPPH radical scavenging activity 30 min (manual check),3.68172791978837,CC(C)c1ccc2c(c1)CCC1C(C)(CN3C(=O)c4cccc5c(Br)ccc(c45)C3=O)CCCC21C
953,"InChI=1S/C31H32O16/c1-30(42,15-24(36)37)28(40)47-27-22(45-25(38)9-5-16-3-7-18(32)20(34)11-16)13-31(43,29(41)44-2)14-23(27)46-26(39)10-6-17-4-8-19(33)21(35)12-17/h3-12,22-23,27,32-35,42-43H,13-15H2,1-2H3,(H,36,37)/b9-5+,10-6+/t22-,23-,27-,30?,31+/m1/s1",660.6,CHEMBL446012,10.1021/np050447r,Antioxidant activity assessed as DPPH free radical scavenging activity relative to control 30 min (manual check),5.17648589286921,COC(=O)C1(O)CC(OC(=O)C=Cc2ccc(O)c(O)c2)C(OC(=O)C(C)(O)CC(=O)O)C(OC(=O)C=Cc2ccc(O)c(O)c2)C1
145,"InChI=1S/C21H18O3/c1-13(22)18-17-12-21(2,14-8-4-3-5-9-14)24-20(17)16-11-7-6-10-15(16)19(18)23/h3-11,23H,12H2,1-2H3",318.4,CHEMBL3331269,10.1016/j.ejmech.2014.09.025,Antioxidant activity assessed as DPPH scavenging activity after 30 mins by spectrophotometry,3.61299942066164,CC(=O)c1c2c(c3ccccc3c1O)OC(C)(c1ccccc1)C2
771,"InChI=1S/C21H21NO7/c1-3-22(4-2)18(25)11-28-13-7-5-12(6-8-13)16-9-14(23)19-17(29-16)10-15(24)20(26)21(19)27/h5-10,24,26-27H,3-4,11H2,1-2H3",399.4,CHEMBL3634650,10.1016/j.bmc.2015.09.047,Antioxidant activity assessed as DPPH radical scavenging by spectrophotometric analysis 30 min (manual check),4.09001630506016,CCN(CC)C(=O)COc1ccc(-c2cc(=O)c3c(O)c(O)c(O)cc3o2)cc1
2035,"InChI=1S/C15H12O5/c16-10-5-7-13(18)11(8-10)12(17)6-4-9-2-1-3-14(19)15(9)20/h1-8,16,18-20H/b6-4+",272.3,CHEMBL4551547,10.1016/j.bmcl.2019.06.052,Antioxidant activity assessed as DPPH radical scavenging activity measured after 30 mins,4.31875876262441,O=C(C=Cc1cccc(O)c1O)c1cc(O)ccc1O
750,"InChI=1S/C33H43N3O3/c1-21-22(2)31-24(23(3)30(21)37)17-18-33(4,39-31)32(38)35-20-12-6-5-11-19-34-29-25-13-7-9-15-27(25)36-28-16-10-8-14-26(28)29/h7,9,13,15,37H,5-6,8,10-12,14,16-20H2,1-4H3,(H,34,36)(H,35,38)",529.7,CHEMBL3410954,10.1016/j.ejmech.2015.01.058,Antioxidant activity assessed as DPPH scavenging activity after 30 mins by spectrophotometry,7.31247103878537,Cc1c(C)c2c(c(C)c1O)CCC(C)(C(=O)NCCCCCCNc1c3c(nc4ccccc14)CCCC3)O2
438,"InChI=1S/C10H8O3/c11-8-6-13-10(12)9(8)7-4-2-1-3-5-7/h1-5,11H,6H2",176.2,CHEMBL3601582,10.1016/j.bmc.2015.05.026,Antioxidant activity assessed as DPPH radical scavenging activity incubated for 30 mins,4.86966623150499,O=C1OCC(O)=C1c1ccccc1
315,"InChI=1S/C19H13F3N6O4S3/c20-19(21,22)16-26-27-17(34-16)25-14(29)9-33-18-24-13-4-2-1-3-12(13)15(30)28(18)10-5-7-11(8-6-10)35(23,31)32/h1-8H,9H2,(H2,23,31,32)(H,25,27,29)",542.5,CHEMBL4783887,10.1016/j.ejmech.2020.112333,Antioxidant activity assessed as DPPH radical scavenging activity after 30 mins under dark condition by spectrophotometric analysis,3.97179488009456,NS(=O)(=O)c1ccc(-n2c(SCC(=O)Nc3nnc(C(F)(F)F)s3)nc3ccccc3c2=O)cc1
770,"InChI=1S/C21H19NO8/c23-14-9-16(30-17-10-15(24)20(26)21(27)19(14)17)12-1-3-13(4-2-12)29-11-18(25)22-5-7-28-8-6-22/h1-4,9-10,24,26-27H,5-8,11H2",413.4,CHEMBL3634649,10.1016/j.bmc.2015.09.047,Antioxidant activity assessed as DPPH radical scavenging by spectrophotometric analysis 30 min (manual check),4.07956359344924,O=C(COc1ccc(-c2cc(=O)c3c(O)c(O)c(O)cc3o2)cc1)N1CCOCC1
1076,"InChI=1S/C13H16O9/c14-3-9-11(19)12(8(17)4-21-9)22-13(20)5-1-6(15)10(18)7(16)2-5/h1-2,8-9,11-12,14-19H,3-4H2/t8-,9+,11+,12+/m0/s1",316.3,CHEMBL1933679,10.1016/j.bmcl.2011.10.073,Antioxidant activity assessed as DPPH free radical scavenging activity after 30 mins,4.31884925006758,O=C(OC1C(O)COC(CO)C1O)c1cc(O)c(O)c(O)c1
939,"InChI=1S/C11H9NO4/c1-16-11(15)8-5-10(14)12-9-3-2-6(13)4-7(8)9/h2-5,13H,1H3,(H,12,14)",219.2,CHEMBL484460,10.1021/np010324g,Antioxidant activity assessed as DPPH radical scavenging activity 30 min (manual check),3.77973916616328,COC(=O)c1cc(=O)[nH]c2ccc(O)cc12
997,"InChI=1S/C14H12O4/c15-10-7-12(17)14(13(18)8-10)11(16)6-9-4-2-1-3-5-9/h1-5,7-8,15,17-18H,6H2",244.2,CHEMBL560920,10.1016/j.bmc.2009.05.019,Antioxidant activity assessed as DPPH radical scavenging activity incubated at 40 degC in dark after 30 mins,4.91186391129945,O=C(Cc1ccccc1)c1c(O)cc(O)cc1O
63,"InChI=1S/C10H9N3O/c11-12-6-8-5-7-3-1-2-4-9(7)13-10(8)14/h1-6H,11H2,(H,13,14)/b12-6+",187.2,CHEMBL2312100,10.1016/j.bmcl.2012.11.006,Antioxidant activity assessed as DPPH scavenging activity after 30 mins by spectrophotometry,3.1370818767009,NN=Cc1cc2ccccc2[nH]c1=O
1562,"InChI=1S/C24H24O8/c1-23(2,29)18-11-15-10-13(4-9-17(15)31-18)12-24(22(28)30-3)19(20(26)21(27)32-24)14-5-7-16(25)8-6-14/h4-10,18,25-26,29H,11-12H2,1-3H3/t18-,24-/m1/s1",440.4,CHEMBL2035562,10.1016/j.bmcl.2017.12.049,Antioxidant activity assessed as DPPH radical scavenging activity incubated for 30 mins under dark condition by spectrophotometric analysis,3.88941028970075,COC(=O)C1(Cc2ccc3c(c2)CC(C(C)(C)O)O3)OC(=O)C(O)=C1c1ccc(O)cc1
1862,"InChI=1S/C23H20O4/c24-21-13-11-17(15-22(21)25)12-14-23(26)27-16-20(18-7-3-1-4-8-18)19-9-5-2-6-10-19/h1-15,20,24-25H,16H2/b14-12+",360.4,CHEMBL2441917,10.1016/j.bmc.2013.08.057,Antioxidant activity assessed as DPPH radical scavenging activity after 30 mins by spectrophotometry,4.73282827159699,O=C(C=Cc1ccc(O)c(O)c1)OCC(c1ccccc1)c1ccccc1
1144,"InChI=1S/C21H24O6/c1-21(2,26)11-10-15-17(24)12-18(27-3)19(20(15)25)16(23)9-6-13-4-7-14(22)8-5-13/h4-9,12,22,24-26H,10-11H2,1-3H3/b9-6+",372.4,CHEMBL470927,10.1016/j.bmc.2013.01.026,Antioxidant activity assessed as concentration required for 50 % inhibition of micoM DPPH activity after 30 mins by UV-vis spectrophotometry,5.47625353318844,COc1cc(O)c(CCC(C)(C)O)c(O)c1C(=O)C=Cc1ccc(O)cc1
1007,"InChI=1S/C15H14O4/c1-19-12-5-2-10(3-6-12)8-14(17)11-4-7-13(16)15(18)9-11/h2-7,9,16,18H,8H2,1H3",258.3,CHEMBL550181,10.1016/j.bmc.2009.05.019,Antioxidant activity assessed as DPPH radical scavenging activity incubated at 40 degC in dark after 30 mins,4.11958660012208,COc1ccc(CC(=O)c2ccc(O)c(O)c2)cc1
890,"InChI=1S/C13H11N7S2/c21-12(16-9-4-2-1-3-5-9)19-20-11(17-18-13(20)22)10-8-14-6-7-15-10/h1-8H,(H,18,22)(H2,16,19,21)",329.4,CHEMBL4063530,10.1016/j.bmcl.2017.06.053,Antioxidant activity assessed as DPPH free radical scavenging activity after 30 mins,4.23062267392386,S=C(Nc1ccccc1)Nn1c(S)nnc1-c1cnccn1
1407,"InChI=1S/C21H17N5O/c1-14-3-2-4-18-19(14)25-20(24-18)16-5-7-17(8-6-16)21(27)26-23-13-15-9-11-22-12-10-15/h2-13H,1H3,(H,24,25)(H,26,27)/b23-13+",355.4,CHEMBL3317799,10.1016/j.ejmech.2014.07.078,Antioxidant activity assessed as DPPH free radical scavenging activity incubated at 37 degC for 30 mins by microtiter plate reader based method,4.05349860943041,Cc1cccc2nc(-c3ccc(C(=O)NN=Cc4ccncc4)cc3)[nH]c12
2138,"InChI=1S/C15H14O6/c16-11-3-1-2-9(6-11)4-5-21-15(20)10-7-12(17)14(19)13(18)8-10/h1-3,6-8,16-19H,4-5H2",290.3,CHEMBL246622,10.1016/j.bmcl.2007.07.032,DPPH radical scavenging activity after 30 mins,5.10902040301031,O=C(OCCc1cccc(O)c1)c1cc(O)c(O)c(O)c1
6,"InChI=1S/C18H17N3O2/c1-13-17(19-12-14-8-10-16(22)11-9-14)18(23)21(20(13)2)15-6-4-3-5-7-15/h3-12,22H,1-2H3/b19-12+",307.4,CHEMBL2088271,10.1016/j.bmc.2012.04.058,Antioxidant activity assessed as DPPH free radical scavenging activity incubated for 30 mins,4.72584215073632,Cc1c(N=Cc2ccc(O)cc2)c(=O)n(-c2ccccc2)n1C
1160,"InChI=1S/C20H25NO3/c1-13-7-19(22)17(20(2,3)4)11-18(13)21-12-14-8-15(23-5)10-16(9-14)24-6/h7-12,22H,1-6H3/b21-12+",327.4,CHEMBL2316861,10.1016/j.bmcl.2012.12.001,Antioxidant activity assessed as DPPH radical scavenging activity in chloroform solution 30 min (manual check),4.21605348883065,COc1cc(C=Nc2cc(C(C)(C)C)c(O)cc2C)cc(OC)c1
1847,"InChI=1S/C25H25N3O5S/c1-3-5-13-26-25(34)28-27-19(24(32)33-4-2)14-20(29)17-11-8-12-18-21(17)23(31)16-10-7-6-9-15(16)22(18)30/h6-12H,3-5,13-14H2,1-2H3,(H2,26,28,34)/b27-19-",479.6,CHEMBL2393469,10.1016/j.ejmech.2013.03.071,Antioxidant activity assessed as DPPH radical scavenging activity after 30 mins by spectrophotometric analysis,4.58838029403677,CCCCNC(=S)NN=C(CC(=O)c1cccc2c1C(=O)c1ccccc1C2=O)C(=O)OCC
310,"InChI=1S/C24H27N5O6S2/c1-2-35-24(32)28-13-11-16(12-14-28)26-21(30)15-36-23-27-20-6-4-3-5-19(20)22(31)29(23)17-7-9-18(10-8-17)37(25,33)34/h3-10,16H,2,11-15H2,1H3,(H,26,30)(H2,25,33,34)",545.6,CHEMBL4751032,10.1016/j.ejmech.2020.112333,Antioxidant activity assessed as DPPH radical scavenging activity after 30 mins under dark condition by spectrophotometric analysis,3.96697855531709,CCOC(=O)N1CCC(NC(=O)CSc2nc3ccccc3c(=O)n2-c2ccc(S(N)(=O)=O)cc2)CC1
1692,"InChI=1S/C25H25NO5/c1-26(16-17-7-6-8-18(27)13-17)11-4-5-12-30-19-14-21(28)24-23(15-19)31-22-10-3-2-9-20(22)25(24)29/h2-3,6-10,13-15,27-28H,4-5,11-12,16H2,1H3",419.5,CHEMBL4748630,10.1016/j.ejmech.2021.113154,Antioxidant activity assessed as DPPH radical scavenging activity incubated for 30 mins under dark condition,3.28241270314454,CN(CCCCOc1cc(O)c2c(=O)c3ccccc3oc2c1)Cc1cccc(O)c1
1960,"InChI=1S/C11H13BrO3/c1-4-15-10-6-11(14-3)9(12)5-8(10)7(2)13/h5-6H,4H2,1-3H3",273.1,CHEMBL3904351,10.1016/j.bmcl.2016.09.060,Antioxidant activity assessed as DPPH radical scavenging activity incubated for 30 mins in dark,1.32975414692588,CCOc1cc(OC)c(Br)cc1C(C)=O
523,"InChI=1S/C26H30O12/c1-33-16-7-11(3-5-14(16)28)23-13-10-35-24(19(13)25(32)38-23)12-4-6-15(17(8-12)34-2)36-26-22(31)21(30)20(29)18(9-27)37-26/h3-8,13,18-24,26-31H,9-10H2,1-2H3/t13-,18-,19-,20-,21+,22-,23+,24+,26-/m1/s1",534.5,CHEMBL488926,10.1021/np040113m,Antioxidant activity assessed as DPPH radical scavenging activity after 30 mins,3.58502665202918,COc1cc(C2OC(=O)C3C(c4ccc(OC5OC(CO)C(O)C(O)C5O)c(OC)c4)OCC23)ccc1O
1158,"InChI=1S/C20H24O4/c1-13(8-15-4-6-17(21)19(10-15)22-3)14(2)9-16-5-7-18-20(11-16)24-12-23-18/h4-7,10-11,13-14,21H,8-9,12H2,1-3H3/t13-,14+/m0/s1",328.4,CHEMBL254071,10.1021/np4010536,Antioxidant activity assessed as 150 uM DPPH free radical scavenging activity under dark condition after 30 mins by microplate reader analysis,4.30183621207632,COc1cc(CC(C)C(C)Cc2ccc3c(c2)OCO3)ccc1O
1244,"InChI=1S/C36H44N2O2/c1-6-7-20-37-30-16-14-28-32-26(30)10-8-11-27(32)33(39)38(34(28)40)22-35(4)18-9-19-36(5)29-15-12-24(23(2)3)21-25(29)13-17-31(35)36/h8,10-12,14-16,21,23,31,37H,6-7,9,13,17-20,22H2,1-5H3/t31?,35-,36-/m1/s1",536.8,CHEMBL2234761,10.1007/s00044-010-9384-4,Antioxidant activity assessed as DPPH radical scavenging activity 30 min (manual check),3.68634365338197,CCCCNc1ccc2c3c(cccc13)C(=O)N(CC1(C)CCCC3(C)c4ccc(C(C)C)cc4CCC13)C2=O
960,"InChI=1S/C36H30O16/c37-12-25-30(45)32(47)33(48)36(52-25)51-24-11-21(44)26-20(43)10-22(14-3-6-17(40)18(41)7-14)49-35(26)28(24)29-31(46)27-19(42)8-16(39)9-23(27)50-34(29)13-1-4-15(38)5-2-13/h1-11,25,29-30,32-34,36-42,44-45,47-48H,12H2/t25-,29?,30-,32+,33-,34?,36-/m1/s1",718.6,CHEMBL503951,10.1021/np0497595,Antioxidant activity assessed as DPPH radical scavenging activity 30 min (manual check),3.93554201077308,O=C1c2c(O)cc(O)cc2OC(c2ccc(O)cc2)C1c1c(OC2OC(CO)C(O)C(O)C2O)cc(O)c2c(=O)cc(-c3ccc(O)c(O)c3)oc12
1912,"InChI=1S/C17H18O3S/c18-16-9-8-15(13-17(16)19)10-12-21(20)11-4-7-14-5-2-1-3-6-14/h1-3,5-6,8-10,12-13,18-19H,4,7,11H2/b12-10+",302.4,CHEMBL3259974,10.1021/jm500258v,Antioxidant activity assessed as DPPH free radical scavenging effect after 30 mins by spectrophotometric analysis,4.84163750790475,O=S(C=Cc1ccc(O)c(O)c1)CCCc1ccccc1
356,"InChI=1S/C17H15NO2/c1-19-14-7-8-15(20-2)16-12(14)9-11-10-5-3-4-6-13(10)18-17(11)16/h3-8,18H,9H2,1-2H3",265.3,CHEMBL594224,10.1016/j.bmc.2009.07.077,Antioxidant activity assessed as DPPH radical scavenging activity 30 min (manual check),3.71049878843667,COc1ccc(OC)c2c1Cc1c-2[nH]c2ccccc12
1554,"InChI=1S/C30H31NO5/c1-5-7-8-27-29(30(32)21-10-13-23(33-3)14-11-21)24-18-22(12-16-25(24)36-27)31-19-20-9-15-26(35-6-2)28(17-20)34-4/h9-19H,5-8H2,1-4H3/b31-19+",485.6,CHEMBL4208893,10.1016/j.bmcl.2017.12.013,Antioxidant activity assessed as DPPH radical scavenging activity after 20 to 30 mins,4.51660424400839,CCCCc1oc2ccc(N=Cc3ccc(OCC)c(OC)c3)cc2c1C(=O)c1ccc(OC)cc1
1680,InChI=1S/C19H10F2O2/c20-13-7-12(8-14(21)9-13)18-10-17(22)16-6-5-11-3-1-2-4-15(11)19(16)23-18/h1-10H,308.3,CHEMBL4084903,10.1039/C8MD00512E,Antioxidant activity assessed as DPPH radical scavenging activity shaken for 1 min and incubated under dark condition for 30 mins by spectrophotometric analysis,5.50307035192678,O=c1cc(-c2cc(F)cc(F)c2)oc2c1ccc1ccccc12
365,"InChI=1S/C15H11NO/c17-10-6-5-9-7-13-11-3-1-2-4-14(11)16-15(13)12(9)8-10/h1-6,8,16-17H,7H2",221.3,CHEMBL611504,10.1016/j.bmc.2009.07.077,Antioxidant activity assessed as DPPH radical scavenging activity 30 min (manual check),3.90723085110687,Oc1ccc2c(c1)-c1[nH]c3ccccc3c1C2
177,"InChI=1S/C20H14Cl2N6O3S/c1-10-17(26-25-14-7-6-11(22)8-15(14)29)19(31)28(20(32)23-10)27-16(9-21)24-13-5-3-2-4-12(13)18(27)30/h2-8,17,29H,9H2,1H3/b26-25+",489.3,CHEMBL1800350,10.1016/j.bmcl.2011.05.031,Antioxidant activity against DPPH free radical assessed as compound able to consume half the initial amount of DPPH free radical after 30 to 60 mins by spectrophotometry,5.15490195998574,CC1=NC(=S)N(n2c(CCl)nc3ccccc3c2=O)C(=O)C1N=Nc1ccc(Cl)cc1O
1329,InChI=1S/C28H17NO3/c30-28(31-21-14-13-18-7-1-2-8-19(18)15-21)23-17-25(29-24-11-5-4-10-22(23)24)27-16-20-9-3-6-12-26(20)32-27/h1-17H,415.4,CHEMBL2281880,10.1007/s00044-012-0117-8,Antioxidant activity assessed as DPPH radical scavenging activity at 1 mg/ml after 30 min by spectrophotometric analysis,4.42534189384462,O=C(Oc1ccc2ccccc2c1)c1cc(-c2cc3ccccc3o2)nc2ccccc12
1401,"InChI=1S/C23H19IN4O3/c1-13-4-3-5-17-20(13)27-22(26-17)14-6-8-15(9-7-14)23(30)28-25-12-16-10-11-18(31-2)21(29)19(16)24/h3-12,29H,1-2H3,(H,26,27)(H,28,30)/b25-12+",526.3,CHEMBL3317793,10.1016/j.ejmech.2014.07.078,Antioxidant activity assessed as DPPH free radical scavenging activity incubated at 37 degC for 30 mins by microtiter plate reader based method,4.39663907565162,COc1ccc(C=NNC(=O)c2ccc(-c3nc4cccc(C)c4[nH]3)cc2)c(I)c1O
684,"InChI=1S/C19H23NO/c1-5-15-6-8-16(9-7-15)12-20-18-11-17(13(2)3)19(21)10-14(18)4/h6-13,21H,5H2,1-4H3/b20-12+",281.4,CHEMBL2316830,10.1016/j.bmcl.2012.12.001,Antioxidant activity assessed as DPPH radical scavenging activity in ethanol solution 30 min (manual check),4.11446840348144,CCc1ccc(C=Nc2cc(C(C)C)c(O)cc2C)cc1
67,"InChI=1S/C16H13N3O3S/c17-23(21,22)14-7-5-13(6-8-14)18-10-12-9-11-3-1-2-4-15(11)19-16(12)20/h1-10H,(H,19,20)(H2,17,21,22)/b18-10+",327.4,CHEMBL2312098,10.1016/j.bmcl.2012.11.006,Antioxidant activity assessed as DPPH scavenging activity after 30 mins by spectrophotometry,3.57588640453197,NS(=O)(=O)c1ccc(N=Cc2cc3ccccc3[nH]c2=O)cc1
2015,"InChI=1S/C19H16O5/c20-15-5-1-3-13(11-15)7-9-16(21)12-17(22)10-8-14-4-2-6-18(23)19(14)24/h1-11,20,23-24H,12H2/b9-7+,10-8+",324.3,CHEMBL4561007,10.1016/j.bmcl.2019.06.052,Antioxidant activity assessed as DPPH radical scavenging activity measured after 30 mins,4.53760200210104,O=C(C=Cc1cccc(O)c1)CC(=O)C=Cc1cccc(O)c1O
843,"InChI=1S/C31H42F2N2O2/c1-30(2,3)24-17-22(18-25(29(24)37)31(4,5)6)8-10-28(36)34-14-11-21-12-15-35(16-13-21)20-23-7-9-26(32)27(33)19-23/h7-10,17-19,21,37H,11-16,20H2,1-6H3,(H,34,36)/b10-8+",512.7,CHEMBL4281066,10.1016/j.ejmech.2018.08.005,Antioxidant activity assessed as DPPH radical scavenging activity measured after 30 mins incubation in dark by UV-Visible spectrophotometric analysis,4.18243463044022,CC(C)(C)c1cc(C=CC(=O)NCCC2CCN(Cc3ccc(F)c(F)c3)CC2)cc(C(C)(C)C)c1O
956,"InChI=1S/C29H32O13/c1-4-40-28(36)29(37)14-20(32)27(23(15-29)41-24(33)9-6-16-5-8-18(30)19(31)11-16)42-25(34)10-7-17-12-21(38-2)26(35)22(13-17)39-3/h5-13,20,23,27,30-32,35,37H,4,14-15H2,1-3H3/b9-6+,10-7+/t20-,23-,27-,29+/m1/s1",588.6,CHEMBL448070,10.1021/np050447r,Antioxidant activity assessed as DPPH free radical scavenging activity relative to control 30 min (manual check),4.98449042275282,CCOC(=O)C1(O)CC(O)C(OC(=O)C=Cc2cc(OC)c(O)c(OC)c2)C(OC(=O)C=Cc2ccc(O)c(O)c2)C1
1566,"InChI=1S/C25H26O7/c1-15(2)5-7-18-13-16(6-12-20(18)27)14-25(24(29)31-4)21(22(30-3)23(28)32-25)17-8-10-19(26)11-9-17/h5-6,8-13,26-27H,7,14H2,1-4H3/t25-/m1/s1",438.5,CHEMBL4204066,10.1016/j.bmcl.2017.12.049,Antioxidant activity assessed as DPPH radical scavenging activity incubated for 30 mins under dark condition,3.90326373953753,COC(=O)C1(Cc2ccc(O)c(CC=C(C)C)c2)OC(=O)C(OC)=C1c1ccc(O)cc1
1285,"InChI=1S/C20H18O5/c21-16-6-4-12(10-18(16)23)8-14-2-1-3-15(20(14)25)9-13-5-7-17(22)19(24)11-13/h4-11,21-24H,1-3H2/b14-8+,15-9+",338.4,CHEMBL129148,10.1007/s00044-010-9521-0,Antioxidant activity assessed as DPPH scavenging activity after 30 min by spectrophotometry,4.87712907713556,O=C1C(=Cc2ccc(O)c(O)c2)CCCC1=Cc1ccc(O)c(O)c1
1350,"InChI=1S/C16H24O8/c1-2-22-11-7-9(3-4-10(11)18)5-6-23-16-15(21)14(20)13(19)12(8-17)24-16/h3-4,7,12-21H,2,5-6,8H2,1H3/t12-,13+,14+,15-,16-/m1/s1",344.4,CHEMBL2281638,10.1007/s00044-012-0247-z,Antioxidant activity assessed as decrease in initial DPPH concentration after 30 min by MicroELISA reader analysis,4.11670528537211,CCOc1cc(CCOC2OC(CO)C(O)C(O)C2O)ccc1O
553,"InChI=1S/C13H10O4/c1-6-3-10(14)17-13-8(6)4-9-7(2)5-16-12(9)11(13)15/h3-5,15H,1-2H3",230.2,CHEMBL1165808,10.1016/j.ejmech.2010.02.044,Antioxidant activity assessed as DPPH radical scavenging activity measured up to 300 mins,3.92518355935483,Cc1coc2c(O)c3oc(=O)cc(C)c3cc12
1118,"InChI=1S/C21H26N2O6S/c1-30-9-7-15(23-20(28)12-14-3-5-17(25)19(27)11-14)21(29)22-8-6-13-2-4-16(24)18(26)10-13/h2-5,10-11,15,24-27H,6-9,12H2,1H3,(H,22,29)(H,23,28)/t15-/m0/s1",434.5,CHEMBL1949680,10.1016/j.ejmech.2012.02.018,Antioxidant activity assessed as DPPH free radical scavenging activity by UV-Vis spectrophotometry 30 min (manual check),4.16749108729376,CSCCC(NC(=O)Cc1ccc(O)c(O)c1)C(=O)NCCc1ccc(O)c(O)c1
768,"InChI=1S/C21H20N2O7/c1-22-6-8-23(9-7-22)21(28)29-13-4-2-12(3-5-13)16-10-14(24)18-17(30-16)11-15(25)19(26)20(18)27/h2-5,10-11,25-27H,6-9H2,1H3",412.4,CHEMBL3634647,10.1016/j.bmc.2015.09.047,Antioxidant activity assessed as DPPH radical scavenging by spectrophotometric analysis 30 min (manual check),4.72422809983507,CN1CCN(C(=O)Oc2ccc(-c3cc(=O)c4c(O)c(O)c(O)cc4o3)cc2)CC1
474,"InChI=1S/C18H12ClN3S2/c19-14-7-5-12(6-8-14)16-11-23-18(21-16)22-20-10-15-9-13-3-1-2-4-17(13)24-15/h1-11H,(H,21,22)/b20-10+",369.9,CHEMBL4519104,10.1016/j.ejmech.2019.111765,Antioxidant activity assessed as DPPH radical scavenging activity incubated for 30 mins under dark condition by Uv-vis spectrophotometric method,4.03810452633215,Clc1ccc(-c2csc(NN=Cc3cc4ccccc4s3)n2)cc1
594,"InChI=1S/C21H22N2O6/c1-22-6-8-23(9-7-22)11-14-18(26)20(28)19(27)17-15(25)10-16(29-21(14)17)12-2-4-13(24)5-3-12/h2-5,10,24,26-28H,6-9,11H2,1H3",398.4,CHEMBL2204080,10.1016/j.bmc.2012.10.015,Antioxidant activity assessed as inhibition of DPPH radical by spectrophotometric analysis using MTT assay method 30 min (manual check),4.488517711374,CN1CCN(Cc2c(O)c(O)c(O)c3c(=O)cc(-c4ccc(O)cc4)oc23)CC1
372,"InChI=1S/C17H11BrO3S/c1-20-13-5-2-10(3-6-13)16(19)14-9-11-8-12(18)4-7-15(11)21-17(14)22/h2-9H,1H3",375.2,CHEMBL1165359,10.1016/j.ejmech.2010.01.070,Antioxidant activity assessed as DPPH radical scavenging activity 30 min (manual check),2.52783400472624,COc1ccc(C(=O)c2cc3cc(Br)ccc3oc2=S)cc1
23,"InChI=1S/C19H18O5/c1-2-7-23-14-4-5-15-18(10-14)24-11-13(19(15)22)8-12-3-6-16(20)17(21)9-12/h3-6,8-10,20-21H,2,7,11H2,1H3/b13-8+",326.3,CHEMBL402922,10.1016/j.bmcl.2007.10.034,Antioxidant activity assessed as DPPH free radical scavenging activity  30 min (manual check),4.59448289302362,CCCOc1ccc2c(c1)OCC(=Cc1ccc(O)c(O)c1)C2=O
799,"InChI=1S/C13H13NO2/c15-11-5-3-4-10(8-11)9-14-12-6-1-2-7-13(12)16/h1-8,14-16H,9H2",215.3,CHEMBL3818106,10.1016/j.bmc.2016.06.012,Antioxidant activity assessed as DPPH free radical scavenging activity after 30 mins by spectrophotometry,5.23136189875239,Oc1cccc(CNc2ccccc2O)c1
50,"InChI=1S/C30H24N2O4/c31-25-13-7-8-14-26(25)32-18-23-15-29(33)36-28-17-24(34-19-21-9-3-1-4-10-21)16-27(30(23)28)35-20-22-11-5-2-6-12-22/h1-18H,19-20,31H2/b32-18-",476.5,CHEMBL1909915,10.1016/j.bmcl.2011.09.029,Antioxidant activity assessed as DPPH free radical scavenging activity after 30 mins by spectrophotometric analysis,3.50229650384796,Nc1ccccc1N=Cc1cc(=O)oc2cc(OCc3ccccc3)cc(OCc3ccccc3)c12
254,"InChI=1S/C38H40N2O8/c1-45-35-17-25(5-13-31(35)41)21-39(22-26-6-14-32(42)36(18-26)46-2)29-9-11-30(12-10-29)40(23-27-7-15-33(43)37(19-27)47-3)24-28-8-16-34(44)38(20-28)48-4/h5-20,41-44H,21-24H2,1-4H3",652.7,CHEMBL4277177,10.1016/j.ejmech.2017.11.072,Antioxidant activity assessed as DPPH radical scavenging activity after 30 mins,5.23657200643706,COc1cc(CN(Cc2ccc(O)c(OC)c2)c2ccc(N(Cc3ccc(O)c(OC)c3)Cc3ccc(O)c(OC)c3)cc2)ccc1O
132,"InChI=1S/C21H18N2O2S/c1-23-13-21(24,25-18-8-4-3-7-17(18)23)14-10-11-20-16(12-14)22-15-6-2-5-9-19(15)26-20/h2-12,22,24H,13H2,1H3",362.5,CHEMBL3234112,10.1021/jm401842e,Antioxidant activity assessed as DPPH radical scavenging activity after 30 mins,3.47237009912866,CN1CC(O)(c2ccc3c(c2)Nc2ccccc2S3)Oc2ccccc21
1917,"InChI=1S/C16H16O4S/c1-20-14-5-2-13(3-6-14)11-21(19)9-8-12-4-7-15(17)16(18)10-12/h2-10,17-18H,11H2,1H3/b9-8+",304.4,CHEMBL3259979,10.1021/jm500258v,Antioxidant activity assessed as DPPH free radical scavenging effect after 30 mins by spectrophotometric analysis,4.93930215964639,COc1ccc(CS(=O)C=Cc2ccc(O)c(O)c2)cc1
482,"InChI=1S/C18H12N4O2S2/c23-22(24)14-7-5-12(6-8-14)16-11-25-18(20-16)21-19-10-15-9-13-3-1-2-4-17(13)26-15/h1-11H,(H,20,21)/b19-10+",380.5,CHEMBL4519844,10.1016/j.ejmech.2019.111765,Antioxidant activity assessed as DPPH radical scavenging activity incubated for 30 mins under dark condition by Uv-vis spectrophotometric method,4.58838029403677,O=[N+]([O-])c1ccc(-c2csc(NN=Cc3cc4ccccc4s3)n2)cc1
1060,"InChI=1S/C18H21NO2/c1-12-9-17(21)14(18(2,3)4)10-15(12)19-11-13-7-5-6-8-16(13)20/h5-11,20-21H,1-4H3/b19-11+",283.4,CHEMBL2316857,10.1016/j.bmcl.2012.12.001,Antioxidant activity assessed as DPPH radical scavenging activity in chloroform solution 30 min (manual check),4.36240232052004,Cc1cc(O)c(C(C)(C)C)cc1N=Cc1ccccc1O
627,"InChI=1S/C16H18N2O/c1-11(2)14-9-16(19)12(3)8-15(14)18-10-13-6-4-5-7-17-13/h4-11,19H,1-3H3/b18-10+",254.3,CHEMBL2316816,10.1016/j.bmcl.2012.12.001,Antioxidant activity assessed as DPPH radical scavenging activity in ethanol solution 30 min (manual check),4.01795653383698,Cc1cc(N=Cc2ccccn2)c(C(C)C)cc1O
875,"InChI=1S/C15H12O4/c16-11-6-7-12(15(19)9-11)14(18)8-5-10-3-1-2-4-13(10)17/h1-9,16-17,19H/b8-5+",256.3,CHEMBL148472,10.1016/j.bmcl.2017.01.053,Antioxidant activity assessed as DPPH free radical scavenging activity incubated for 30 mins,3.89279003035213,O=C(C=Cc1ccccc1O)c1ccc(O)cc1O
1228,"InChI=1S/C18H11NO6/c20-14(10-7-11-5-8-12(9-6-11)19(23)24)16-17(21)13-3-1-2-4-15(13)25-18(16)22/h1-10,21H/b10-7+",337.3,CHEMBL2234256,10.1007/s00044-010-9326-1,Antioxidant activity assessed as DPPH free radical scavenging activity after 30 min,5.49349496759513,O=C(C=Cc1ccc([N+](=O)[O-])cc1)c1c(O)c2ccccc2oc1=O
1386,"InChI=1S/C33H42N4O6S/c1-43-29-20-22(17-18-28(29)38)19-26(35-30(39)23-11-5-2-6-12-23)31(40)36-27(21-44)32(41)37(25-15-9-4-10-16-25)33(42)34-24-13-7-3-8-14-24/h2,5-6,11-12,17-20,24-25,27,38,44H,3-4,7-10,13-16,21H2,1H3,(H,34,42)(H,35,39)(H,36,40)/b26-19+",622.8,CHEMBL3237206,10.1016/j.ejmech.2014.03.037,Antioxidant activity assessed as DPPH radical scavenging activity after 20 to 30 mins,4.0849168983488,COc1cc(C=C(NC(=O)c2ccccc2)C(=O)NC(CS)C(=O)N(C(=O)NC2CCCCC2)C2CCCCC2)ccc1O
280,"InChI=1S/C27H23NO9/c1-36-23-8-4-15(17-13-24(37-26(17)23)16-3-7-20(30)22(32)12-16)5-9-25(33)28-18(27(34)35)10-14-2-6-19(29)21(31)11-14/h2-9,11-13,18,29-32H,10H2,1H3,(H,28,33)(H,34,35)/b9-5+/t18-/m0/s1",505.5,CHEMBL4083271,10.1016/j.ejmech.2016.08.019,Antioxidant activity assessed as DPPH radical scavenging activity incubated for 30 mins under dark conditions by spectrophotometry,5.07824034727263,COc1ccc(C=CC(=O)NC(Cc2ccc(O)c(O)c2)C(=O)O)c2cc(-c3ccc(O)c(O)c3)oc12
1606,"InChI=1S/C18H19NO5/c1-24-17-11-12(3-6-15(17)21)4-7-18(23)19-9-8-13-2-5-14(20)16(22)10-13/h2-7,10-11,20-22H,8-9H2,1H3,(H,19,23)/b7-4+",329.4,CHEMBL202844,10.1021/acs.jnatprod.6b00720,Antioxidant activity assessed as DPPH radical scavenging activity incubated for 30 mins,4.51286162452281,COc1cc(C=CC(=O)NCCc2ccc(O)c(O)c2)ccc1O
1303,"InChI=1S/C18H18N2O/c1-13-14(2)20(16-9-11-17(21-3)12-10-16)18(19-13)15-7-5-4-6-8-15/h4-12H,1-3H3",278.4,CHEMBL2234937,10.1007/s00044-011-9702-5,Antioxidant activity assessed as DPPH scavenging activity after 30 min by spectrophotometry,4.88356784728947,COc1ccc(-n2c(-c3ccccc3)nc(C)c2C)cc1
901,"InChI=1S/C19H21N3O3S/c23-14-2-1-13(6-15(14)24)16-21-22-18(26-16)20-17(25)19-7-10-3-11(8-19)5-12(4-10)9-19/h1-2,6,10-12,23-24H,3-5,7-9H2,(H,20,22,25)",371.5,CHEMBL4104293,10.1016/j.bmcl.2017.07.003,Antioxidant activity assessed as DPPH radical scavenging activity after 30 mins in absence of light,4.74836177955179,O=C(Nc1nnc(-c2ccc(O)c(O)c2)s1)C12CC3CC(CC(C3)C1)C2
1865,"InChI=1S/C18H18O4/c1-13-2-4-14(5-3-13)10-11-22-18(21)9-7-15-6-8-16(19)17(20)12-15/h2-9,12,19-20H,10-11H2,1H3/b9-7+",298.3,CHEMBL2441914,10.1016/j.bmc.2013.08.057,Antioxidant activity assessed as DPPH radical scavenging activity after 30 mins by spectrophotometry,4.94692155651658,Cc1ccc(CCOC(=O)C=Cc2ccc(O)c(O)c2)cc1
572,"InChI=1S/C25H21N3O3S/c29-32(30,18-22-26-16-17-31-22)25-23(19-10-4-1-5-11-19)27-28(21-14-8-3-9-15-21)24(25)20-12-6-2-7-13-20/h1-15H,16-18H2",443.5,CHEMBL1829933,10.1016/j.ejmech.2011.08.010,Antioxidant activity assessed as DPPH free radical scavenging activity after 30 mins by spectrophotometric analysis,3.73054497189228,O=S(=O)(CC1=NCCO1)c1c(-c2ccccc2)nn(-c2ccccc2)c1-c1ccccc1
182,"InChI=1S/C21H17ClN6O4S/c1-11-18(26-25-12-7-8-16(32-2)15(29)9-12)20(31)28(21(33)23-11)27-17(10-22)24-14-6-4-3-5-13(14)19(27)30/h3-9,18,29H,10H2,1-2H3/b26-25+",484.9,CHEMBL1800355,10.1016/j.bmcl.2011.05.031,Antioxidant activity against DPPH free radical assessed as compound able to consume half the initial amount of DPPH free radical after 30 to 60 mins by spectrophotometry,5.52287874528034,COc1ccc(N=NC2C(=O)N(n3c(CCl)nc4ccccc4c3=O)C(=S)N=C2C)cc1O
1108,"InChI=1S/C13H15NO4S/c1-18-13(17)11(8-19)14-12(16)7-4-9-2-5-10(15)6-3-9/h2-7,11,15,19H,8H2,1H3,(H,14,16)/b7-4+/t11-/m0/s1",281.3,CHEMBL1950216,10.1016/j.ejmech.2012.02.018,Antioxidant activity assessed as DPPH free radical scavenging activity by UV-Vis spectrophotometry 30 min (manual check),3.82973828460504,COC(=O)C(CS)NC(=O)C=Cc1ccc(O)cc1
980,"InChI=1S/C23H26O10/c24-15-5-1-13(2-6-15)4-8-19(27)32-12-18-20(28)21(29)22(30)23(33-18)31-10-9-14-3-7-16(25)17(26)11-14/h1-8,11,18,20-26,28-30H,9-10,12H2/b8-4+/t18-,20-,21+,22-,23-/m1/s1",462.5,CHEMBL469622,10.1021/np0501233,Antioxidant activity assessed as DPPH free radical scavenging activity after 30 mins by TLC autographic assay,4.74472749489669,O=C(C=Cc1ccc(O)cc1)OCC1OC(OCCc2ccc(O)c(O)c2)C(O)C(O)C1O
1500,"InChI=1S/C18H16BrN3O3S/c19-11-4-5-13-10(8-11)9-12(17(24)25-13)14(23)15-16(20)21-18(26-15)22-6-2-1-3-7-22/h4-5,8-9H,1-3,6-7,20H2",434.3,CHEMBL4164276,10.1016/j.ejmech.2018.06.015,Antioxidant activity assessed as DPPH radical scavenging activity incubated for 30 mins under dark condition by spectrophotometric method,3.96940391267223,Nc1nc(N2CCCCC2)sc1C(=O)c1cc2cc(Br)ccc2oc1=O
740,"InChI=1S/C19H18N4O5/c24-14-8-11(9-15(25)18(14)27)10-20-23-17(26)7-3-6-16-21-13-5-2-1-4-12(13)19(28)22-16/h1-2,4-5,8-10,24-25,27H,3,6-7H2,(H,23,26)(H,21,22,28)/b20-10+",382.4,CHEMBL3397981,10.1016/j.bmcl.2015.01.010,Antioxidant activity assessed as DPPH scavenging activity after 30 mins by spectrophotometry,1.10790539730952,O=C(CCCc1nc2ccccc2c(=O)[nH]1)NN=Cc1cc(O)c(O)c(O)c1
800,"InChI=1S/C13H13NO2/c15-11-7-5-10(6-8-11)9-14-12-3-1-2-4-13(12)16/h1-8,14-16H,9H2",215.3,CHEMBL1333043,10.1016/j.bmc.2016.06.012,Antioxidant activity assessed as DPPH free radical scavenging activity after 30 mins by spectrophotometry,5.20273245916928,Oc1ccc(CNc2ccccc2O)cc1
1684,"InChI=1S/C13H11N3O3/c17-11-1-2-12(18)10(7-11)8-15-16-13(19)9-3-5-14-6-4-9/h1-8,17-18H,(H,16,19)/b15-8+",257.2,CHEMBL199452,10.1016/j.bmc.2020.115470,Antioxidant activity assessed as DPPH radical scavenging activity after 30 mins,4.73754891026957,O=C(NN=Cc1cc(O)ccc1O)c1ccncc1
679,"InChI=1S/C17H18ClNO/c1-11(2)15-9-16(12(3)8-17(15)20)19-10-13-4-6-14(18)7-5-13/h4-11,20H,1-3H3/b19-10+",287.8,CHEMBL2316835,10.1016/j.bmcl.2012.12.001,Antioxidant activity assessed as DPPH radical scavenging activity in ethanol solution 30 min (manual check),4.07689357922313,Cc1cc(O)c(C(C)C)cc1N=Cc1ccc(Cl)cc1
2036,"InChI=1S/C15H12O5/c16-10-3-6-13(18)11(8-10)12(17)4-1-9-2-5-14(19)15(20)7-9/h1-8,16,18-20H/b4-1+",272.3,CHEMBL125800,10.1016/j.bmcl.2019.06.052,Antioxidant activity assessed as DPPH radical scavenging activity measured after 30 mins,4.4089353929735,O=C(C=Cc1ccc(O)c(O)c1)c1cc(O)ccc1O
21,"InChI=1S/C16H12O5/c17-11-2-3-12-15(7-11)21-8-10(16(12)20)5-9-1-4-13(18)14(19)6-9/h1-7,17-19H,8H2/b10-5+",284.3,CHEMBL249002,10.1016/j.bmcl.2007.10.034,Antioxidant activity assessed as DPPH free radical scavenging activity  30 min (manual check),4.45593195564972,O=C1C(=Cc2ccc(O)c(O)c2)COc2cc(O)ccc21
154,"InChI=1S/C18H15N3O/c1-13-17(15-10-8-14(12-19)9-11-15)18(22-2)21(20-13)16-6-4-3-5-7-16/h3-11H,1-2H3",289.3,CHEMBL3794165,10.1016/j.bmcl.2016.03.024,Antioxidant activity assessed as DPPH free radical scavenging activity incubated for 30 mins in dark condition by spectrophotometric method,3.8383059994016,COc1c(-c2ccc(C#N)cc2)c(C)nn1-c1ccccc1
1535,"InChI=1S/C12H17N3O3/c1-8-3-2-4-9(7-8)14-15-11(16)6-5-10(13)12(17)18/h2-4,7,10,14H,5-6,13H2,1H3,(H,15,16)(H,17,18)/t10-/m0/s1",251.3,CHEMBL4208730,10.1016/j.bmcl.2017.11.012,Antioxidant activity assessed as DPPH radical scavenging activity incubated under dark condition for 30 mins by spectrophotometric analysis,4.39587111480993,Cc1cccc(NNC(=O)CCC(N)C(=O)O)c1
1467,"InChI=1S/C16H11Cl3N4O3/c17-11-5-14(18)16(15(19)6-11)26-9-12-8-22(21-20-12)7-10-2-1-3-13(4-10)23(24)25/h1-6,8H,7,9H2",413.6,CHEMBL3741645,10.1039/C5MD00057B,Antioxidant activity assessed as DPPH radical scavenging activity after 30 mins by spectrophotometric analysis,4.15119767863747,O=[N+]([O-])c1cccc(Cn2cc(COc3c(Cl)cc(Cl)cc3Cl)nn2)c1
2103,"InChI=1S/C29H39N3O2/c1-9-29(7,8)26-22(16-24-28(34)30-19(6)27(33)32-24)25-21(14-11-18(4)5)20(12-10-17(2)3)13-15-23(25)31-26/h9-11,13,15,19,24,31H,1,12,14,16H2,2-8H3,(H,30,34)(H,32,33)/t19-,24-/m0/s1",461.7,CHEMBL400767,10.1021/np070208z,DPPH radical scavenging activity 30 min (manual check),3.20551195334083,C=CC(C)(C)c1[nH]c2ccc(CC=C(C)C)c(CC=C(C)C)c2c1CC1NC(=O)C(C)NC1=O
1067,"InChI=1S/C26H18ClN5/c1-13-6-9-21-17(10-13)15-7-8-16-22(19(12-28)26(29)32-24(16)23(15)30-21)18-11-14-4-2-3-5-20(14)31-25(18)27/h2-6,9-11,30H,7-8H2,1H3,(H2,29,32)",435.9,CHEMBL1910958,10.1016/j.ejmech.2011.09.024,Antioxidant activity assessed as DPPH radical scavenging activity after 30 mins by micro plate reader,3.42701279781702,Cc1ccc2[nH]c3c(c2c1)CCc1c-3nc(N)c(C#N)c1-c1cc2ccccc2nc1Cl
1132,"InChI=1S/C13H11NO2/c15-12-5-1-10(2-6-12)9-14-11-3-7-13(16)8-4-11/h1-9,15-16H/b14-9+",213.2,CHEMBL1091628,10.1016/j.bmcl.2012.06.026,Antioxidant activity assessed as DPPH scavenging activity after 30 mins by microplate reader method,4.02548830726267,Oc1ccc(C=Nc2ccc(O)cc2)cc1
2099,"InChI=1S/C29H39N3O2/c1-9-29(7,8)26-23(16-24-28(34)30-19(6)27(33)31-24)22-15-20(12-10-17(2)3)14-21(25(22)32-26)13-11-18(4)5/h9-11,14-15,19,24,32H,1,12-13,16H2,2-8H3,(H,30,34)(H,31,33)/t19-,24-/m0/s1",461.7,CHEMBL251450,10.1021/np070208z,DPPH radical scavenging activity 30 min (manual check),3.24488773360493,C=CC(C)(C)c1[nH]c2c(CC=C(C)C)cc(CC=C(C)C)cc2c1CC1NC(=O)C(C)NC1=O
219,"InChI=1S/C19H14N2O5/c22-15-6-4-11(5-7-15)13-9-16(18-17(10-13)20-26-19(18)23)12-2-1-3-14(8-12)21(24)25/h1-8,10,16,18,22H,9H2",350.3,CHEMBL3356237,10.1016/j.bmc.2014.10.015,Antioxidant activity assessed as DPPH radical scavenging activity after 30 mins by spectrophotometry,3.238766391648,O=C1ON=C2C=C(c3ccc(O)cc3)CC(c3cccc([N+](=O)[O-])c3)C12
1319,"InChI=1S/C20H22O6/c1-23-17-7-11(3-5-15(17)21)19-13-9-26-20(14(13)10-25-19)12-4-6-16(22)18(8-12)24-2/h3-8,13-14,19-22H,9-10H2,1-2H3/t13-,14-,19+,20+/m1/s1",358.4,CHEMBL267963,10.1007/s00044-009-9217-5,Antioxidant activity assessed as DPPH radical scavenging activity after 30 min,4.61685010897274,COc1cc(C2OCC3C(c4ccc(O)c(OC)c4)OCC23)ccc1O
1145,"InChI=1S/C21H24O6/c1-21(2,25)18-10-14-16(27-18)11-17(26-3)19(20(14)24)15(23)9-6-12-4-7-13(22)8-5-12/h4-5,7-8,11,18,22,24-25H,6,9-10H2,1-3H3",372.4,CHEMBL2337359,10.1016/j.bmc.2013.01.026,Antioxidant activity assessed as concentration required for 50 % inhibition of micoM DPPH activity after 30 mins by UV-vis spectrophotometry,4.68951910853732,COc1cc2c(c(O)c1C(=O)CCc1ccc(O)cc1)CC(C(C)(C)O)O2
2090,"InChI=1S/C14H8Br6O4/c15-5-3(7(17)11(21)13(23)9(5)19)1-2-4-6(16)10(20)14(24)12(22)8(4)18/h21-24H,1-2H2",719.6,CHEMBL387516,10.1021/np070061b,DPPH radical scavenging activity 30 min (manual check),4.99139982823808,Oc1c(O)c(Br)c(CCc2c(Br)c(O)c(O)c(Br)c2Br)c(Br)c1Br
1779,"InChI=1S/C42H57NO3/c1-26-11-9-13-37-39(26,5)19-17-28(3)41(37,7)24-30-21-32(15-16-34(30)44)43-33-23-35(45)31(22-36(33)46)25-42(8)29(4)18-20-40(6)27(2)12-10-14-38(40)42/h15-16,21-23,28-29,37-38,43-44H,1-2,9-14,17-20,24-25H2,3-8H3/t28-,29-,37+,38+,39-,40-,41+,42+/m0/s1",623.9,CHEMBL1097920,10.1021/np1000285,Antioxidant activity assessed as DPPH radical scavenging activity after 30 mins,4.45593195564972,C=C1CCCC2C1(C)CCC(C)C2(C)CC1=CC(=O)C(Nc2ccc(O)c(CC3(C)C(C)CCC4(C)C(=C)CCCC43)c2)=CC1=O
721,"InChI=1S/C18H15ClN4O2/c19-13-7-5-12(6-8-13)11-20-23-17(24)10-9-16-21-15-4-2-1-3-14(15)18(25)22-16/h1-8,11H,9-10H2,(H,23,24)(H,21,22,25)/b20-11+",354.8,CHEMBL3397963,10.1016/j.bmcl.2015.01.010,Antioxidant activity assessed as DPPH scavenging activity after 30 mins by spectrophotometry,0.419075024324381,O=C(CCc1nc2ccccc2c(=O)[nH]1)NN=Cc1ccc(Cl)cc1
209,"InChI=1S/C19H15N3O3/c23-19-18-16(13-7-4-8-15(9-13)22(24)25)10-14(11-17(18)20-21-19)12-5-2-1-3-6-12/h1-9,11,16,18H,10H2,(H,21,23)",333.3,CHEMBL3356227,10.1016/j.bmc.2014.10.015,Antioxidant activity assessed as DPPH radical scavenging activity after 30 mins by spectrophotometry,3.5292668308708,O=C1NN=C2C=C(c3ccccc3)CC(c3cccc([N+](=O)[O-])c3)C12
353,"InChI=1S/C16H13NO/c1-18-11-6-7-12-10(8-11)9-14-13-4-2-3-5-15(13)17-16(12)14/h2-8,17H,9H2,1H3",235.3,CHEMBL610455,10.1016/j.bmc.2009.07.077,Antioxidant activity assessed as DPPH radical scavenging activity 30 min (manual check),3.79424503525901,COc1ccc2c(c1)Cc1c-2[nH]c2ccccc12
579,"InChI=1S/C41H62O15/c1-19-8-13-41(36(52)56-34-30(48)27(45)26(44)22(17-42)53-34)15-14-39(4)20(21(41)16-19)6-7-24-37(2)11-10-25(38(3,18-43)23(37)9-12-40(24,39)5)54-35-31(49)28(46)29(47)32(55-35)33(50)51/h6,21-32,34-35,42-49H,1,7-18H2,2-5H3,(H,50,51)/t21-,22+,23+,24+,25-,26+,27-,28-,29-,30+,31+,32-,34-,35+,37-,38-,39+,40+,41-/m0/s1",794.9,CHEMBL2043374,10.1016/j.bmcl.2012.05.017,Antioxidant activity assessed as DPPH radical scavenging activity after 30 mins by spectrophotometry,3.4089353929735,C=C1CCC2(C(=O)OC3OC(CO)C(O)C(O)C3O)CCC3(C)C(=CCC4C5(C)CCC(OC6OC(C(=O)O)C(O)C(O)C6O)C(C)(CO)C5CCC43C)C2C1
1819,"InChI=1S/C15H10F2N2S/c16-11-5-1-9(2-6-11)13-14(19-15(20)18-13)10-3-7-12(17)8-4-10/h1-8H,(H2,18,19,20)",288.3,CHEMBL2207974,10.1016/j.bmc.2012.09.050,Antioxidant activity of compound assessed as DPPH radical scavenging activity by colorimetric method 30 min (manual check),3.84436036624022,Fc1ccc(-c2[nH]c(=S)[nH]c2-c2ccc(F)cc2)cc1
904,"InChI=1S/C15H11N3O3S.H2O/c19-11-7-6-10(8-12(11)20)14-17-18-15(22-14)16-13(21)9-4-2-1-3-5-9;/h1-8,19-20H,(H,16,18,21);1H2",331.4,CHEMBL4065101,10.1016/j.bmcl.2017.07.003,Antioxidant activity assessed as DPPH radical scavenging activity after 30 mins in absence of light,4.63096977819085,O=C(Nc1nnc(-c2ccc(O)c(O)c2)s1)c1ccccc1
1784,"InChI=1S/C24H32N2O6/c1-31-21-15-17(5-9-19(21)27)7-11-23(29)25-13-3-4-14-26-24(30)12-8-18-6-10-20(28)22(16-18)32-2/h5-6,9-10,15-16,27-28H,3-4,7-8,11-14H2,1-2H3,(H,25,29)(H,26,30)",444.5,CHEMBL1950103,10.1021/np200734p,Antioxidant activity assessed as DPPH free radical scavenging activity after 30 mins,4.94309514866353,COc1cc(CCC(=O)NCCCCNC(=O)CCc2ccc(O)c(OC)c2)ccc1O
1759,"InChI=1S/C15H16O4/c1-19-15-8-10(4-5-14(15)18)2-3-11-6-12(16)9-13(17)7-11/h4-9,16-18H,2-3H2,1H3",260.3,CHEMBL471504,10.1016/j.bmc.2009.02.057,Antioxidant activity assessed as DPPH radical scavenging activity after 30 mins by microplate reader assay,3.8689315046311,COc1cc(CCc2cc(O)cc(O)c2)ccc1O
600,"InChI=1S/C40H48O12/c1-2-3-4-5-6-7-8-9-10-11-12-13-14-15-16-17-18-21-49-25-32-34(45)36(47)37(48)40(51-32)52-39-35(46)33-30(44)23-27(41)24-31(33)50-38(39)26-19-20-28(42)29(43)22-26/h3-4,6-7,9-10,12-13,15-16,19-20,22-24,32,34,36-37,40-45,47-48H,2,5,8,11,14,17-18,21,25H2,1H3/b4-3-,7-6-,10-9-,13-12-,16-15-/t32-,34-,36+,37-,40+/m1/s1",720.8,CHEMBL2316179,10.1016/j.bmc.2012.11.034,Antioxidant activity assessed as DPPH radical scavenging activity 30 min (manual check),4.43238555726916,CCC=CCC=CCC=CCC=CCC=CCCCOCC1OC(Oc2c(-c3ccc(O)c(O)c3)oc3cc(O)cc(O)c3c2=O)C(O)C(O)C1O
2121,"InChI=1S/C14H13ClO5/c15-13-10(12(19)5-8(6-16)14(13)20)4-7-3-9(17)1-2-11(7)18/h1-3,5,16-20H,4,6H2",296.7,CHEMBL258424,10.1021/np070421v,DPPH radical scavenging activity 30 min (manual check),5.38721614328026,OCc1cc(O)c(Cc2cc(O)ccc2O)c(Cl)c1O
1236,"InChI=1S/C20H23N3O4/c1-3-5-10-21-18-13-8-7-9-14-17(13)15(12-16(18)23(26)27)20(25)22(19(14)24)11-6-4-2/h7-9,12,21H,3-6,10-11H2,1-2H3",369.4,CHEMBL2234768,10.1007/s00044-010-9384-4,Antioxidant activity assessed as DPPH radical scavenging activity 30 min (manual check),3.66816795556375,CCCCNc1c([N+](=O)[O-])cc2c3c(cccc13)C(=O)N(CCCC)C2=O
559,"InChI=1S/C21H13FN4O/c22-13-7-5-12(6-8-13)19-15(9-23)20(27-21(25)16(19)10-24)17-11-26-18-4-2-1-3-14(17)18/h1-8,11,19,26H,25H2",356.4,CHEMBL1222633,10.1016/j.bmcl.2010.07.039,Antioxidant activity assessed as DPPH radical scavenging activity 30 min (manual check),2.59715988609825,N#CC1=C(N)OC(c2c[nH]c3ccccc23)=C(C#N)C1c1ccc(F)cc1
185,"InChI=1S/C16H18O3/c1-3-12(13-6-4-5-7-14(13)17)11-8-9-15(18)16(10-11)19-2/h4-10,12,17-18H,3H2,1-2H3",258.3,CHEMBL1828657,10.1016/j.ejmech.2011.07.041,Antioxidant activity assessed as residual DPPH radical scavenging activity after 30 mins by spectrophotometric analysis,5.10623823794206,CCC(c1ccc(O)c(OC)c1)c1ccccc1O
1431,"InChI=1S/C20H21NO5/c1-4-26-14-7-5-6-13(10-14)21-20(23)16-8-12-9-17(24-2)18(25-3)11-15(12)19(16)22/h5-7,9-11,16H,4,8H2,1-3H3,(H,21,23)",355.4,CHEMBL3633485,10.1016/j.bmcl.2015.10.051,Antioxidant activity assessed as DPPH scavenging activity at 10 to 60 ug/ml after 30 mins,3.89856781806763,CCOc1cccc(NC(=O)C2Cc3cc(OC)c(OC)cc3C2=O)c1
1382,"InChI=1S/C33H42N4O5S/c1-42-27-19-17-23(18-20-27)21-28(35-30(38)24-11-5-2-6-12-24)31(39)36-29(22-43)32(40)37(26-15-9-4-10-16-26)33(41)34-25-13-7-3-8-14-25/h2,5-6,11-12,17-21,25-26,29,43H,3-4,7-10,13-16,22H2,1H3,(H,34,41)(H,35,38)(H,36,39)/b28-21+",606.8,CHEMBL3237202,10.1016/j.ejmech.2014.03.037,Antioxidant activity assessed as DPPH radical scavenging activity after 20 to 30 mins,4.05227227303668,COc1ccc(C=C(NC(=O)c2ccccc2)C(=O)NC(CS)C(=O)N(C(=O)NC2CCCCC2)C2CCCCC2)cc1
19,"InChI=1S/C19H18O6/c1-22-13-4-5-14-15(9-13)25-10-12(18(14)20)6-11-7-16(23-2)19(21)17(8-11)24-3/h4-9,21H,10H2,1-3H3/b12-6+",342.3,CHEMBL249186,10.1016/j.bmcl.2007.10.034,Antioxidant activity assessed as DPPH free radical scavenging activity  30 min (manual check),4.51201366887061,COc1ccc2c(c1)OCC(=Cc1cc(OC)c(O)c(OC)c1)C2=O
1239,"InChI=1S/C16H15N3O6/c20-6-4-17-14-9-2-1-3-10-13(9)11(8-12(14)19(24)25)16(23)18(5-7-21)15(10)22/h1-3,8,17,20-21H,4-7H2",345.3,CHEMBL2234765,10.1007/s00044-010-9384-4,Antioxidant activity assessed as DPPH radical scavenging activity 30 min (manual check),3.63695240547891,O=C1c2cccc3c(NCCO)c([N+](=O)[O-])cc(c23)C(=O)N1CCO
2106,"InChI=1S/C25H31N3O3/c1-8-24(4,5)21-18(14-20-22(29)28-25(6,31-7)23(30)27-20)17-13-16(10-9-15(2)3)11-12-19(17)26-21/h8-9,11-14,26H,1,10H2,2-7H3,(H,27,30)(H,28,29)/b20-14-",421.5,CHEMBL400171,10.1021/np070208z,DPPH radical scavenging activity 30 min (manual check),4.10237290870956,C=CC(C)(C)c1[nH]c2ccc(CC=C(C)C)cc2c1C=C1NC(=O)C(C)(OC)NC1=O
644,"InChI=1S/C19H23NO/c1-5-15-6-8-16(9-7-15)12-20-18-10-14(4)19(21)11-17(18)13(2)3/h6-13,21H,5H2,1-4H3/b20-12+",281.4,CHEMBL2316818,10.1016/j.bmcl.2012.12.001,Antioxidant activity assessed as DPPH radical scavenging activity in ethanol solution 30 min (manual check),4.0455174825513,CCc1ccc(C=Nc2cc(C)c(O)cc2C(C)C)cc1
773,"InChI=1S/C21H21NO7/c23-15-11-17(29-18-12-16(24)20(25)21(26)19(15)18)13-1-3-14(4-2-13)28-10-7-22-5-8-27-9-6-22/h1-4,11-12,24-26H,5-10H2",399.4,CHEMBL3634652,10.1016/j.bmc.2015.09.047,Antioxidant activity assessed as DPPH radical scavenging by spectrophotometric analysis 30 min (manual check),3.57905459407803,O=c1cc(-c2ccc(OCCN3CCOCC3)cc2)oc2cc(O)c(O)c(O)c12
1747,"InChI=1S/C24H26O7/c1-9(13(5)29-8-25)18-12(4)21(27)20-23-19-16(31-24(20)22(18)28)7-15(26)11(3)17(19)10(2)14(6)30-23/h7-10,13-14,23,26H,1-6H3/t9-,10-,13-,14-,23-/m1/s1",426.5,CHEMBL464673,10.1021/np0704708,Antioxidant activity assessed as DPPH free radical scavenging activity after 30 mins,4.23136189875239,CC1=C(C(C)C(C)OC=O)C(=O)C2=C(C1=O)C1OC(C)C(C)c3c(C)c(O)cc(c31)O2
1178,"InChI=1S/C26H27NO6/c1-5-30-25(28)22-16(3)27(19-10-8-7-9-11-19)17(4)23(26(29)31-6-2)24(22)18-12-13-20-21(14-18)33-15-32-20/h7-14,24H,5-6,15H2,1-4H3",449.5,CHEMBL2413655,10.1016/j.ejmech.2013.06.006,Antioxidant activity assessed as DPPH free radical scavenging activity under dark condition after 30 mins,3.00632596984618,CCOC(=O)C1=C(C)N(c2ccccc2)C(C)=C(C(=O)OCC)C1c1ccc2c(c1)OCO2
1785,"InChI=1S/C27H37N3O5/c1-21(31)28-17-2-3-19-30(27(35)16-10-23-7-13-25(33)14-8-23)20-4-18-29-26(34)15-9-22-5-11-24(32)12-6-22/h5-8,11-14,32-33H,2-4,9-10,15-20H2,1H3,(H,28,31)(H,29,34)",483.6,CHEMBL1950104,10.1021/np200734p,Antioxidant activity assessed as DPPH free radical scavenging activity after 30 mins,4.45469288353418,CC(=O)NCCCCN(CCCNC(=O)CCc1ccc(O)cc1)C(=O)CCc1ccc(O)cc1
1694,"InChI=1S/C27H29NO5/c1-28(18-19-9-8-10-20(29)15-19)13-6-2-3-7-14-32-21-16-23(30)26-25(17-21)33-24-12-5-4-11-22(24)27(26)31/h4-5,8-12,15-17,29-30H,2-3,6-7,13-14,18H2,1H3",447.5,CHEMBL4778435,10.1016/j.ejmech.2021.113154,Antioxidant activity assessed as DPPH radical scavenging activity incubated for 30 mins under dark condition,3.14984407757791,CN(CCCCCCOc1cc(O)c2c(=O)c3ccccc3oc2c1)Cc1cccc(O)c1
1106,"InChI=1S/C12H15NO5S/c1-18-12(17)8(6-19)13-11(16)5-7-2-3-9(14)10(15)4-7/h2-4,8,14-15,19H,5-6H2,1H3,(H,13,16)/t8-/m0/s1",285.3,CHEMBL1950214,10.1016/j.ejmech.2012.02.018,Antioxidant activity assessed as DPPH free radical scavenging activity by UV-Vis spectrophotometry 30 min (manual check),4.53760200210104,COC(=O)C(CS)NC(=O)Cc1ccc(O)c(O)c1
2008,"InChI=1S/C30H20N4O5/c1-39-25-8-4-5-20(27(25)35)16-31-33-26-22-15-19(17-9-11-18(12-10-17)30(37)38)13-14-24(22)34-28(26)32-23-7-3-2-6-21(23)29(34)36/h2-16,35H,1H3,(H,37,38)/b31-16+,33-26-",516.5,CHEMBL4092166,10.1016/j.bmcl.2017.08.064,Antioxidant activity assessed as DPPH radical scavenging activity incubated for 30 mins under dark condition by UV-vis spectrophotometric method,5.27490547891853,COc1cccc(C=NN=C2c3cc(-c4ccc(C(=O)O)cc4)ccc3-n3c2nc2ccccc2c3=O)c1O
333,"InChI=1S/C18H16O6/c19-7-1-2-11-3-6-15-16(8-11)23-17(10-20)18(24-15)12-4-5-13(21)14(22)9-12/h1-9,17-18,20-22H,10H2/b2-1+/t17-,18-/m0/s1",328.3,CHEMBL482240,10.1021/np0495985,Antioxidant activity assessed as DPPH radical scavenging activity after 30 mins,4.77211329538633,O=CC=Cc1ccc2c(c1)OC(CO)C(c1ccc(O)c(O)c1)O2
914,"InChI=1S/C15H10ClN3O3S.2H2O/c16-9-6-4-8(5-7-9)13(22)17-15-19-18-14(23-15)10-2-1-3-11(20)12(10)21;;/h1-7,20-21H,(H,17,19,22);2*1H2",383.8,CHEMBL4068406,10.1016/j.bmcl.2017.07.003,Antioxidant activity assessed as DPPH radical scavenging activity after 30 mins in absence of light,4.52042468982501,O=C(Nc1nnc(-c2cccc(O)c2O)s1)c1ccc(Cl)cc1
1748,"InChI=1S/C23H26O5/c1-8-12(5)26-21-18-15(7-14(24)10(3)16(8)18)28-23-19(21)20(25)11(4)17-9(2)13(6)27-22(17)23/h7-9,12-13,21,24-25H,1-6H3/t8-,9-,12-,13-,21-/m1/s1",382.5,CHEMBL457490,10.1021/np0704708,Antioxidant activity assessed as DPPH free radical scavenging activity after 30 mins,4.57186520597121,Cc1c(O)c2c(c3c1C(C)C(C)O3)Oc1cc(O)c(C)c3c1C2OC(C)C3C
257,"InChI=1S/C21H29NO7/c1-26-16-8-14(9-17(27-2)20(16)24)12-22(6-5-7-23)13-15-10-18(28-3)21(25)19(11-15)29-4/h8-11,23-25H,5-7,12-13H2,1-4H3",407.5,CHEMBL4293787,10.1016/j.ejmech.2017.11.072,Antioxidant activity assessed as DPPH radical scavenging activity after 30 mins,4.9100948885606,COc1cc(CN(CCCO)Cc2cc(OC)c(O)c(OC)c2)cc(OC)c1O
41,"InChI=1S/C32H40N2O6/c1-31(2,3)24-14-20(15-25(28(24)35)32(4,5)6)18-33-34-30(36)22-10-12-23(13-11-22)40-19-21-16-26(37-7)29(39-9)27(17-21)38-8/h10-18,35H,19H2,1-9H3,(H,34,36)/b33-18+",548.7,CHEMBL3634154,10.1016/j.ejmech.2015.09.016,Antioxidant activity assessed as DPPH radical scavenging activity measured as discoloration incubated for 30 mins in dark,3.94694327069783,COc1cc(COc2ccc(C(=O)NN=Cc3cc(C(C)(C)C)c(O)c(C(C)(C)C)c3)cc2)cc(OC)c1OC
1891,"InChI=1S/C16H13N3O4/c1-19-12-6-8(7-20)5-10(16(22)23)13(12)18-11-4-2-3-9(14(11)19)15(17)21/h2-7,18H,1H3,(H2,17,21)(H,22,23)",311.3,CHEMBL3109427,10.1021/np400952d,Antioxidant activity assessed as DPPH radical scavenging activity 30 min (manual check),4.72584215073632,CN1c2cc(C=O)cc(C(=O)O)c2Nc2cccc(C(N)=O)c21
517,"InChI=1S/C26H32N2O9/c1-2-12-15(9-18-20-14(7-8-27-18)13-5-3-4-6-17(13)28-20)16(24(33)34)11-35-25(12)37-26-23(32)22(31)21(30)19(10-29)36-26/h2-6,11-12,15,18-19,21-23,25-32H,1,7-10H2,(H,33,34)/t12?,15?,18-,19+,21+,22-,23+,25-,26-/m0/s1",516.5,CHEMBL528546,10.1021/np049863m,Antioxidant activity assessed as DPPH radical scavenging activity 30 min (manual check),4.30364361126667,C=CC1C(OC2OC(CO)C(O)C(O)C2O)OC=C(C(=O)O)C1CC1NCCc2c1[nH]c1ccccc21
2083,"InChI=1S/C7H3Br3O3/c8-3-2(1-11)4(9)6(12)7(13)5(3)10/h1,12-13H",374.8,CHEMBL374606,10.1021/np070061b,DPPH radical scavenging activity 30 min (manual check),4.60730304674033,O=Cc1c(Br)c(O)c(O)c(Br)c1Br
1577,"InChI=1S/C14H21N5O6S/c15-8(1-2-11(20)21)12(22)19-10(5-26)13(23)18-9(14(24)25)3-7-4-16-6-17-7/h4,6,8-10,26H,1-3,5,15H2,(H,16,17)(H,18,23)(H,19,22)(H,20,21)(H,24,25)/t8-,9-,10-/m0/s1",387.4,CHEMBL4211968,10.1039/C6MD00006A,Antioxidant activity assessed as DPPH radical scavenging activity incubated for 30 mins under dark condition by spectrophotometric method,3.95860731484178,NC(CCC(=O)O)C(=O)NC(CS)C(=O)NC(Cc1cnc[nH]1)C(=O)O
261,"InChI=1S/C21H29NO5/c1-26-20-12-16(6-8-18(20)24)14-22(10-4-3-5-11-23)15-17-7-9-19(25)21(13-17)27-2/h6-9,12-13,23-25H,3-5,10-11,14-15H2,1-2H3",375.5,CHEMBL4289997,10.1016/j.ejmech.2017.11.072,Antioxidant activity assessed as DPPH radical scavenging activity after 30 mins,4.61978875828839,COc1cc(CN(CCCCCO)Cc2ccc(O)c(OC)c2)ccc1O
52,"InChI=1S/C30H23NO5/c32-25-13-11-24(12-14-25)31-18-23-15-29(33)36-28-17-26(34-19-21-7-3-1-4-8-21)16-27(30(23)28)35-20-22-9-5-2-6-10-22/h1-18,32H,19-20H2/b31-18-",477.5,CHEMBL1909917,10.1016/j.bmcl.2011.09.029,Antioxidant activity assessed as DPPH free radical scavenging activity after 30 mins by spectrophotometric analysis,5.1605219526258,O=c1cc(C=Nc2ccc(O)cc2)c2c(OCc3ccccc3)cc(OCc3ccccc3)cc2o1
866,"InChI=1S/C22H21NO5/c24-17-7-5-15(12-19(17)26)20-13-16-14(4-8-18(25)22(16)28-20)6-9-21(27)23-10-2-1-3-11-23/h4-9,12-13,24-26H,1-3,10-11H2/b9-6+",379.4,CHEMBL4293784,10.1016/j.ejmech.2018.01.096,Antioxidant activity assessed as DPPH radical scavenging activity after 30 mins by spectrophotometric analysis,5.1791420105603,O=C(C=Cc1ccc(O)c2oc(-c3ccc(O)c(O)c3)cc12)N1CCCCC1
1207,"InChI=1S/C19H12O6/c20-13-3-6-16-12(8-13)9-14(19(22)25-16)15(21)4-1-11-2-5-17-18(7-11)24-10-23-17/h1-9,20H,10H2/b4-1+",336.3,CHEMBL2425221,10.1016/j.ejmech.2013.07.014,Antioxidant activity assessed as DPPH free radical scavenging activity after 30 mins,3.31875876262441,O=C(C=Cc1ccc2c(c1)OCO2)c1cc2cc(O)ccc2oc1=O
1587,"InChI=1S/C25H19N3O4S/c1-15-2-7-17(8-3-15)20(29)12-6-16-4-9-18(10-5-16)23(32)26-25-28-27-24(33-25)19-11-13-21(30)22(31)14-19/h2-14,30-31H,1H3,(H,26,28,32)/b12-6+",457.5,CHEMBL4278395,10.1039/C8MD00316E,Antioxidant activity assessed as DPPH free radical scavenging activity after 30 mins,4.92775010238649,Cc1ccc(C(=O)C=Cc2ccc(C(=O)Nc3nnc(-c4ccc(O)c(O)c4)s3)cc2)cc1
550,"InChI=1S/C34H44O19/c1-14-24(41)27(44)31(53-32-28(45)25(42)21(39)12-49-32)34(50-14)52-30-26(43)22(13-48-23(40)7-4-15-2-5-17(35)19(37)10-15)51-33(29(30)46)47-9-8-16-3-6-18(36)20(38)11-16/h2-7,10-11,14,21-22,24-39,41-46H,8-9,12-13H2,1H3/b7-4+/t14-,21-,22+,24-,25+,26+,27+,28+,29+,30-,31+,32-,33+,34-/m0/s1",756.7,CHEMBL595333,10.1016/j.bmc.2009.07.065,Antioxidant activity assessed as DPPH radical scavenging activity after 30 mins by spectrophotometry,4.41680122603138,CC1OC(OC2C(O)C(COC(=O)C=Cc3ccc(O)c(O)c3)OC(OCCc3ccc(O)c(O)c3)C2O)C(OC2OCC(O)C(O)C2O)C(O)C1O
1816,"InChI=1S/C15H11ClN2S/c16-12-8-6-11(7-9-12)14-13(17-15(19)18-14)10-4-2-1-3-5-10/h1-9H,(H2,17,18,19)",286.8,CHEMBL2207964,10.1016/j.bmc.2012.09.050,Antioxidant activity of compound assessed as DPPH radical scavenging activity by colorimetric method 30 min (manual check),4.5185573714977,S=c1[nH]c(-c2ccccc2)c(-c2ccc(Cl)cc2)[nH]1
2102,"InChI=1S/C24H31N3O4/c1-7-23(3,4)20-16(12-18-22(30)25-13(2)21(29)27-18)15-10-14(8-9-17(15)26-20)11-19(28)24(5,6)31/h7-10,12-13,19,26,28,31H,1,11H2,2-6H3,(H,25,30)(H,27,29)/b18-12-/t13-,19+/m0/s1",425.5,CHEMBL251228,10.1021/np070208z,DPPH radical scavenging activity 30 min (manual check),4.10237290870956,C=CC(C)(C)c1[nH]c2ccc(CC(O)C(C)(C)O)cc2c1C=C1NC(=O)C(C)NC1=O
802,"InChI=1S/C21H28O9/c1-27-17-8-12(4-6-14(17)24)20(26)19(11-23)30-16-7-5-13(9-18(16)28-2)21(29-3)15(25)10-22/h4-9,15,19-26H,10-11H2,1-3H3/t15-,19-,20-,21-/m1/s1",424.4,CHEMBL3920321,10.1016/j.bmcl.2016.10.012,Antioxidant activity assessed as DPPH radical scavenging activity incubated in dark for 30 mins,3.94423953531227,COc1cc(C(O)C(CO)Oc2ccc(C(OC)C(O)CO)cc2OC)ccc1O
1972,"InChI=1S/C19H30O3/c1-4-5-6-7-8-9-10-11-14-22-19-15-17(21-3)12-13-18(19)16(2)20/h12-13,15H,4-11,14H2,1-3H3",306.4,CHEMBL3941187,10.1016/j.bmcl.2016.09.060,Antioxidant activity assessed as DPPH radical scavenging activity incubated for 30 mins in dark,1.39685562737982,CCCCCCCCCCOc1cc(OC)ccc1C(C)=O
754,"InChI=1S/C16H14O4/c1-18-10-3-5-11-13-8-19-14-6-9(17)2-4-12(14)16(13)20-15(11)7-10/h2-7,13,16-17H,8H2,1H3/t13-,16-/m0/s1",270.3,CHEMBL238845,10.1016/j.bmcl.2015.07.076,Antioxidant activity assessed as DPPH radical scavenging activity after 30 mins,3.7699387529327,COc1ccc2c(c1)OC1c3ccc(O)cc3OCC21
1837,"InChI=1S/C10H6ClNO2S/c11-7-3-1-2-6(4-7)5-8-9(13)12-10(14)15-8/h1-5H,(H,12,13,14)/b8-5-",239.7,CHEMBL495398,10.1016/j.bmc.2013.01.029,Antioxidant activity assessed as DPPH free radical scavenging activity after 30 mins,4.49148854011533,O=C1NC(=O)C(=Cc2cccc(Cl)c2)S1
1406,"InChI=1S/C21H17N5O/c1-14-4-2-6-18-19(14)25-20(24-18)16-7-9-17(10-8-16)21(27)26-23-13-15-5-3-11-22-12-15/h2-13H,1H3,(H,24,25)(H,26,27)/b23-13+",355.4,CHEMBL3317798,10.1016/j.ejmech.2014.07.078,Antioxidant activity assessed as DPPH free radical scavenging activity incubated at 37 degC for 30 mins by microtiter plate reader based method,3.97881070093006,Cc1cccc2nc(-c3ccc(C(=O)NN=Cc4cccnc4)cc3)[nH]c12
1340,"InChI=1S/C14H10N2O4/c1-7-5-10-12(14(17)19-7)11(9-3-2-4-18-9)8(6-15)13(16)20-10/h2-5,11H,16H2,1H3",270.2,CHEMBL2282431,10.1007/s00044-013-0586-4,Antioxidant activity assessed as inhibition of DPPH radical after 30 mins by spectrophotometric analysis,3.64290407490427,Cc1cc2c(c(=O)o1)C(c1ccco1)C(C#N)=C(N)O2
1605,"InChI=1S/C16H24O9/c1-21-9-4-8(5-10(22-2)15(9)23-3)7-24-16-14(20)13(19)12(18)11(6-17)25-16/h4-5,11-14,16-20H,6-7H2,1-3H3/t11-,12-,13+,14-,16-/m1/s1",360.4,CHEMBL4070101,10.1021/acs.jnatprod.6b00720,Antioxidant activity assessed as DPPH radical scavenging activity incubated for 30 mins,3.95506845385084,COc1cc(COC2OC(CO)C(O)C(O)C2O)cc(OC)c1OC
1717,"InChI=1S/C7H7ClO3/c8-5-1-4(3-9)2-6(10)7(5)11/h1-2,9-11H,3H2",174.6,CHEMBL507386,10.1021/np010450k,Antioxidant activity assessed as DPPH free radical scavenging activity 30 min (manual check),6.22184874961636,OCc1cc(O)c(O)c(Cl)c1
2043,"InChI=1S/C15H19NO5/c1-4-21-15(19)10(2)16-14(18)8-6-11-5-7-12(17)13(9-11)20-3/h5-10,17H,4H2,1-3H3,(H,16,18)/b8-6+/t10-/m0/s1",293.3,CHEMBL4470933,10.1016/j.bmc.2019.05.031,Antioxidant activity assessed as DPPH free radical scavenging activity incubated for 30 mins in dark condition by spectrophotometric analysis,4.33348201944512,CCOC(=O)C(C)NC(=O)C=Cc1ccc(O)c(OC)c1
1488,"InChI=1S/C25H32N2O4/c1-30-22-16-21(17-23(31-2)25(22)29)8-9-24(28)26-13-10-19-11-14-27(15-12-19)18-20-6-4-3-5-7-20/h3-9,16-17,19,29H,10-15,18H2,1-2H3,(H,26,28)/b9-8+",424.5,CHEMBL3819231,10.1039/C6MD00053C,Antioxidant activity assessed as DPPH radical scavenging activity incubated in dark for 30 mins by spectrophotometry,4.60380065290426,COc1cc(C=CC(=O)NCCC2CCN(Cc3ccccc3)CC2)cc(OC)c1O
1942,"InChI=1S/C20H13ClO6/c21-17-18(25)16-13-7-2-4-10(23)14-9(22)3-1-6(12(7)14)8(13)5-11(24)15(16)19(26)20(17)27/h1-5,17,19-20,22-24,26-27H/t17-,19+,20-/m1/s1",384.8,CHEMBL3358088,10.1021/np500522z,Antioxidant activity assessed as DPPH radical scavenging activity incubated for 30 mins,5.44369749923271,O=C1c2c3c(cc(O)c2C(O)C(O)C1Cl)-c1ccc(O)c2c(O)ccc-3c12
917,"InChI=1S/C21H19NO2S/c1-22-14-21(24,25-20-5-3-2-4-19(20)22)17-10-6-15(7-11-17)16-8-12-18(23)13-9-16/h2-13,23-24H,14H2,1H3",349.5,CHEMBL4172844,10.1016/j.ejmech.2017.06.042,Antioxidant activity assessed as DPPH radical scavenging activity measured at 30 to 60 mins by UV-Visible spectrophotometric method,4.35654732351381,CN1CC(O)(c2ccc(-c3ccc(O)cc3)cc2)Sc2ccccc21
188,"InChI=1S/C16H18O4/c1-3-11(12-5-4-6-14(18)16(12)19)10-7-8-13(17)15(9-10)20-2/h4-9,11,17-19H,3H2,1-2H3",274.3,CHEMBL1831286,10.1016/j.ejmech.2011.07.041,Antioxidant activity assessed as residual DPPH radical scavenging activity after 30 mins by spectrophotometric analysis,5.23657200643706,CCC(c1ccc(O)c(OC)c1)c1cccc(O)c1O
1103,"InChI=1S/C14H17NO5S/c1-19-12-7-9(3-5-11(12)16)4-6-13(17)15-10(8-21)14(18)20-2/h3-7,10,16,21H,8H2,1-2H3,(H,15,17)/b6-4+/t10-/m0/s1",311.4,CHEMBL1950211,10.1016/j.ejmech.2012.02.018,Antioxidant activity assessed as DPPH free radical scavenging activity by UV-Vis spectrophotometry 30 min (manual check),4.07572071393812,COC(=O)C(CS)NC(=O)C=Cc1ccc(O)c(OC)c1
1373,"InChI=1S/C32H40N4O4/c1-23-17-19-24(20-18-23)21-28(35-30(38)25-11-5-2-6-12-25)31(39)33-22-29(37)36(27-15-9-4-10-16-27)32(40)34-26-13-7-3-8-14-26/h2,5-6,11-12,17-21,26-27H,3-4,7-10,13-16,22H2,1H3,(H,33,39)(H,34,40)(H,35,38)/b28-21+",544.7,CHEMBL3237193,10.1016/j.ejmech.2014.03.037,Antioxidant activity assessed as DPPH radical scavenging activity after 20 to 30 mins,4.14321071124668,Cc1ccc(C=C(NC(=O)c2ccccc2)C(=O)NCC(=O)N(C(=O)NC2CCCCC2)C2CCCCC2)cc1
938,"InChI=1S/C26H30O12/c1-26(2,35)8-7-13-15(36-25-22(34)20(32)18(30)16(10-27)37-25)9-14(29)17-19(31)21(33)23(38-24(13)17)11-3-5-12(28)6-4-11/h3-6,9,16,18,20,22,25,27-30,32-35H,7-8,10H2,1-2H3/t16-,18-,20+,22-,25-/m1/s1",534.5,CHEMBL454069,10.1021/np030034v,Antioxidant activity assessed as DPPH free radical scavenging activity 30 min (manual check),4.05403929642243,CC(C)(O)CCc1c(OC2OC(CO)C(O)C(O)C2O)cc(O)c2c(=O)c(O)c(-c3ccc(O)cc3)oc12
1806,"InChI=1S/C25H33NO2/c1-4-5-21-13-22(6-7-23(21)28-9-8-17(2)3)26-24(27)25-14-18-10-19(15-25)12-20(11-18)16-25/h4,6-8,13,18-20H,1,5,9-12,14-16H2,2-3H3,(H,26,27)",379.5,CHEMBL2087313,10.1016/j.bmc.2012.07.025,Antioxidant activity assessed as inhibition of DPPH radical scavenging activity after 30 mins by spectrophotometry,3.98046831546874,C=CCc1cc(NC(=O)C23CC4CC(CC(C4)C2)C3)ccc1OCC=C(C)C
1008,"InChI=1S/C16H16O5/c1-20-15-6-3-10(8-16(15)21-2)7-13(18)12-5-4-11(17)9-14(12)19/h3-6,8-9,17,19H,7H2,1-2H3",288.3,CHEMBL557103,10.1016/j.bmc.2009.05.019,Antioxidant activity assessed as DPPH radical scavenging activity incubated at 40 degC in dark after 30 mins,4.45469288353418,COc1ccc(CC(=O)c2ccc(O)cc2O)cc1OC
1052,"InChI=1S/C30H32N2O5/c1-2-3-14-24(17-23-15-16-26(33)27(34)19-23)29(36)32-25(18-21-10-6-4-7-11-21)28(35)30(37)31-20-22-12-8-5-9-13-22/h4-13,15-17,19,25,33-34H,2-3,14,18,20H2,1H3,(H,31,37)(H,32,36)/b24-17+/t25-/m0/s1",500.6,CHEMBL1771023,10.1016/j.bmcl.2011.03.077,Antioxidant activity assessed as DPPH free radical scavenging activity after 30 mins,4.4350973274708,CCCCC(=Cc1ccc(O)c(O)c1)C(=O)NC(Cc1ccccc1)C(=O)C(=O)NCc1ccccc1
180,"InChI=1S/C20H15ClN6O3S/c1-11-17(25-24-12-6-8-13(28)9-7-12)19(30)27(20(31)22-11)26-16(10-21)23-15-5-3-2-4-14(15)18(26)29/h2-9,17,28H,10H2,1H3/b25-24+",454.9,CHEMBL1800353,10.1016/j.bmcl.2011.05.031,Antioxidant activity against DPPH free radical assessed as compound able to consume half the initial amount of DPPH free radical after 30 to 60 mins by spectrophotometry,5.26760624017703,CC1=NC(=S)N(n2c(CCl)nc3ccccc3c2=O)C(=O)C1N=Nc1ccc(O)cc1
1965,"InChI=1S/C21H33BrO3/c1-4-5-6-7-8-9-10-11-12-13-14-25-20-16-21(24-3)19(22)15-18(20)17(2)23/h15-16H,4-14H2,1-3H3",413.4,CHEMBL3948407,10.1016/j.bmcl.2016.09.060,Antioxidant activity assessed as DPPH radical scavenging activity incubated for 30 mins in dark,1.53017798402184,CCCCCCCCCCCCOc1cc(OC)c(Br)cc1C(C)=O
1985,"InChI=1S/C24H18N4O2/c1-12-5-4-7-13-14-9-10-24(19-15-6-2-3-8-17(15)26-23(19)30)18(21(14)27-20(12)13)16(11-25)22(29)28-24/h2-8,19,27H,9-10H2,1H3,(H,26,30)(H,28,29)",394.4,CHEMBL4203432,10.1016/j.ejmech.2018.03.056,Antioxidant activity assessed as DPPH radical scavenging activity incubated under dark condition for 30 mins,4.13473861764668,Cc1cccc2c3c([nH]c12)C1=C(C#N)C(=O)NC1(C1C(=O)Nc2ccccc21)CC3
592,"InChI=1S/C24H28N2O6/c1-2-3-8-25-9-11-26(12-10-25)14-17-21(29)23(31)22(30)20-18(28)13-19(32-24(17)20)15-4-6-16(27)7-5-15/h4-7,13,27,29-31H,2-3,8-12,14H2,1H3",440.5,CHEMBL2204082,10.1016/j.bmc.2012.10.015,Antioxidant activity assessed as inhibition of DPPH radical by spectrophotometric analysis using MTT assay method 30 min (manual check),4.48545224733971,CCCCN1CCN(Cc2c(O)c(O)c(O)c3c(=O)cc(-c4ccc(O)cc4)oc23)CC1
1313,"InChI=1S/C21H23NO5/c1-3-27-21(25)17(13-15-7-5-4-6-8-15)22-20(24)12-10-16-9-11-18(23)19(14-16)26-2/h4-12,14,17,23H,3,13H2,1-2H3,(H,22,24)/b12-10+/t17-/m0/s1",369.4,CHEMBL2234987,10.1007/s00044-011-9713-2,Antioxidant activity assessed as DPPH scavenging activity after 30 min by UV-vis spectroscopy,4.28108331398514,CCOC(=O)C(Cc1ccccc1)NC(=O)C=Cc1ccc(O)c(OC)c1
1438,"InChI=1S/C20H21NO5/c1-4-26-16-8-6-5-7-15(16)21-20(23)14-9-12-10-17(24-2)18(25-3)11-13(12)19(14)22/h5-8,10-11,14H,4,9H2,1-3H3,(H,21,23)",355.4,CHEMBL3633492,10.1016/j.bmcl.2015.10.051,Antioxidant activity assessed as DPPH scavenging activity at 10 to 60 ug/ml after 30 mins,3.74678257360544,CCOc1ccccc1NC(=O)C1Cc2cc(OC)c(OC)cc2C1=O
1786,"InChI=1S/C22H18O10/c23-11-6-14(25)12-8-19(32-22(30)10-4-16(27)20(29)17(28)5-10)21(31-18(12)7-11)9-1-2-13(24)15(26)3-9/h1-7,19,21,23-29H,8H2/t19-,21-/m1/s1",442.4,CHEMBL36327,10.1016/j.bmc.2012.02.002,Antioxidant activity assessed as DPPH radical scavenging activity after 30 mins by spectrophotometry,5.82390874094432,O=C(OC1Cc2c(O)cc(O)cc2OC1c1ccc(O)c(O)c1)c1cc(O)c(O)c(O)c1
126,"InChI=1S/C17H12F3N3O3S/c18-11-6-10(7-12(19)15(11)20)21-8-23-17(27)26-16(22-23)9-1-2-13-14(5-9)25-4-3-24-13/h1-2,5-7,21H,3-4,8H2",395.4,CHEMBL2435562,10.1016/j.bmc.2013.08.002,Antioxidant activity assessed as DPPH free radical scavenging activity after 30 mins by spectrophotometric analysis,4.70730099695607,Fc1cc(NCn2nc(-c3ccc4c(c3)OCCO4)oc2=S)cc(F)c1F
1635,"InChI=1S/C16H20N4O2S/c1-3-5-8-13(4-2)18-19-16-17-15(11-23-16)12-7-6-9-14(10-12)20(21)22/h6-7,9-11H,3-5,8H2,1-2H3,(H,17,19)/b18-13-",332.4,CHEMBL4173167,10.1016/j.ejmech.2017.10.050,Antioxidant activity assessed as DPPH radical scavenging activity after 30 mins,2.89962945488244,CCCCC(CC)=NNc1nc(-c2cccc([N+](=O)[O-])c2)cs1
1633,"InChI=1S/C15H18N4O2S/c1-3-6-12(4-2)17-18-15-16-14(10-22-15)11-7-5-8-13(9-11)19(20)21/h5,7-10H,3-4,6H2,1-2H3,(H,16,18)/b17-12-",318.4,CHEMBL4176538,10.1016/j.ejmech.2017.10.050,Antioxidant activity assessed as DPPH radical scavenging activity after 30 mins,2.9100948885606,CCCC(CC)=NNc1nc(-c2cccc([N+](=O)[O-])c2)cs1
698,"InChI=1S/C18H19NO2/c1-20-16-9-3-2-8-14(16)15-12-21-17-10-4-6-13-7-5-11-19(15)18(13)17/h2-4,6,8-10,15H,5,7,11-12H2,1H3",281.4,CHEMBL3086055,10.1016/j.bmcl.2013.09.088,Antioxidant activity assessed as DPPH free radical scavenging activity after 30 mins by spectrophotometry,4.3429441471429,COc1ccccc1C1COc2cccc3c2N1CCC3
1889,"InChI=1S/C27H25N5O6S/c1-13(33)30-18(27(37)38)12-39-20-9-8-16(25(28)35)23-22(20)31-21-17(26(29)36)10-15(11-19(21)32(23)2)24(34)14-6-4-3-5-7-14/h3-11,18,31H,12H2,1-2H3,(H2,28,35)(H2,29,36)(H,30,33)(H,37,38)",547.6,CHEMBL3109425,10.1021/np400952d,Antioxidant activity assessed as DPPH radical scavenging activity 30 min (manual check),4.70774392864352,CC(=O)NC(CSc1ccc(C(N)=O)c2c1Nc1c(C(N)=O)cc(C(=O)c3ccccc3)cc1N2C)C(=O)O
1324,"InChI=1S/C29H36O15/c1-13-22(36)23(37)24(38)29(41-13)44-27-25(39)28(40-9-8-15-3-6-17(32)19(34)11-15)42-20(12-30)26(27)43-21(35)7-4-14-2-5-16(31)18(33)10-14/h2-7,10-11,13,20,22-34,36-39H,8-9,12H2,1H3/b7-4+/t13-,20+,22-,23+,24+,25+,26+,27+,28+,29-/m0/s1",624.6,CHEMBL444478,10.1016/j.bmc.2009.07.065,Antioxidant activity assessed as DPPH radical scavenging activity after 30 mins by spectrophotometry,4.6083232381316,CC1OC(OC2C(O)C(OCCc3ccc(O)c(O)c3)OC(CO)C2OC(=O)C=Cc2ccc(O)c(O)c2)C(O)C(O)C1O
70,"InChI=1S/C11H10N2O2/c1-7-2-3-10-8(4-7)5-9(6-12-15)11(14)13-10/h2-6,15H,1H3,(H,13,14)/b12-6+",202.2,CHEMBL2312451,10.1016/j.bmcl.2012.11.006,Antioxidant activity assessed as DPPH scavenging activity after 30 mins by spectrophotometry,3.79634170054375,Cc1ccc2[nH]c(=O)c(C=NO)cc2c1
179,"InChI=1S/C20H15ClN6O4S/c1-10-17(25-24-14-7-6-11(28)8-15(14)29)19(31)27(20(32)22-10)26-16(9-21)23-13-5-3-2-4-12(13)18(26)30/h2-8,17,28-29H,9H2,1H3/b25-24+",470.9,CHEMBL1800352,10.1016/j.bmcl.2011.05.031,Antioxidant activity against DPPH free radical assessed as compound able to consume half the initial amount of DPPH free radical after 30 to 60 mins by spectrophotometry,5.67778070526608,CC1=NC(=S)N(n2c(CCl)nc3ccccc3c2=O)C(=O)C1N=Nc1ccc(O)cc1O
478,"InChI=1S/C22H23N3S2/c1-2-4-19-17(3-1)8-18(27-19)12-23-25-21-24-20(13-26-21)22-9-14-5-15(10-22)7-16(6-14)11-22/h1-4,8,12-16H,5-7,9-11H2,(H,24,25)/b23-12+",393.6,CHEMBL4450682,10.1016/j.ejmech.2019.111765,Antioxidant activity assessed as DPPH radical scavenging activity incubated for 30 mins under dark condition by Uv-vis spectrophotometric method,4.80966830182971,C(=NNc1nc(C23CC4CC(CC(C4)C2)C3)cs1)c1cc2ccccc2s1
2077,"InChI=1S/C16H12Br2O6/c1-21-15-5-3-7(17)12(20)14-9(5)10-6(16(22-2)24-14)4-8(18)11(19)13(10)23-15/h3-4,15-16,19-20H,1-2H3/t15-,16-/m1/s1",460.1,CHEMBL253320,10.1021/np070281p,DPPH radical scavenging activity 30 min (manual check),4.82102305270683,COC1Oc2c(O)c(Br)cc3c2-c2c1cc(Br)c(O)c2OC3OC
238,"InChI=1S/C24H19Cl2FN2O4/c1-32-17-7-3-14(4-8-17)21-13-24(31,18-9-6-16(25)12-19(18)26)29(28-21)23(30)15-5-10-22(33-2)20(27)11-15/h3-12,31H,13H2,1-2H3",489.3,CHEMBL3742185,10.1016/j.ejmech.2015.09.029,Antioxidant activity assessed as DPPH free radical scavenging activity after 30 mins by spectrophotometric assay,4.44160194939813,COc1ccc(C2=NN(C(=O)c3ccc(OC)c(F)c3)C(O)(c3ccc(Cl)cc3Cl)C2)cc1
2024,"InChI=1S/C17H14O4/c18-14(7-4-12-2-1-3-15(19)10-12)8-5-13-6-9-16(20)17(21)11-13/h1-11,19-21H/b7-4+,8-5+",282.3,CHEMBL4587853,10.1016/j.bmcl.2019.06.052,Antioxidant activity assessed as DPPH radical scavenging activity measured after 30 mins,4.14874165128092,O=C(C=Cc1cccc(O)c1)C=Cc1ccc(O)c(O)c1
1294,"InChI=1S/C15H13NO/c17-15-10-8-14(9-11-15)16-12-4-7-13-5-2-1-3-6-13/h1-12,17H/b7-4+,16-12+",223.3,CHEMBL2236147,10.1007/s00044-011-9648-7,Antioxidant activity assessed as inhibition of DPPH free radical 30 min (manual check),3.39944091518963,Oc1ccc(N=CC=Cc2ccccc2)cc1
1873,"InChI=1S/C13H16O4/c1-2-3-8-17-13(16)7-5-10-4-6-11(14)12(15)9-10/h4-7,9,14-15H,2-3,8H2,1H3/b7-5+",236.3,CHEMBL29489,10.1016/j.bmc.2013.08.057,Antioxidant activity assessed as DPPH radical scavenging activity after 30 mins by spectrophotometry,4.89962945488244,CCCCOC(=O)C=Cc1ccc(O)c(O)c1
10,"InChI=1S/C20H21N3O3/c1-14-19(20(24)23(22(14)2)16-8-6-5-7-9-16)21-13-15-10-11-17(25-3)18(12-15)26-4/h5-13H,1-4H3/b21-13+",351.4,CHEMBL2088275,10.1016/j.bmc.2012.04.058,Antioxidant activity assessed as DPPH free radical scavenging activity incubated for 30 mins,5.13846558914096,COc1ccc(C=Nc2c(C)n(C)n(-c3ccccc3)c2=O)cc1OC
1173,"InChI=1S/C25H25NO6/c1-5-30-25(28)22-16(3)26(18-9-7-6-8-10-18)15(2)21(24(27)29-4)23(22)17-11-12-19-20(13-17)32-14-31-19/h6-13,23H,5,14H2,1-4H3",435.5,CHEMBL2413660,10.1016/j.ejmech.2013.06.006,Antioxidant activity assessed as DPPH free radical scavenging activity under dark condition after 30 mins,2.76975643961271,CCOC(=O)C1=C(C)N(c2ccccc2)C(C)=C(C(=O)OC)C1c1ccc2c(c1)OCO2
1916,"InChI=1S/C16H13F3O3S/c17-16(18,19)13-4-1-12(2-5-13)10-23(22)8-7-11-3-6-14(20)15(21)9-11/h1-9,20-21H,10H2/b8-7+",342.3,CHEMBL3259978,10.1021/jm500258v,Antioxidant activity assessed as DPPH free radical scavenging effect after 30 mins by spectrophotometric analysis,5.10790539730952,O=S(C=Cc1ccc(O)c(O)c1)Cc1ccc(C(F)(F)F)cc1
1226,"InChI=1S/C22H14O4/c23-18(13-12-15-8-5-7-14-6-1-2-9-16(14)15)20-21(24)17-10-3-4-11-19(17)26-22(20)25/h1-13,24H/b13-12+",342.4,CHEMBL2234258,10.1007/s00044-010-9326-1,Antioxidant activity assessed as DPPH free radical scavenging activity after 30 min,5.62160209905186,O=C(C=Cc1cccc2ccccc12)c1c(O)c2ccccc2oc1=O
532,"InChI=1S/C19H18O11/c20-4-11-15(25)17(27)18(28)19(30-11)12-8(23)3-10-13(16(12)26)14(24)5-1-6(21)7(22)2-9(5)29-10/h1-3,11,15,17-23,25-28H,4H2/t11-,15-,17+,18-,19+/m1/s1",422.3,CHEMBL464825,10.1021/np030100t,Antioxidant activity assessed as DPPH radical scavenging activity after 30 mins,4.45568385825257,O=c1c2cc(O)c(O)cc2oc2cc(O)c(C3OC(CO)C(O)C(O)C3O)c(O)c12
299,"InChI=1S/C13H11NO2/c15-12-6-3-5-11(8-12)14-9-10-4-1-2-7-13(10)16/h1-9,15-16H/b14-9+",213.2,CHEMBL2064674,10.1016/j.bmcl.2012.06.026,Antioxidant activity assessed as DPPH scavenging activity after 30 mins by microplate reader method,3.36002444111045,Oc1cccc(N=Cc2ccccc2O)c1
1516,"InChI=1S/C19H21N5O/c25-18(22-19-20-16-8-4-5-9-17(16)21-19)14-23-10-12-24(13-11-23)15-6-2-1-3-7-15/h1-9H,10-14H2,(H2,20,21,22,25)",335.4,CHEMBL4209860,10.1016/j.bmc.2017.09.045,Antioxidant activity assessed as DPPH free radical scavenging activity after 30 mins by spectrophotometric analysis,3.30671258061239,O=C(CN1CCN(c2ccccc2)CC1)Nc1nc2ccccc2[nH]1
1029,"InChI=1S/C20H20O6/c1-19-4-3-8-6-20(8,2)18(19)16(25)14(23)11-12(19)15(24)17-10(13(11)22)5-9(7-21)26-17/h5,8,21-22,24-25H,3-4,6-7H2,1-2H3/t8-,19+,20+/m0/s1",356.4,CHEMBL1288293,10.1016/j.bmc.2010.10.037,Antioxidant activity assessed as DPPH radical scavenging activity 30 min (manual check),3.99567862621736,CC12CCC3CC3(C)C1=C(O)C(=O)c1c2c(O)c2oc(CO)cc2c1O
1856,"InChI=1S/C18H21NO4S/c20-17-10-9-16(14-18(17)21)11-13-24(22,23)19-12-5-4-8-15-6-2-1-3-7-15/h1-3,6-7,9-11,13-14,19-21H,4-5,8,12H2/b13-11+",347.4,CHEMBL2414566,10.1016/j.bmc.2013.05.043,Antioxidant activity assessed as DPPH radical scavenging activity after 30 mins,5.08092190762393,O=S(=O)(C=Cc1ccc(O)c(O)c1)NCCCCc1ccccc1
1011,"InChI=1S/C22H22O12/c1-31-21-17(28)15-12(26)5-9(32-22-19(30)18(29)16(27)14(7-23)34-22)6-13(15)33-20(21)8-2-3-10(24)11(25)4-8/h2-6,14,16,18-19,22-27,29-30H,7H2,1H3/t14-,16-,18+,19-,22?/m0/s1",478.4,CHEMBL574682,10.1016/j.bmcl.2009.09.062,Antioxidant activity assessed as DPPH radical scavenging activity after 30 mins,4.77237035042899,COc1c(-c2ccc(O)c(O)c2)oc2cc(OC3OC(CO)C(O)C(O)C3O)cc(O)c2c1=O
1789,"InChI=1S/C23H20O10/c1-31-19-6-11(5-17(28)21(19)29)23(30)33-20-9-13-15(26)7-12(24)8-18(13)32-22(20)10-2-3-14(25)16(27)4-10/h2-8,20,22,24-29H,9H2,1H3/t20-,22-/m1/s1",456.4,CHEMBL158521,10.1016/j.bmc.2012.02.002,Antioxidant activity assessed as DPPH radical scavenging activity after 30 mins by spectrophotometry,4.96657624451305,COc1cc(C(=O)OC2Cc3c(O)cc(O)cc3OC2c2ccc(O)c(O)c2)cc(O)c1O
2018,"InChI=1S/C19H16O6/c20-14-8-9-17(23)13(10-14)5-7-16(22)11-15(21)6-4-12-2-1-3-18(24)19(12)25/h1-10,20,23-25H,11H2/b6-4+,7-5+",340.3,CHEMBL4438864,10.1016/j.bmcl.2019.06.052,Antioxidant activity assessed as DPPH radical scavenging activity measured after 30 mins,4.56863623584101,O=C(C=Cc1cc(O)ccc1O)CC(=O)C=Cc1cccc(O)c1O
738,"InChI=1S/C22H24N4O5/c1-29-17-11-14(12-18(30-2)21(17)31-3)13-23-26-20(27)10-6-9-19-24-16-8-5-4-7-15(16)22(28)25-19/h4-5,7-8,11-13H,6,9-10H2,1-3H3,(H,26,27)(H,24,25,28)/b23-13+",424.5,CHEMBL3397979,10.1016/j.bmcl.2015.01.010,Antioxidant activity assessed as DPPH scavenging activity after 30 mins by spectrophotometry,0.97469413473523,COc1cc(C=NNC(=O)CCCc2nc3ccccc3c(=O)[nH]2)cc(OC)c1OC
410,"InChI=1S/C21H25NO2/c1-12(2)5-6-15-7-8-19-17(10-15)18-11-20(24)14(4)16(9-13(3)23)21(18)22-19/h5,7-8,10-11,13,22-24H,6,9H2,1-4H3",323.4,CHEMBL3309632,10.1016/j.bmcl.2014.05.050,Antioxidant activity assessed as DPPH radical scavenging capacity after 30 mins by UV spectrophotometry,4.92081875395237,CC(C)=CCc1ccc2[nH]c3c(CC(C)O)c(C)c(O)cc3c2c1
1826,"InChI=1S/C17H17NO4/c19-14-5-1-12(2-6-14)9-10-18-17(22)8-4-13-3-7-15(20)16(21)11-13/h1-8,11,19-21H,9-10H2,(H,18,22)/b8-4+",299.3,CHEMBL206646,10.1021/np300655y,Antioxidant activity assessed as DPPH radical scavenging activity after 30 mins,4.32239304727951,O=C(C=Cc1ccc(O)c(O)c1)NCCc1ccc(O)cc1
309,"InChI=1S/C28H29N5O4S2/c29-39(36,37)23-12-10-22(11-13-23)33-27(35)24-8-4-5-9-25(24)31-28(33)38-19-26(34)30-21-14-16-32(17-15-21)18-20-6-2-1-3-7-20/h1-13,21H,14-19H2,(H,30,34)(H2,29,36,37)",563.7,CHEMBL4784266,10.1016/j.ejmech.2020.112333,Antioxidant activity assessed as DPPH radical scavenging activity after 30 mins under dark condition by spectrophotometric analysis,3.98213228103649,NS(=O)(=O)c1ccc(-n2c(SCC(=O)NC3CCN(Cc4ccccc4)CC3)nc3ccccc3c2=O)cc1
1510,"InChI=1S/C22H19N3O6S/c1-28-15-9-12(10-16(29-2)18(15)30-3)24-22-25-20(23)19(32-22)17(26)13-8-11-6-4-5-7-14(11)31-21(13)27/h4-10H,23H2,1-3H3,(H,24,25)",453.5,CHEMBL4164471,10.1016/j.ejmech.2018.06.015,Antioxidant activity assessed as DPPH radical scavenging activity incubated for 30 mins under dark condition by spectrophotometric method,4.23662154290636,COc1cc(Nc2nc(N)c(C(=O)c3cc4ccccc4oc3=O)s2)cc(OC)c1OC
1628,"InChI=1S/C14H16N4O2S/c1-3-5-10(2)16-17-14-15-13(9-21-14)11-6-4-7-12(8-11)18(19)20/h4,6-9H,3,5H2,1-2H3,(H,15,17)/b16-10-",304.4,CHEMBL4162473,10.1016/j.ejmech.2017.10.050,Antioxidant activity assessed as DPPH radical scavenging activity after 30 mins,2.92081875395238,CCCC(C)=NNc1nc(-c2cccc([N+](=O)[O-])c2)cs1
178,"InChI=1S/C20H14ClN7O5S/c1-10-17(25-24-11-6-7-15(29)14(8-11)28(32)33)19(31)27(20(34)22-10)26-16(9-21)23-13-5-3-2-4-12(13)18(26)30/h2-8,17,29H,9H2,1H3/b25-24+",499.9,CHEMBL1800351,10.1016/j.bmcl.2011.05.031,Antioxidant activity against DPPH free radical assessed as compound able to consume half the initial amount of DPPH free radical after 30 to 60 mins by spectrophotometry,5.06550154875643,CC1=NC(=S)N(n2c(CCl)nc3ccccc3c2=O)C(=O)C1N=Nc1ccc(O)c([N+](=O)[O-])c1
555,"InChI=1S/C11H6O4/c12-8-2-1-6-5-7-3-4-14-10(7)9(13)11(6)15-8/h1-5,13H",202.2,CHEMBL1192,10.1016/j.ejmech.2010.02.044,Antioxidant activity assessed as DPPH radical scavenging activity measured up to 300 mins,4.15739076038944,O=c1ccc2cc3ccoc3c(O)c2o1
755,"InChI=1S/C16H12O5/c17-8-1-2-9-12(3-8)18-6-11-10-4-14-15(20-7-19-14)5-13(10)21-16(9)11/h1-5,11,16-17H,6-7H2/t11-,16-/m0/s1",284.3,CHEMBL334918,10.1016/j.bmcl.2015.07.076,Antioxidant activity assessed as DPPH radical scavenging activity after 30 mins,4.06496544621692,Oc1ccc2c(c1)OCC1c3cc4c(cc3OC21)OCO4
2119,"InChI=1S/C22H22O7/c1-29-11-16-10-21(27)15(9-22(16)28)5-14-8-19(25)13(7-20(14)26)4-12-6-17(23)2-3-18(12)24/h2-3,6-10,23-28H,4-5,11H2,1H3",398.4,CHEMBL256568,10.1021/np070421v,DPPH radical scavenging activity 30 min (manual check),5.58502665202918,COCc1cc(O)c(Cc2cc(O)c(Cc3cc(O)ccc3O)cc2O)cc1O
2012,"InChI=1S/C19H16O6/c20-14(7-4-12-5-9-16(22)18(24)10-12)11-15(21)8-6-13-2-1-3-17(23)19(13)25/h1-10,22-25H,11H2/b7-4+,8-6+",340.3,CHEMBL4562928,10.1016/j.bmcl.2019.06.052,Antioxidant activity assessed as DPPH radical scavenging activity measured after 30 mins,4.72124639904717,O=C(C=Cc1ccc(O)c(O)c1)CC(=O)C=Cc1cccc(O)c1O
648,"InChI=1S/C17H20N2O/c1-12-9-16(20)14(17(2,3)4)10-15(12)19-11-13-7-5-6-8-18-13/h5-11,20H,1-4H3/b19-11+",268.4,CHEMBL2316866,10.1016/j.bmcl.2012.12.001,Antioxidant activity assessed as DPPH radical scavenging activity in ethanol solution 30 min (manual check),4.08106229446292,Cc1cc(O)c(C(C)(C)C)cc1N=Cc1ccccn1
1068,"InChI=1S/C22H17N5/c1-12-4-7-18-16(9-12)14-5-6-15-19(13-3-2-8-25-11-13)17(10-23)22(24)27-21(15)20(14)26-18/h2-4,7-9,11,26H,5-6H2,1H3,(H2,24,27)",351.4,CHEMBL1910957,10.1016/j.ejmech.2011.09.024,Antioxidant activity assessed as DPPH radical scavenging activity after 30 mins by micro plate reader,2.83717693098455,Cc1ccc2[nH]c3c(c2c1)CCc1c-3nc(N)c(C#N)c1-c1cccnc1
571,"InChI=1S/C13H13N3O3S/c17-20(18,9-12-14-6-7-19-12)13-11(8-15-16-13)10-4-2-1-3-5-10/h1-5,8H,6-7,9H2,(H,15,16)",291.3,CHEMBL1829927,10.1016/j.ejmech.2011.08.010,Antioxidant activity assessed as DPPH free radical scavenging activity after 30 mins by spectrophotometric analysis,3.54915177945451,O=S(=O)(CC1=NCCO1)c1n[nH]cc1-c1ccccc1
1931,"InChI=1S/C23H25N5O5/c1-25(2)19-7-5-15(21(11-19)27(30)31)9-17-13-24-14-18(23(17)29)10-16-6-8-20(26(3)4)12-22(16)28(32)33/h5-12,24H,13-14H2,1-4H3/b17-9-,18-10+",451.5,CHEMBL3289936,10.1016/j.ejmech.2014.06.034,Antioxidant activity assessed as DPPH free radical scavenging activity 30 min (manual check),4.59057413132856,CN(C)c1ccc(C=C2CNCC(=Cc3ccc(N(C)C)cc3[N+](=O)[O-])C2=O)c([N+](=O)[O-])c1
1358,"InChI=1S/C10H12N2O3/c1-10(12-11-9(14)6-15-10)7-2-4-8(13)5-3-7/h2-5,12-13H,6H2,1H3,(H,11,14)",208.2,CHEMBL2298301,10.1007/s00044-012-0313-6,Antioxidant activity assessed as DPPH radical scavenging activity after 30 min by spectrophotometric analysis,4.41430635689035,CC1(c2ccc(O)cc2)NNC(=O)CO1
174,"InChI=1S/C21H17ClN6O3S/c1-11-7-8-15(16(29)9-11)25-26-18-12(2)23-21(32)28(20(18)31)27-17(10-22)24-14-6-4-3-5-13(14)19(27)30/h3-9,18,29H,10H2,1-2H3/b26-25+",468.9,CHEMBL1800160,10.1016/j.bmcl.2011.05.031,Antioxidant activity against DPPH free radical assessed as compound able to consume half the initial amount of DPPH free radical after 30 to 60 mins by spectrophotometry,5.29242982390206,CC1=NC(=S)N(n2c(CCl)nc3ccccc3c2=O)C(=O)C1N=Nc1ccc(C)cc1O
1828,"InChI=1S/C17H17NO3/c19-15-6-1-13(2-7-15)5-10-17(21)18-12-11-14-3-8-16(20)9-4-14/h1-10,19-20H,11-12H2,(H,18,21)/b10-5+",283.3,CHEMBL64286,10.1021/np300655y,Antioxidant activity assessed as DPPH radical scavenging activity after 30 mins,4.19722627470802,O=C(C=Cc1ccc(O)cc1)NCCc1ccc(O)cc1
2061,"InChI=1S/C20H19FN2O5/c1-24-16-9-12(10-17(25-2)18(16)26-3)19-22-23-20(28-19)15-6-4-11-8-13(21)5-7-14(11)27-15/h5,7-10,15H,4,6H2,1-3H3",386.4,CHEMBL4635249,10.1016/j.bmcl.2020.127136,Antioxidant activity assessed as DPPH radical scavenging activity 30 min (manual check),4.3646167959525,COc1cc(-c2nnc(C3CCc4cc(F)ccc4O3)o2)cc(OC)c1OC
477,"InChI=1S/C19H15N3S2/c1-13-6-8-14(9-7-13)17-12-23-19(21-17)22-20-11-16-10-15-4-2-3-5-18(15)24-16/h2-12H,1H3,(H,21,22)/b20-11+",349.5,CHEMBL4520262,10.1016/j.ejmech.2019.111765,Antioxidant activity assessed as DPPH radical scavenging activity incubated for 30 mins under dark condition by Uv-vis spectrophotometric method,4.51004152057517,Cc1ccc(-c2csc(NN=Cc3cc4ccccc4s3)n2)cc1
1101,"InChI=1S/C4H9NO2S.ClH/c1-7-4(6)3(5)2-8;/h3,8H,2,5H2,1H3;1H/t3-;/m0./s1",171.6,CHEMBL1426508,10.1016/j.ejmech.2012.02.018,Antioxidant activity assessed as DPPH free radical scavenging activity by UV-Vis spectrophotometry 30 min (manual check),3.9100948885606,COC(=O)C(N)CS
2004,"InChI=1S/C15H9ClN4O/c16-8-5-6-12-10(7-8)13(19-17)14-18-11-4-2-1-3-9(11)15(21)20(12)14/h1-7H,17H2/b19-13-",296.7,CHEMBL4099948,10.1016/j.bmcl.2017.08.064,Antioxidant activity assessed as DPPH radical scavenging activity incubated for 30 mins under dark condition by UV-vis spectrophotometric method,4.70180213289018,NN=C1c2cc(Cl)ccc2-n2c1nc1ccccc1c2=O
774,"InChI=1S/C21H23NO6/c1-3-22(4-2)9-10-27-14-7-5-13(6-8-14)17-11-15(23)19-18(28-17)12-16(24)20(25)21(19)26/h5-8,11-12,24-26H,3-4,9-10H2,1-2H3",385.4,CHEMBL3634653,10.1016/j.bmc.2015.09.047,Antioxidant activity assessed as DPPH radical scavenging by spectrophotometric analysis 30 min (manual check),3.68803433963163,CCN(CC)CCOc1ccc(-c2cc(=O)c3c(O)c(O)c(O)cc3o2)cc1
1561,"InChI=1S/C24H24O7/c1-23(2)11-10-16-12-14(4-9-18(16)30-23)13-24(22(28)29-3)19(20(26)21(27)31-24)15-5-7-17(25)8-6-15/h4-9,12,25-26H,10-11,13H2,1-3H3/t24-/m1/s1",424.4,CHEMBL4068225,10.1016/j.bmcl.2017.12.049,Antioxidant activity assessed as DPPH radical scavenging activity incubated for 30 mins under dark condition by spectrophotometric analysis,4.01322826573375,COC(=O)C1(Cc2ccc3c(c2)CCC(C)(C)O3)OC(=O)C(O)=C1c1ccc(O)cc1
543,"InChI=1S/C19H22O5/c1-23-18(12-2-6-14(21)7-3-12)17-11-24-19(16(17)10-20)13-4-8-15(22)9-5-13/h2-9,16-22H,10-11H2,1H3/t16-,17+,18?,19+/m1/s1",330.4,CHEMBL559774,10.1021/np800488p,Antioxidant activity assessed as DPPH radical scavenging activity after 30 mins by spectrophotometry,3.55113915439256,COC(c1ccc(O)cc1)C1COC(c2ccc(O)cc2)C1CO
1538,"InChI=1S/C13H19N3O3/c1-2-9-5-3-4-6-11(9)15-16-12(17)8-7-10(14)13(18)19/h3-6,10,15H,2,7-8,14H2,1H3,(H,16,17)(H,18,19)/t10-/m0/s1",265.3,CHEMBL4218704,10.1016/j.bmcl.2017.11.012,Antioxidant activity assessed as DPPH radical scavenging activity incubated under dark condition for 30 mins by spectrophotometric analysis,4.18972643239515,CCc1ccccc1NNC(=O)CCC(N)C(=O)O
215,"InChI=1S/C19H14N2O4/c22-19-18-16(13-7-4-8-15(9-13)21(23)24)10-14(11-17(18)20-25-19)12-5-2-1-3-6-12/h1-9,11,16,18H,10H2",334.3,CHEMBL3356233,10.1016/j.bmc.2014.10.015,Antioxidant activity assessed as DPPH radical scavenging activity after 30 mins by spectrophotometry,3.02959220589992,O=C1ON=C2C=C(c3ccccc3)CC(c3cccc([N+](=O)[O-])c3)C12
1328,"InChI=1S/C22H22O4/c1-4-8-16-9-6-11-18(21(16)24)19(23)14-13-17-10-7-12-20(25-3)22(17)26-15-5-2/h4-7,9-14,24H,1-2,8,15H2,3H3/b14-13+",350.4,CHEMBL2261251,10.1007/s00044-010-9474-3,Antioxidant activity assessed as DPPH free radical scavenging activity after 30 min by UV-VIS spectrophotometer analysis,3.78781239559604,C=CCOc1c(C=CC(=O)c2cccc(CC=C)c2O)cccc1OC
1412,"InChI=1S/C23H20N4O2/c1-15-5-3-8-20-21(15)26-22(25-20)17-9-11-18(12-10-17)23(28)27-24-14-16-6-4-7-19(13-16)29-2/h3-14H,1-2H3,(H,25,26)(H,27,28)/b24-14+",384.4,CHEMBL3317804,10.1016/j.ejmech.2014.07.078,Antioxidant activity assessed as DPPH free radical scavenging activity incubated at 37 degC for 30 mins by microtiter plate reader based method,3.83827273028398,COc1cccc(C=NNC(=O)c2ccc(-c3nc4cccc(C)c4[nH]3)cc2)c1
723,"InChI=1S/C18H15N5O4/c24-17(22-19-11-12-5-7-13(8-6-12)23(26)27)10-9-16-20-15-4-2-1-3-14(15)18(25)21-16/h1-8,11H,9-10H2,(H,22,24)(H,20,21,25)/b19-11+",365.3,CHEMBL3397965,10.1016/j.bmcl.2015.01.010,Antioxidant activity assessed as DPPH scavenging activity after 30 mins by spectrophotometry,0.484126156288321,O=C(CCc1nc2ccccc2c(=O)[nH]1)NN=Cc1ccc([N+](=O)[O-])cc1
171,"InChI=1S/C18H16O8/c19-12-4-1-10(7-14(12)21)3-6-17(23)26-16(18(24)25)9-11-2-5-13(20)15(22)8-11/h1-8,16,19-22H,9H2,(H,24,25)/b6-3+/t16-/m1/s1",360.3,CHEMBL324842,10.1016/j.ejmech.2018.09.009,Antioxidant activity assessed as DPPH free radical scavenging activity incubated for 30 min by UV-vis spectrophotometric analysis,5.95460427079461,O=C(C=Cc1ccc(O)c(O)c1)OC(Cc1ccc(O)c(O)c1)C(=O)O
868,"InChI=1S/C17H14O6/c18-12-4-2-10(7-14(12)20)15-8-11-9(3-6-16(21)22)1-5-13(19)17(11)23-15/h1-2,4-5,7-8,18-20H,3,6H2,(H,21,22)",314.3,CHEMBL4290386,10.1016/j.ejmech.2018.01.096,Antioxidant activity assessed as DPPH radical scavenging activity after 30 mins by spectrophotometric analysis,5.1791420105603,O=C(O)CCc1ccc(O)c2oc(-c3ccc(O)c(O)c3)cc12
1724,"InChI=1S/C30H26O11/c1-35-21-12-16(4-8-19(21)31)5-10-25(33)38-15-24-27(17-6-9-20(32)22(13-17)36-2)41-29-23(37-3)14-18-7-11-26(34)40-28(18)30(29)39-24/h4-14,24,27,31-32H,15H2,1-3H3/b10-5+/t24-,27-/m1/s1",562.5,CHEMBL452452,10.1016/j.bmcl.2009.05.006,Antioxidant activity assessed as DPPH free radical scavenging activity 30 min (manual check),3.3767507096021,COc1cc(C=CC(=O)OCC2Oc3c(c(OC)cc4ccc(=O)oc34)OC2c2ccc(O)c(OC)c2)ccc1O
1133,"InChI=1S/C13H11NO3/c15-11-3-1-10(2-4-11)14-8-9-5-12(16)7-13(17)6-9/h1-8,15-17H/b14-8+",229.2,CHEMBL2064677,10.1016/j.bmcl.2012.06.026,Antioxidant activity assessed as DPPH scavenging activity after 30 mins by microplate reader method,3.7862167006647,Oc1ccc(N=Cc2cc(O)cc(O)c2)cc1
227,"InChI=1S/C22H23NO8.ClH/c1-29-22-20(28)18-14(24)10-13(30-7-6-23-4-2-3-5-23)11-17(18)31-21(22)12-8-15(25)19(27)16(26)9-12;/h8-11,24-27H,2-7H2,1H3;1H",465.9,CHEMBL3593745,10.1016/j.bmc.2015.05.023,Antioxidant activity assessed as DPPH radical scavenging activity after 30 min,4.77494930386195,COc1c(-c2cc(O)c(O)c(O)c2)oc2cc(OCCN3CCCC3)cc(O)c2c1=O
1829,"InChI=1S/C34H39N3O9/c1-19(38)35-13-4-5-14-36-33(43)24-16-22-18-27(45-2)31(42)32(46-3)29(22)28(21-8-11-25(40)26(41)17-21)30(24)34(44)37-15-12-20-6-9-23(39)10-7-20/h6-11,16-18,28,30,39-42H,4-5,12-15H2,1-3H3,(H,35,38)(H,36,43)(H,37,44)/t28-,30-/m0/s1",633.7,CHEMBL2337117,10.1021/np300655y,Antioxidant activity assessed as DPPH radical scavenging activity after 30 mins,4.17392519729917,COc1cc2c(c(OC)c1O)C(c1ccc(O)c(O)c1)C(C(=O)NCCc1ccc(O)cc1)C(C(=O)NCCCCNC(C)=O)=C2
1014,"InChI=1S/C23H22O13/c24-11-2-1-9(3-12(11)25)15-6-14(27)19-13(26)4-10(5-16(19)35-15)33-8-18(28)34-7-17-20(29)21(30)22(31)23(32)36-17/h1-6,17,20-26,29-32H,7-8H2/t17-,20-,21+,22-,23?/m0/s1",506.4,CHEMBL575787,10.1016/j.bmcl.2009.09.062,Antioxidant activity assessed as DPPH radical scavenging activity after 30 mins,4.77806440017199,O=C(COc1cc(O)c2c(=O)cc(-c3ccc(O)c(O)c3)oc2c1)OCC1OC(O)C(O)C(O)C1O
326,"InChI=1S/C32H35ClN6O3/c1-42-29-14-20(5-8-28(29)40)17-35-30(41)16-24-18-39(38-37-24)9-3-2-4-19-10-21-12-22(11-19)31-27(13-21)36-26-15-23(33)6-7-25(26)32(31)34/h5-8,10,14-15,18,21-22,40H,2-4,9,11-13,16-17H2,1H3,(H2,34,36)(H,35,41)",587.1,CHEMBL4744528,10.1021/acs.jmedchem.0c01775,Antioxidant activity assessed as DPPH radical scavenging activity incubated for 30 mins under dark condition by UV-Vis spectrophotometric analysis,4.03621217265444,COc1cc(CNC(=O)Cc2cn(CCCCC3=CC4Cc5nc6cc(Cl)ccc6c(N)c5C(C3)C4)nn2)ccc1O
343,"InChI=1S/C6H11N3S3/c1-2-11-6-9-8-5(12-6)7-3-4-10/h10H,2-4H2,1H3,(H,7,8)",221.4,CHEMBL565952,10.1016/j.bmc.2009.05.039,Antioxidant activity assessed as DPPH free radical scavenging activity by UV spectroscopic method 30 min (manual check),3.95860731484178,CCSc1nnc(NCCS)s1
1943,"InChI=1S/C27H33NO5/c1-15(2)16-6-7-19-18(10-16)20(29)13-23-26(3,8-5-9-27(19,23)4)14-28-25(33)17-11-21(30)24(32)22(31)12-17/h6-7,10-12,15,23,30-32H,5,8-9,13-14H2,1-4H3,(H,28,33)/t23-,26-,27+/m0/s1",451.6,CHEMBL3343788,10.1016/j.ejmech.2014.10.023,Antioxidant activity assessed as DPPH radical scavenging activity 30 min (manual check),5.35372393758895,CC(C)c1ccc2c(c1)C(=O)CC1C(C)(CNC(=O)c3cc(O)c(O)c(O)c3)CCCC21C
475,"InChI=1S/C18H12BrN3S2/c19-14-7-5-12(6-8-14)16-11-23-18(21-16)22-20-10-15-9-13-3-1-2-4-17(13)24-15/h1-11H,(H,21,22)/b20-10+",414.4,CHEMBL4448283,10.1016/j.ejmech.2019.111765,Antioxidant activity assessed as DPPH radical scavenging activity incubated for 30 mins under dark condition by Uv-vis spectrophotometric method,4.43297363384094,Brc1ccc(-c2csc(NN=Cc3cc4ccccc4s3)n2)cc1
149,"InChI=1S/C11H11BrN2O/c1-8-10(12)11(15-2)14(13-8)9-6-4-3-5-7-9/h3-7H,1-2H3",267.1,CHEMBL3792791,10.1016/j.bmcl.2016.03.024,Antioxidant activity assessed as DPPH free radical scavenging activity incubated for 30 mins in dark condition by spectrophotometric method,3.8589419254733,COc1c(Br)c(C)nn1-c1ccccc1
1395,"InChI=1S/C22H18N4O3/c1-13-3-2-4-17-20(13)25-21(24-17)15-6-8-16(9-7-15)22(29)26-23-12-14-5-10-18(27)19(28)11-14/h2-12,27-28H,1H3,(H,24,25)(H,26,29)/b23-12+",386.4,CHEMBL3317784,10.1016/j.ejmech.2014.07.078,Antioxidant activity assessed as DPPH free radical scavenging activity incubated at 37 degC for 30 mins by microtiter plate reader based method,4.84771165561694,Cc1cccc2nc(-c3ccc(C(=O)NN=Cc4ccc(O)c(O)c4)cc3)[nH]c12
232,"InChI=1S/C22H23NO8.ClH/c1-29-22-20(28)18-16(30-7-6-23-4-2-3-5-23)10-13(24)11-17(18)31-21(22)12-8-14(25)19(27)15(26)9-12;/h8-11,24-27H,2-7H2,1H3;1H",465.9,CHEMBL3593753,10.1016/j.bmc.2015.05.023,Antioxidant activity assessed as DPPH radical scavenging activity after 30 min,4.5679933127304,COc1c(-c2cc(O)c(O)c(O)c2)oc2cc(O)cc(OCCN3CCCC3)c2c1=O
1652,"InChI=1S/C15H12O7/c16-7-4-10(19)12-11(5-7)22-15(14(21)13(12)20)6-1-2-8(17)9(18)3-6/h1-5,14-19,21H/t14-,15+/m0/s1",304.3,CHEMBL66,10.1039/C6MD00496B,Antioxidant activity assessed as DPPH radical scavenging activity incubated for 30 mins,4.46852108295774,O=C1c2c(O)cc(O)cc2OC(c2ccc(O)c(O)c2)C1O
958,"InChI=1S/C38H50O6/c1-21(2)11-13-26-27-15-14-25(23(5)6)35(7,8)20-37(27)32(42)30(31(41)24-12-16-28(39)29(40)19-24)33(43)38(34(37)44,36(26,9)10)18-17-22(3)4/h11-12,16-17,19,25-27,39-40,42H,5,13-15,18,20H2,1-4,6-10H3",602.8,CHEMBL444720,10.1021/np0497595,Antioxidant activity assessed as DPPH radical scavenging activity 30 min (manual check),4.19382002601611,C=C(C)C1CCC2C(CC=C(C)C)C(C)(C)C3(CC=C(C)C)C(=O)C(C(=O)c4ccc(O)c(O)c4)=C(O)C2(CC1(C)C)C3=O
282,"InChI=1S/C13H11NO2/c15-11-7-5-10(6-8-11)9-14-12-3-1-2-4-13(12)16/h1-9,15-16H/b14-9+",213.2,CHEMBL1966239,10.1016/j.bmcl.2012.06.026,Antioxidant activity assessed as DPPH scavenging activity after 30 mins by microplate reader method,4.59557392623244,Oc1ccc(C=Nc2ccccc2O)cc1
1629,"InChI=1S/C14H16N4O2S/c1-3-11(4-2)16-17-14-15-13(9-21-14)10-6-5-7-12(8-10)18(19)20/h5-9H,3-4H2,1-2H3,(H,15,17)",304.4,CHEMBL4162060,10.1016/j.ejmech.2017.10.050,Antioxidant activity assessed as DPPH radical scavenging activity after 30 mins,2.94692155651658,CCC(CC)=NNc1nc(-c2cccc([N+](=O)[O-])c2)cs1
2030,"InChI=1S/C17H14O5/c18-13(6-4-11-2-1-3-16(21)17(11)22)7-5-12-10-14(19)8-9-15(12)20/h1-10,19-22H/b6-4+,7-5+",298.3,CHEMBL4575348,10.1016/j.bmcl.2019.06.052,Antioxidant activity assessed as DPPH radical scavenging activity measured after 30 mins,4.88605664769316,O=C(C=Cc1cc(O)ccc1O)C=Cc1cccc(O)c1O
2034,"InChI=1S/C17H14O6/c18-11-6-7-14(20)10(8-11)4-5-12(19)9-16(22)13-2-1-3-15(21)17(13)23/h1-8,18,20-21,23H,9H2/b5-4+",314.3,CHEMBL4551077,10.1016/j.bmcl.2019.06.052,Antioxidant activity assessed as DPPH radical scavenging activity measured after 30 mins,4.55284196865778,O=C(C=Cc1cc(O)ccc1O)CC(=O)c1cccc(O)c1O
1335,"InChI=1S/C19H12N4O3/c1-9-4-15-17(19(24)25-9)16(12(7-21)18(22)26-15)13-8-23-14-3-2-10(6-20)5-11(13)14/h2-5,8,16,23H,22H2,1H3",344.3,CHEMBL2282435,10.1007/s00044-013-0586-4,Antioxidant activity assessed as inhibition of DPPH radical after 30 mins by spectrophotometric analysis,3.24677708758437,Cc1cc2c(c(=O)o1)C(c1c[nH]c3ccc(C#N)cc13)C(C#N)=C(N)O2
1616,"InChI=1S/C14H20O3/c1-8-9(2)13-11(10(3)12(8)16)5-6-14(4,7-15)17-13/h15-16H,5-7H2,1-4H3",236.3,CHEMBL284076,10.1016/j.ejmech.2016.12.051,Antioxidant activity assessed as DPPH radical scavenging activity after 30 mins by spectrophotometric method,5.44611697335613,Cc1c(C)c2c(c(C)c1O)CCC(C)(CO)O2
457,"InChI=1S/C23H20N4/c1-27-21(15-20(26-27)16-11-13-24-14-12-16)22-18-9-5-6-10-19(18)25-23(22)17-7-3-2-4-8-17/h2-14,21,25H,15H2,1H3",352.4,CHEMBL4166334,10.1016/j.ejmech.2018.01.026,Antioxidant activity assessed as inhibition of DPPH radical formation after 30 mins,4.02720790596429,CN1N=C(c2ccncc2)CC1c1c(-c2ccccc2)[nH]c2ccccc12
1880,"InChI=1S/C15H14N2O2S/c1-19-13-9-5-8-12(10-13)16-15(20)17-14(18)11-6-3-2-4-7-11/h2-10H,1H3,(H2,16,17,18,20)",286.4,CHEMBL3087554,10.1016/j.ejmech.2013.10.012,Antioxidant activity assessed as DPPH free radical scavenging activity after 30 mins,3.09420411963213,COc1cccc(NC(=S)NC(=O)c2ccccc2)c1
981,"InChI=1S/C27H32O16/c28-7-17-20(34)22(36)24(38)26(41-17)43-25-23(37)21(35)18(8-29)42-27(25)39-10-4-13(32)19-14(33)6-15(40-16(19)5-10)9-1-2-11(30)12(31)3-9/h1-5,15,17-18,20-32,34-38H,6-8H2/t15-,17+,18+,20+,21+,22-,23-,24+,25+,26-,27+/m0/s1",612.5,CHEMBL499113,10.1021/np0501233,Antioxidant activity assessed as DPPH free radical scavenging activity after 30 mins by TLC autographic assay,4.92081875395237,O=C1CC(c2ccc(O)c(O)c2)Oc2cc(OC3OC(CO)C(O)C(O)C3OC3OC(CO)C(O)C(O)C3O)cc(O)c21
1782,"InChI=1S/C14H12O6S.K/c15-12-5-3-10(4-6-12)1-2-11-7-13(16)9-14(8-11)20-21(17,18)19;/h1-9,15-16H,(H,17,18,19);/q;+1/p-1/b2-1+;",346.4,CHEMBL1173685,10.1021/jm100274c,Antioxidant activity assessed as DPPH scavenging activity after 30 mins,3.65915945018767,O=S(=O)(O)Oc1cc(O)cc(C=Cc2ccc(O)cc2)c1
251,"InChI=1S/C15H15NO2/c1-18-15-9-13(7-8-14(15)17)11-16-10-12-5-3-2-4-6-12/h2-9,11,17H,10H2,1H3/b16-11+",241.3,CHEMBL4278636,10.1016/j.ejmech.2017.11.072,Antioxidant activity assessed as DPPH radical scavenging activity after 30 mins,3.60467360693065,COc1cc(C=NCc2ccccc2)ccc1O
756,"InChI=1S/C25H24O13/c26-19(27)6-20(28)33-8-18-21(29)22(30)23(31)25(38-18)36-10-1-2-11-14(3-10)32-7-13-12-4-16-17(35-9-34-16)5-15(12)37-24(11)13/h1-5,13,18,21-25,29-31H,6-9H2,(H,26,27)/t13?,18-,21-,22+,23-,24?,25-/m1/s1",532.5,CHEMBL3609500,10.1016/j.bmcl.2015.07.076,Antioxidant activity assessed as DPPH radical scavenging activity after 30 mins,4.31251709534142,O=C(O)CC(=O)OCC1OC(Oc2ccc3c(c2)OCC2c4cc5c(cc4OC32)OCO5)C(O)C(O)C1O
3,"InChI=1S/C18H17N3O/c1-14-17(19-13-15-9-5-3-6-10-15)18(22)21(20(14)2)16-11-7-4-8-12-16/h3-13H,1-2H3/b19-13+",291.4,CHEMBL2088268,10.1016/j.bmc.2012.04.058,Antioxidant activity assessed as DPPH free radical scavenging activity incubated for 30 mins,4.50501102631683,Cc1c(N=Cc2ccccc2)c(=O)n(-c2ccccc2)n1C
138,"InChI=1S/C10H17N3O6S/c11-5(10(18)19)1-2-7(14)13-6(4-20)9(17)12-3-8(15)16/h5-6,20H,1-4,11H2,(H,12,17)(H,13,14)(H,15,16)(H,18,19)/t5-,6-/m0/s1",307.3,CHEMBL1543,10.1016/j.bmc.2009.05.039,Antioxidant activity assessed as DPPH free radical scavenging activity by UV spectroscopic method 30 min (manual check),3.90680439215225,NC(CCC(=O)NC(CS)C(=O)NCC(=O)O)C(=O)O
815,"InChI=1S/C10H6F3NO3/c11-10(12,13)5-3-7(15)17-9-4(5)1-2-6(14)8(9)16/h1-3,16H,14H2",245.2,CHEMBL4161180,10.1021/acs.jnatprod.7b00665,Antioxidant activity assessed as DPPH radical scavenging activity incubated for 30 mins under dark condition,1.42103751729244,Nc1ccc2c(C(F)(F)F)cc(=O)oc2c1O
2044,"InChI=1S/C18H25NO5/c1-5-24-18(22)14(10-12(2)3)19-17(21)9-7-13-6-8-15(20)16(11-13)23-4/h6-9,11-12,14,20H,5,10H2,1-4H3,(H,19,21)/b9-7+/t14-/m0/s1",335.4,CHEMBL4443617,10.1016/j.bmc.2019.05.031,Antioxidant activity assessed as DPPH free radical scavenging activity incubated for 30 mins in dark condition by spectrophotometric analysis,4.25103713874384,CCOC(=O)C(CC(C)C)NC(=O)C=Cc1ccc(O)c(OC)c1
1097,"InChI=1S/C13H16O5/c1-6-4-8-5-11(3)7(2)12(16,10(15)18-11)13(8,17)9(6)14/h4,7-8,16-17H,5H2,1-3H3/t7-,8+,11-,12-,13+/m0/s1",252.3,CHEMBL1950958,10.1021/np200707y,Antioxidant activity assessed as DPPH radical-scavenging activity after 30 mins by spectrophotometric analysis,2.67778070526608,CC1=CC2CC3(C)OC(=O)C(O)(C3C)C2(O)C1=O
1846,"InChI=1S/C27H29N3O5S/c1-3-5-6-9-15-28-27(36)30-29-21(26(34)35-4-2)16-22(31)19-13-10-14-20-23(19)25(33)18-12-8-7-11-17(18)24(20)32/h7-8,10-14H,3-6,9,15-16H2,1-2H3,(H2,28,30,36)/b29-21-",507.6,CHEMBL2393470,10.1016/j.ejmech.2013.03.071,Antioxidant activity assessed as DPPH radical scavenging activity after 30 mins by spectrophotometric analysis,4.58335949266172,CCCCCCNC(=S)NN=C(CC(=O)c1cccc2c1C(=O)c1ccccc1C2=O)C(=O)OCC
1832,"InChI=1S/C36H38N2O9/c1-46-32-18-24(19-33(47-2)35(32)44)17-29(36(45)38-16-14-23-5-10-27(40)11-6-23)28-21-31(42)30(41)20-25(28)7-12-34(43)37-15-13-22-3-8-26(39)9-4-22/h3-6,8-11,17-21,39-42,44H,7,12-16H2,1-2H3,(H,37,43)(H,38,45)/b29-17+",642.7,CHEMBL2337120,10.1021/np300655y,Antioxidant activity assessed as DPPH radical scavenging activity after 30 mins,4.24336389175415,COc1cc(C=C(C(=O)NCCc2ccc(O)cc2)c2cc(O)c(O)cc2CCC(=O)NCCc2ccc(O)cc2)cc(OC)c1O
1872,"InChI=1S/C14H18O4/c1-10(2)7-8-18-14(17)6-4-11-3-5-12(15)13(16)9-11/h3-6,9-10,15-16H,7-8H2,1-2H3/b6-4+",250.3,CHEMBL490372,10.1016/j.bmc.2013.08.057,Antioxidant activity assessed as DPPH radical scavenging activity after 30 mins by spectrophotometry,4.62342304294349,CC(C)CCOC(=O)C=Cc1ccc(O)c(O)c1
1599,"InChI=1S/C22H22O12/c1-7-14(26)17(29)18(30)22(32-7)34-21-16(28)13-11(25)6-12(31-2)15(27)20(13)33-19(21)8-3-4-9(23)10(24)5-8/h3-7,14,17-18,22-27,29-30H,1-2H3/t7-,14-,17+,18+,22-/m0/s1",478.4,CHEMBL4083169,10.1021/acs.jnatprod.6b00720,Antioxidant activity assessed as DPPH radical scavenging activity incubated for 30 mins,5.10790539730952,COc1cc(O)c2c(=O)c(OC3OC(C)C(O)C(O)C3O)c(-c3ccc(O)c(O)c3)oc2c1O
1598,"InChI=1S/C24H24O13/c1-8-16(29)18(31)19(32)24(34-8)37-23-17(30)15-13(28)7-14(33-3)21(35-9(2)25)22(15)36-20(23)10-4-5-11(26)12(27)6-10/h4-8,16,18-19,24,26-29,31-32H,1-3H3/t8-,16-,18+,19+,24-/m0/s1",520.4,CHEMBL4063049,10.1021/acs.jnatprod.6b00720,Antioxidant activity assessed as DPPH radical scavenging activity incubated for 30 mins,4.79588001734407,COc1cc(O)c2c(=O)c(OC3OC(C)C(O)C(O)C3O)c(-c3ccc(O)c(O)c3)oc2c1OC(C)=O
1723,"InChI=1S/C29H24O11/c1-35-21-12-16(5-8-19(21)31)26-23(14-37-24(33)9-4-15-3-7-18(30)20(32)11-15)38-29-27-17(6-10-25(34)39-27)13-22(36-2)28(29)40-26/h3-13,23,26,30-32H,14H2,1-2H3/b9-4+/t23-,26-/m1/s1",548.5,CHEMBL525988,10.1016/j.bmcl.2009.05.006,Antioxidant activity assessed as DPPH free radical scavenging activity 30 min (manual check),3.34678748622466,COc1cc(C2Oc3c(OC)cc4ccc(=O)oc4c3OC2COC(=O)C=Cc2ccc(O)c(O)c2)ccc1O
1479,"InChI=1S/C23H26O5/c1-2-3-4-5-6-10-13-27-20-15-19-21(23(26)22(20)25)17(24)14-18(28-19)16-11-8-7-9-12-16/h7-9,11-12,14-15,25-26H,2-6,10,13H2,1H3",382.5,CHEMBL3753737,10.1039/C5MD00163C,Antioxidant activity assessed as DPPH radical scavenging activity after 30 mins by ELISA reader analysis,4.66695597017651,CCCCCCCCOc1cc2oc(-c3ccccc3)cc(=O)c2c(O)c1O
1928,"InChI=1S/C22H24O3/c1-3-24-22(25-4-2)18-11-9-16(10-12-18)15-19-14-13-17-7-5-6-8-20(17)21(19)23/h5-12,15,22H,3-4,13-14H2,1-2H3/b19-15+",336.4,CHEMBL3289932,10.1016/j.ejmech.2014.06.034,Antioxidant activity assessed as DPPH free radical scavenging activity 30 min (manual check),4.40395299245456,CCOC(OCC)c1ccc(C=C2CCc3ccccc3C2=O)cc1
521,"InChI=1S/C26H32O11/c1-33-19-9-14(3-5-17(19)28)8-16-15(12-35-25(16)32)7-13-4-6-18(20(10-13)34-2)36-26-24(31)23(30)22(29)21(11-27)37-26/h3-6,9-10,15-16,21-24,26-31H,7-8,11-12H2,1-2H3/t15-,16+,21-,22-,23+,24-,26-/m1/s1",520.5,CHEMBL519055,10.1021/np040113m,Antioxidant activity assessed as DPPH radical scavenging activity after 30 mins,3.55595520408192,COc1cc(CC2C(=O)OCC2Cc2ccc(OC3OC(CO)C(O)C(O)C3O)c(OC)c2)ccc1O
1710,"InChI=1S/C21H22O14/c1-32-19(30)8-4-11(24)15(26)12(5-8)34-21-18(29)17(28)16(27)13(35-21)6-33-20(31)7-2-9(22)14(25)10(23)3-7/h2-5,13,16-18,21-29H,6H2,1H3/t13-,16-,17+,18-,21-/m1/s1",498.4,CHEMBL485256,10.1021/np020048l,Antioxidant activity assessed as DPPH free radical scavenging activity after 30 mins,5.0073819536226,COC(=O)c1cc(O)c(O)c(OC2OC(COC(=O)c3cc(O)c(O)c(O)c3)C(O)C(O)C2O)c1
1315,"InChI=1S/C14H17NO5/c1-3-20-14(18)9-15-13(17)7-5-10-4-6-11(16)12(8-10)19-2/h4-8,16H,3,9H2,1-2H3,(H,15,17)/b7-5+",279.3,CHEMBL2234984,10.1007/s00044-011-9713-2,Antioxidant activity assessed as DPPH scavenging activity after 30 min by UV-vis spectroscopy,4.18990195931886,CCOC(=O)CNC(=O)C=Cc1ccc(O)c(OC)c1
1444,"InChI=1S/C16H14ClN3O/c17-14-8-6-13(7-9-14)10-20-11-15(18-19-20)12-21-16-4-2-1-3-5-16/h1-9,11H,10,12H2",299.8,CHEMBL3742240,10.1039/C5MD00057B,Antioxidant activity assessed as DPPH radical scavenging activity after 30 mins by spectrophotometric analysis,4.06019112117398,Clc1ccc(Cn2cc(COc3ccccc3)nn2)cc1
1992,"InChI=1S/C23H15ClN4O3/c1-31-19-8-4-5-13(21(19)29)12-25-27-20-16-11-14(24)9-10-18(16)28-22(20)26-17-7-3-2-6-15(17)23(28)30/h2-12,29H,1H3/b25-12+,27-20-",430.9,CHEMBL4089095,10.1016/j.bmcl.2017.08.064,Antioxidant activity assessed as DPPH radical scavenging activity incubated for 30 mins under dark condition by UV-vis spectrophotometric method,4.65345144145153,COc1cccc(C=NN=C2c3cc(Cl)ccc3-n3c2nc2ccccc2c3=O)c1O
1827,"InChI=1S/C18H19NO4/c1-23-17-8-4-14(12-16(17)21)5-9-18(22)19-11-10-13-2-6-15(20)7-3-13/h2-9,12,20-21H,10-11H2,1H3,(H,19,22)/b9-5+",313.4,CHEMBL2337116,10.1021/np300655y,Antioxidant activity assessed as DPPH radical scavenging activity after 30 mins,4.16941133131486,COc1ccc(C=CC(=O)NCCc2ccc(O)cc2)cc1O
1586,"InChI=1S/C25H19N3O5S/c1-33-22-5-3-2-4-18(22)19(29)12-8-15-6-9-16(10-7-15)23(32)26-25-28-27-24(34-25)17-11-13-20(30)21(31)14-17/h2-14,30-31H,1H3,(H,26,28,32)/b12-8+",473.5,CHEMBL4291928,10.1039/C8MD00316E,Antioxidant activity assessed as DPPH free radical scavenging activity after 30 mins,5.01055018233331,COc1ccccc1C(=O)C=Cc1ccc(C(=O)Nc2nnc(-c3ccc(O)c(O)c3)s2)cc1
778,"InChI=1S/C16H12O6/c1-21-16-14-10(18)6-12(8-2-4-9(17)5-3-8)22-13(14)7-11(19)15(16)20/h2-7,17,19-20H,1H3",300.3,CHEMBL3741265,10.1016/j.ejmech.2015.10.039,Antioxidant activity assessed as DPPH radical scavenging activity after 30 mins,4.53985418250825,COc1c(O)c(O)cc2oc(-c3ccc(O)cc3)cc(=O)c12
1964,"InChI=1S/C19H29BrO3/c1-4-5-6-7-8-9-10-11-12-23-18-14-19(22-3)17(20)13-16(18)15(2)21/h13-14H,4-12H2,1-3H3",385.3,CHEMBL3947335,10.1016/j.bmcl.2016.09.060,Antioxidant activity assessed as DPPH radical scavenging activity incubated for 30 mins in dark,1.45469288353418,CCCCCCCCCCOc1cc(OC)c(Br)cc1C(C)=O
1445,"InChI=1S/C16H14ClN3O/c17-14-6-4-5-13(9-14)10-20-11-15(18-19-20)12-21-16-7-2-1-3-8-16/h1-9,11H,10,12H2",299.8,CHEMBL3740245,10.1039/C5MD00057B,Antioxidant activity assessed as DPPH radical scavenging activity after 30 mins by spectrophotometric analysis,4.0406689814715,Clc1cccc(Cn2cc(COc3ccccc3)nn2)c1
106,"InChI=1S/C17H21N3O3S/c24-17-20(11-18-13-4-2-1-3-5-13)19-16(23-17)12-6-7-14-15(10-12)22-9-8-21-14/h6-7,10,13,18H,1-5,8-9,11H2",347.4,CHEMBL2435585,10.1016/j.bmc.2013.08.002,Antioxidant activity assessed as DPPH free radical scavenging activity after 30 mins by spectrophotometric analysis,4.02502800570193,S=c1oc(-c2ccc3c(c2)OCCO3)nn1CNC1CCCCC1
369,"InChI=1S/C15H11NO2/c17-13-6-8-5-11-9-3-1-2-4-12(9)16-15(11)10(8)7-14(13)18/h1-4,6-7,16-18H,5H2",237.3,CHEMBL594918,10.1016/j.bmc.2009.07.077,Antioxidant activity assessed as DPPH radical scavenging activity 30 min (manual check),3.90635993255188,Oc1cc2c(cc1O)-c1[nH]c3ccccc3c1C2
763,"InChI=1S/C22H22O11/c1-30-14-6-16(32-22-21(29)20(28)19(27)17(7-23)33-22)13(25)5-11(14)12-8-31-15-4-9(24)2-3-10(15)18(12)26/h2-6,8,17,19-25,27-29H,7H2,1H3/t17-,19-,20+,21-,22-/m1/s1",462.4,CHEMBL3609495,10.1016/j.bmcl.2015.07.076,Antioxidant activity assessed as DPPH radical scavenging activity after 30 mins,4.35432451306911,COc1cc(OC2OC(CO)C(O)C(O)C2O)c(O)cc1-c1coc2cc(O)ccc2c1=O
1624,"InChI=1S/C20H18N2O9S/c1-28-17-13-14(7-9-16(17)23)8-10-18(24)29-11-12-30-19-20(22(25)31-21-19)32(26,27)15-5-3-2-4-6-15/h2-10,13,23H,11-12H2,1H3/b10-8+",462.4,CHEMBL2086817,10.1016/j.bmc.2017.06.023,Antioxidant activity assessed as DPPH free radical scavenging activity measured after 30 mins in absence of light,3.74232142513082,COc1cc(C=CC(=O)OCCOc2no[n+]([O-])c2S(=O)(=O)c2ccccc2)ccc1O
1669,InChI=1S/C19H11ClO2/c20-14-6-3-5-13(10-14)18-11-17(21)16-9-8-12-4-1-2-7-15(12)19(16)22-18/h1-11H,306.7,CHEMBL368236,10.1039/C8MD00512E,Antioxidant activity assessed as DPPH radical scavenging activity shaken for 1 min and incubated under dark condition for 30 mins by spectrophotometric analysis,5.11069829749369,O=c1cc(-c2cccc(Cl)c2)oc2c1ccc1ccccc12
826,"InChI=1S/C7H6O2/c8-5-6-1-3-7(9)4-2-6/h1-5,9H",122.1,CHEMBL14193,10.1021/acs.jnatprod.7b00085,Antioxidant activity assessed as DPPH radical scavenging activity after 30 mins under dark condition,0.322758154053346,O=Cc1ccc(O)cc1
1571,"InChI=1S/C17H30N6O4/c1-10(2)14(23-15(24)12(19)5-3-4-6-18)16(25)22-13(17(26)27)7-11-8-20-9-21-11/h8-10,12-14H,3-7,18-19H2,1-2H3,(H,20,21)(H,22,25)(H,23,24)(H,26,27)/t12-,13-,14-/m0/s1",382.5,CHEMBL4211502,10.1039/C6MD00006A,Antioxidant activity assessed as DPPH radical scavenging activity incubated for 30 mins under dark condition by spectrophotometric method,0.544652563605812,CC(C)C(NC(=O)C(N)CCCCN)C(=O)NC(Cc1cnc[nH]1)C(=O)O
1470,"InChI=1S/C16H11BrCl3N3O/c17-11-3-1-10(2-4-11)7-23-8-13(21-22-23)9-24-16-14(19)5-12(18)6-15(16)20/h1-6,8H,7,9H2",447.5,CHEMBL3742242,10.1039/C5MD00057B,Antioxidant activity assessed as DPPH radical scavenging activity after 30 mins by spectrophotometric analysis,4.50466500397369,Clc1cc(Cl)c(OCc2cn(Cc3ccc(Br)cc3)nn2)c(Cl)c1
1119,"InChI=1S/C26H26N2O7/c29-19-6-1-16(2-7-19)13-20(26(35)27-12-11-18-4-9-22(31)24(33)15-18)28-25(34)10-5-17-3-8-21(30)23(32)14-17/h1-10,14-15,20,29-33H,11-13H2,(H,27,35)(H,28,34)/b10-5+/t20-/m0/s1",478.5,CHEMBL1950226,10.1016/j.ejmech.2012.02.018,Antioxidant activity assessed as DPPH free radical scavenging activity by UV-Vis spectrophotometry 30 min (manual check),4.49485002168009,O=C(C=Cc1ccc(O)c(O)c1)NC(Cc1ccc(O)cc1)C(=O)NCCc1ccc(O)c(O)c1
742,"InChI=1S/C20H18O11/c21-6-13-15(26)17(28)20(30-13)31-19-16(27)14-11(25)4-8(22)5-12(14)29-18(19)7-1-2-9(23)10(24)3-7/h1-5,13,15,17,20-26,28H,6H2/t13-,15-,17+,20-/m0/s1",434.4,CHEMBL471282,10.1016/j.bmcl.2015.03.058,Antioxidant activity assessed as DPPH radical scavenging activity after 30 mins by microplate reader based assay,4.43025544919183,O=c1c(OC2OC(CO)C(O)C2O)c(-c2ccc(O)c(O)c2)oc2cc(O)cc(O)c12
747,"InChI=1S/C29H35N3O3/c1-17-18(2)27-20(19(3)26(17)33)13-14-29(4,35-27)28(34)31-16-15-30-25-21-9-5-7-11-23(21)32-24-12-8-6-10-22(24)25/h5,7,9,11,33H,6,8,10,12-16H2,1-4H3,(H,30,32)(H,31,34)",473.6,CHEMBL3410951,10.1016/j.ejmech.2015.01.058,Antioxidant activity assessed as DPPH scavenging activity after 30 mins by spectrophotometry,7.51712641639125,Cc1c(C)c2c(c(C)c1O)CCC(C)(C(=O)NCCNc1c3c(nc4ccccc14)CCCC3)O2
1494,"InChI=1S/C24H28N2O4/c1-30-23-15-18(8-10-22(23)28)7-9-21(27)16-24(29)25-20-11-13-26(14-12-20)17-19-5-3-2-4-6-19/h2-10,15,20,28H,11-14,16-17H2,1H3,(H,25,29)/b9-7+",408.5,CHEMBL3819423,10.1039/C6MD00053C,Antioxidant activity assessed as DPPH radical scavenging activity incubated in dark for 30 mins by spectrophotometry,4.05207638016827,COc1cc(C=CC(=O)CC(=O)NC2CCN(Cc3ccccc3)CC2)ccc1O
1589,"InChI=1S/C25H19N3O4S/c1-15-4-2-3-5-19(15)20(29)12-8-16-6-9-17(10-7-16)23(32)26-25-28-27-24(33-25)18-11-13-21(30)22(31)14-18/h2-14,30-31H,1H3,(H,26,28,32)/b12-8+",457.5,CHEMBL4293533,10.1039/C8MD00316E,Antioxidant activity assessed as DPPH free radical scavenging activity after 30 mins,4.93330144957701,Cc1ccccc1C(=O)C=Cc1ccc(C(=O)Nc2nnc(-c3ccc(O)c(O)c3)s2)cc1
1597,"InChI=1S/C25H20O10/c1-32-17-6-11(2-4-14(17)28)24-20(10-26)33-16-5-3-12(7-18(16)34-24)25-23(31)22(30)21-15(29)8-13(27)9-19(21)35-25/h2-9,20,24,26-29,31H,10H2,1H3",480.4,CHEMBL38464,10.1021/acs.jnatprod.6b00750,Antioxidant activity assessed as DPPH radical scavenging activity after 30 mins,5.03058408764602,COc1cc(C2Oc3cc(-c4oc5cc(O)cc(O)c5c(=O)c4O)ccc3OC2CO)ccc1O
1436,"InChI=1S/C20H21NO4/c1-4-12-7-5-6-8-16(12)21-20(23)15-9-13-10-17(24-2)18(25-3)11-14(13)19(15)22/h5-8,10-11,15H,4,9H2,1-3H3,(H,21,23)",339.4,CHEMBL3633490,10.1016/j.bmcl.2015.10.051,Antioxidant activity assessed as DPPH scavenging activity at 10 to 60 ug/ml after 30 mins,3.79034914848741,CCc1ccccc1NC(=O)C1Cc2cc(OC)c(OC)cc2C1=O
2087,"InChI=1S/C13H6Br6O4/c14-4-2(6(16)10(20)12(22)8(4)18)1-3-5(15)9(19)13(23)11(21)7(3)17/h20-23H,1H2",705.6,CHEMBL374829,10.1021/np070061b,DPPH radical scavenging activity 30 min (manual check),5.09151498112135,Oc1c(O)c(Br)c(Cc2c(Br)c(O)c(O)c(Br)c2Br)c(Br)c1Br
1442,"InChI=1S/C16H14N4O3/c21-20(22)15-8-6-13(7-9-15)10-19-11-14(17-18-19)12-23-16-4-2-1-3-5-16/h1-9,11H,10,12H2",310.3,CHEMBL3740799,10.1039/C5MD00057B,Antioxidant activity assessed as DPPH radical scavenging activity after 30 mins by spectrophotometric analysis,4.48746040180152,O=[N+]([O-])c1ccc(Cn2cc(COc3ccccc3)nn2)cc1
1686,"InChI=1S/C23H24O6/c1-10(2)6-7-12-19(25)14(24)8-13-20(26)17-15(29-22(12)13)9-16-18(21(17)27)23(4,5)11(3)28-16/h6,8-9,11,24-25,27H,7H2,1-5H3",396.4,CHEMBL371024,10.1016/j.bmcl.2005.08.099,DPPH radical scavenging activity of Cudriana tricuspidata extracts 30 min (manual check),4.98296666070122,CC(C)=CCc1c(O)c(O)cc2c(=O)c3c(O)c4c(cc3oc12)OC(C)C4(C)C
1560,"InChI=1S/C22H22O5/c1-22(2)10-9-15-11-13(3-8-17(15)27-22)12-18-19(20(24)21(25)26-18)14-4-6-16(23)7-5-14/h3-8,11,18,23-24H,9-10,12H2,1-2H3",366.4,CHEMBL4097120,10.1016/j.bmcl.2017.12.049,Antioxidant activity assessed as DPPH radical scavenging activity incubated for 30 mins under dark condition by spectrophotometric analysis,4.04575749056067,CC1(C)CCc2cc(CC3OC(=O)C(O)=C3c3ccc(O)cc3)ccc2O1
1719,"InChI=1S/C29H24O10/c1-34-21-13-17(6-10-20(21)31)26-23(15-36-24(32)11-5-16-3-8-19(30)9-4-16)37-29-27-18(7-12-25(33)38-27)14-22(35-2)28(29)39-26/h3-14,23,26,30-31H,15H2,1-2H3/b11-5+/t23-,26-/m1/s1",532.5,CHEMBL501437,10.1016/j.bmcl.2009.05.006,Antioxidant activity assessed as DPPH free radical scavenging activity 30 min (manual check),3.27572413039921,COc1cc(C2Oc3c(OC)cc4ccc(=O)oc4c3OC2COC(=O)C=Cc2ccc(O)cc2)ccc1O
1861,"InChI=1S/C21H18O4/c22-19-10-8-15(14-20(19)23)9-11-21(24)25-13-12-17-6-3-5-16-4-1-2-7-18(16)17/h1-11,14,22-23H,12-13H2/b11-9+",334.4,CHEMBL133491,10.1016/j.bmc.2013.08.057,Antioxidant activity assessed as DPPH radical scavenging activity after 30 mins by spectrophotometry,4.87942606879415,O=C(C=Cc1ccc(O)c(O)c1)OCCc1cccc2ccccc12
1543,"InChI=1S/C11H15N3O4/c12-7(11(17)18)5-6-10(16)14-13-8-3-1-2-4-9(8)15/h1-4,7,13,15H,5-6,12H2,(H,14,16)(H,17,18)/t7-/m0/s1",253.3,CHEMBL1210425,10.1016/j.bmcl.2017.11.012,Antioxidant activity assessed as DPPH radical scavenging activity incubated under dark condition for 30 mins by spectrophotometric analysis,4.46561609231434,NC(CCC(=O)NNc1ccccc1O)C(=O)O
2057,"InChI=1S/C17H16O3/c18-15(8-6-13-4-2-1-3-5-13)9-7-14-12-16(19)10-11-17(14)20/h1-5,7,9-12,19-20H,6,8H2/b9-7+",268.3,CHEMBL4579523,10.1016/j.ejmech.2019.06.060,Antioxidant activity assessed as DPPH radical scavenging activity incubated for 30 mins under dark condition,4.82275216374438,O=C(C=Cc1cc(O)ccc1O)CCc1ccccc1
2029,"InChI=1S/C17H14O4/c18-14-8-4-12(5-9-14)6-10-15(19)11-7-13-2-1-3-16(20)17(13)21/h1-11,18,20-21H/b10-6+,11-7+",282.3,CHEMBL4438975,10.1016/j.bmcl.2019.06.052,Antioxidant activity assessed as DPPH radical scavenging activity measured after 30 mins,4.39794000867204,O=C(C=Cc1ccc(O)cc1)C=Cc1cccc(O)c1O
1840,"InChI=1S/C28H23N3O5S/c1-3-36-27(35)22(30-31-28(37)29-17-13-11-16(2)12-14-17)15-23(32)20-9-6-10-21-24(20)26(34)19-8-5-4-7-18(19)25(21)33/h4-14H,3,15H2,1-2H3,(H2,29,31,37)/b30-22-",513.6,CHEMBL2393476,10.1016/j.ejmech.2013.03.071,Antioxidant activity assessed as DPPH radical scavenging activity after 30 mins by spectrophotometric analysis,4.38721614328026,CCOC(=O)C(CC(=O)c1cccc2c1C(=O)c1ccccc1C2=O)=NNC(=S)Nc1ccc(C)cc1
1977,"InChI=1S/C31H21N5O/c1-16-10-11-22-20(14-16)19-12-13-31(26(27(19)33-22)21(15-32)30(37)36-31)25-17-6-2-3-7-18(17)28-29(25)35-24-9-5-4-8-23(24)34-28/h2-11,14,25,33H,12-13H2,1H3,(H,36,37)",479.5,CHEMBL4205061,10.1016/j.ejmech.2018.03.056,Antioxidant activity assessed as DPPH radical scavenging activity incubated under dark condition for 30 mins,4.05434558617539,Cc1ccc2[nH]c3c(c2c1)CCC1(C2c4ccccc4-c4nc5ccccc5nc42)NC(=O)C(C#N)=C31
1219,"InChI=1S/C21H19NOS/c1-22-15-21(23,24-20-10-6-5-9-19(20)22)18-13-11-17(12-14-18)16-7-3-2-4-8-16/h2-14,23H,15H2,1H3",333.5,CHEMBL1915484,10.1021/jm401842e,Antioxidant activity assessed as DPPH radical scavenging activity after 30 mins,3.56703070912559,CN1CC(O)(c2ccc(-c3ccccc3)cc2)Sc2ccccc21
760,"InChI=1S/C23H24O10/c24-10-18-20(28)21(29)22(30)23(33-18)32-17-8-13(26)5-6-14(17)15-9-19(27)31-16(15)7-11-1-3-12(25)4-2-11/h1-6,8-9,16,18,20-26,28-30H,7,10H2/t16?,18-,20-,21+,22-,23-/m1/s1",460.4,CHEMBL3609496,10.1016/j.bmcl.2015.07.076,Antioxidant activity assessed as DPPH radical scavenging activity after 30 mins,4.33211314391593,O=C1C=C(c2ccc(O)cc2OC2OC(CO)C(O)C(O)C2O)C(Cc2ccc(O)cc2)O1
1171,"InChI=1S/C25H24N2O8/c1-5-33-25(29)22-15(3)26(17-7-6-8-18(12-17)27(30)31)14(2)21(24(28)32-4)23(22)16-9-10-19-20(11-16)35-13-34-19/h6-12,23H,5,13H2,1-4H3",480.5,CHEMBL2413662,10.1016/j.ejmech.2013.06.006,Antioxidant activity assessed as DPPH free radical scavenging activity under dark condition after 30 mins,3.09510608733281,CCOC(=O)C1=C(C)N(c2cccc([N+](=O)[O-])c2)C(C)=C(C(=O)OC)C1c1ccc2c(c1)OCO2
1968,"InChI=1S/C11H14O3/c1-4-14-11-7-9(13-3)5-6-10(11)8(2)12/h5-7H,4H2,1-3H3",194.2,CHEMBL3929511,10.1016/j.bmcl.2016.09.060,Antioxidant activity assessed as DPPH radical scavenging activity incubated for 30 mins in dark,1.40230481407449,CCOc1cc(OC)ccc1C(C)=O
659,"InChI=1S/C18H20FNO/c1-12-9-17(21)15(18(2,3)4)10-16(12)20-11-13-5-7-14(19)8-6-13/h5-11,21H,1-4H3/b20-11+",285.4,CHEMBL2316853,10.1016/j.bmcl.2012.12.001,Antioxidant activity assessed as DPPH radical scavenging activity in ethanol solution 30 min (manual check),4.02473408091535,Cc1cc(O)c(C(C)(C)C)cc1N=Cc1ccc(F)cc1
796,"InChI=1S/C17H13NO3/c19-12-6-7-15(17(21)9-12)18-10-14-13-4-2-1-3-11(13)5-8-16(14)20/h1-10,19-21H/b18-10+",279.3,CHEMBL3818051,10.1016/j.bmc.2016.06.012,Antioxidant activity assessed as DPPH free radical scavenging activity after 30 mins by spectrophotometry,4.86966623150499,Oc1ccc(N=Cc2c(O)ccc3ccccc23)c(O)c1
687,"InChI=1S/C9H6O3/c10-7-3-1-6-2-4-9(11)12-8(6)5-7/h1-5,10H",162.1,CHEMBL51628,10.1016/j.bmcl.2013.04.081,Antioxidant activity assessed as DPPH free radical scavenging activity by spectrophotometric analysis 30 min (manual check),3.65227581294286,O=c1ccc2ccc(O)cc2o1
1278,"InChI=1S/C16H20FNO2/c17-14-6-4-13(5-7-14)11-18-12-16(10-15(19)20)8-2-1-3-9-16/h4-7,11H,1-3,8-10,12H2,(H,19,20)/b18-11+",277.3,CHEMBL2236483,10.1007/s00044-010-9498-8,Antioxidant activity assessed as DPPH free radical scavenging activity after 30 min,3.32733935790356,O=C(O)CC1(CN=Cc2ccc(F)cc2)CCCCC1
1454,"InChI=1S/C16H13Cl2N3O/c17-13-3-1-12(2-4-13)9-21-10-15(19-20-21)11-22-16-7-5-14(18)6-8-16/h1-8,10H,9,11H2",334.2,CHEMBL3740142,10.1039/C5MD00057B,Antioxidant activity assessed as DPPH radical scavenging activity after 30 mins by spectrophotometric analysis,4.10736593821909,Clc1ccc(Cn2cc(COc3ccc(Cl)cc3)nn2)cc1
1370,"InChI=1S/C17H16O5/c1-21-16-8-4-11(9-17(16)22-2)3-6-14(19)13-10-12(18)5-7-15(13)20/h3-10,18,20H,1-2H3/b6-3+",300.3,CHEMBL2296455,10.1007/s00044-012-0413-3,Antioxidant activity assessed as DPPH free radical scavenging activity after 30 min by spectrophotometeric analysis,3.35625817937404,COc1ccc(C=CC(=O)c2cc(O)ccc2O)cc1OC
607,"InChI=1S/C39H52O11/c1-2-3-4-5-6-7-8-9-10-11-12-13-14-15-16-17-34(44)48-26-33-36(45)37(46)38(47)39(50-33)49-32-25-29(41)24-31(43)35(32)30(42)23-20-27-18-21-28(40)22-19-27/h3-4,6-7,9-10,18-19,21-22,24-25,33,36-41,43,45-47H,2,5,8,11-17,20,23,26H2,1H3/b4-3-,7-6-,10-9-/t33-,36-,37+,38-,39-/m1/s1",696.8,CHEMBL2316186,10.1016/j.bmc.2012.11.034,Antioxidant activity assessed as DPPH radical scavenging activity 30 min (manual check),2.54157368501279,CCC=CCC=CCC=CCCCCCCCC(=O)OCC1OC(Oc2cc(O)cc(O)c2C(=O)CCc2ccc(O)cc2)C(O)C(O)C1O
1225,"InChI=1S/C20H17NO4/c1-21(2)14-10-7-13(8-11-14)9-12-16(22)18-19(23)15-5-3-4-6-17(15)25-20(18)24/h3-12,23H,1-2H3/b12-9+",335.4,CHEMBL2234259,10.1007/s00044-010-9326-1,Antioxidant activity assessed as DPPH free radical scavenging activity after 30 min,5.62160209905186,CN(C)c1ccc(C=CC(=O)c2c(O)c3ccccc3oc2=O)cc1
638,"InChI=1S/C17H18BrNO/c1-11(2)15-9-17(20)12(3)8-16(15)19-10-13-4-6-14(18)7-5-13/h4-11,20H,1-3H3/b19-10+",332.2,CHEMBL2316824,10.1016/j.bmcl.2012.12.001,Antioxidant activity assessed as DPPH radical scavenging activity in ethanol solution 30 min (manual check),4.1453704463872,Cc1cc(N=Cc2ccc(Br)cc2)c(C(C)C)cc1O
1381,"InChI=1S/C32H40N4O5S/c37-26-18-16-22(17-19-26)20-27(34-29(38)23-10-4-1-5-11-23)30(39)35-28(21-42)31(40)36(25-14-8-3-9-15-25)32(41)33-24-12-6-2-7-13-24/h1,4-5,10-11,16-20,24-25,28,37,42H,2-3,6-9,12-15,21H2,(H,33,41)(H,34,38)(H,35,39)/b27-20+",592.8,CHEMBL3237201,10.1016/j.ejmech.2014.03.037,Antioxidant activity assessed as DPPH radical scavenging activity after 20 to 30 mins,4.32642620357695,O=C(NC(CS)C(=O)N(C(=O)NC1CCCCC1)C1CCCCC1)C(=Cc1ccc(O)cc1)NC(=O)c1ccccc1
1877,"InChI=1S/C12H10N4OS/c17-10(9-5-2-1-3-6-9)15-12(18)16-11-13-7-4-8-14-11/h1-8H,(H2,13,14,15,16,17,18)",258.3,CHEMBL3087541,10.1016/j.ejmech.2013.10.012,Antioxidant activity assessed as DPPH free radical scavenging activity after 30 mins,3.55909091793478,O=C(NC(=S)Nc1ncccn1)c1ccccc1
865,"InChI=1S/C20H17NO5/c1-2-9-21-19(25)8-5-12-3-7-16(23)20-14(12)11-18(26-20)13-4-6-15(22)17(24)10-13/h2-8,10-11,22-24H,1,9H2,(H,21,25)/b8-5+",351.4,CHEMBL4285900,10.1016/j.ejmech.2018.01.096,Antioxidant activity assessed as DPPH radical scavenging activity after 30 mins by spectrophotometric analysis,5.1791420105603,C=CCNC(=O)C=Cc1ccc(O)c2oc(-c3ccc(O)c(O)c3)cc12
1980,"InChI=1S/C31H21N5O/c1-16-10-11-17-20-12-13-31(26(21(15-32)30(37)36-31)27(20)35-24(17)14-16)25-18-6-2-3-7-19(18)28-29(25)34-23-9-5-4-8-22(23)33-28/h2-11,14,25,35H,12-13H2,1H3,(H,36,37)",479.5,CHEMBL4212849,10.1016/j.ejmech.2018.03.056,Antioxidant activity assessed as DPPH radical scavenging activity incubated under dark condition for 30 mins,4.23456220972852,Cc1ccc2c3c([nH]c2c1)C1=C(C#N)C(=O)NC1(C1c2ccccc2-c2nc4ccccc4nc21)CC3
1620,"InChI=1S/C45H50O14/c1-54-35-22-28(14-18-32(35)48)44-38(57-34-19-15-29(23-36(34)58-44)45-43(53)42(52)41-33(49)24-31(47)25-37(41)59-45)26-56-40(51)11-9-7-5-3-2-4-6-8-10-39(50)55-21-20-27-12-16-30(46)17-13-27/h12-19,22-25,38,43-49,53H,2-11,20-21,26H2,1H3/t38-,43+,44-,45-/m1/s1",814.9,CHEMBL4088664,10.1016/j.ejmech.2016.12.051,Antioxidant activity assessed as DPPH radical scavenging activity after 30 mins by spectrophotometric method,3.59687947882418,COc1cc(C2Oc3cc(C4Oc5cc(O)cc(O)c5C(=O)C4O)ccc3OC2COC(=O)CCCCCCCCCCC(=O)OCCc2ccc(O)cc2)ccc1O
567,"InChI=1S/C19H16N2O4S/c22-26(23,13-16-20-11-12-24-16)19-17(14-7-3-1-4-8-14)21-25-18(19)15-9-5-2-6-10-15/h1-10H,11-13H2",368.4,CHEMBL1829939,10.1016/j.ejmech.2011.08.010,Antioxidant activity assessed as DPPH free radical scavenging activity after 30 mins by spectrophotometric analysis,3.72452232265046,O=S(=O)(CC1=NCCO1)c1c(-c2ccccc2)noc1-c1ccccc1
116,"InChI=1S/C17H13Cl2N3O3S/c18-11-2-3-12(19)13(8-11)20-9-22-17(26)25-16(21-22)10-1-4-14-15(7-10)24-6-5-23-14/h1-4,7-8,20H,5-6,9H2",410.3,CHEMBL2435570,10.1016/j.bmc.2013.08.002,Antioxidant activity assessed as DPPH free radical scavenging activity after 30 mins by spectrophotometric analysis,4.45518808824222,S=c1oc(-c2ccc3c(c2)OCCO3)nn1CNc1cc(Cl)ccc1Cl
1179,"InChI=1S/C20H23NO6/c1-5-24-19(22)16-11(3)21-12(4)17(20(23)25-6-2)18(16)13-7-8-14-15(9-13)27-10-26-14/h7-9,18,21H,5-6,10H2,1-4H3",373.4,CHEMBL2063951,10.1016/j.ejmech.2013.06.006,Antioxidant activity assessed as DPPH free radical scavenging activity under dark condition after 30 mins,2.99814304588534,CCOC(=O)C1=C(C)NC(C)=C(C(=O)OCC)C1c1ccc2c(c1)OCO2
666,"InChI=1S/C16H18N2O/c1-11(2)14-8-15(12(3)7-16(14)19)18-10-13-5-4-6-17-9-13/h4-11,19H,1-3H3/b18-10+",254.3,CHEMBL2316847,10.1016/j.bmcl.2012.12.001,Antioxidant activity assessed as DPPH radical scavenging activity in ethanol solution 30 min (manual check),3.82785456033848,Cc1cc(O)c(C(C)C)cc1N=Cc1cccnc1
1452,"InChI=1S/C16H13ClN4O3/c17-13-3-7-16(8-4-13)24-11-14-10-20(19-18-14)9-12-1-5-15(6-2-12)21(22)23/h1-8,10H,9,11H2",344.8,CHEMBL3741766,10.1039/C5MD00057B,Antioxidant activity assessed as DPPH radical scavenging activity after 30 mins by spectrophotometric analysis,4.15375189117224,O=[N+]([O-])c1ccc(Cn2cc(COc3ccc(Cl)cc3)nn2)cc1
859,"InChI=1S/C23H16FNO5/c24-15-4-6-16(7-5-15)25-22(29)10-3-13-1-9-19(27)23-17(13)12-21(30-23)14-2-8-18(26)20(28)11-14/h1-12,26-28H,(H,25,29)/b10-3+",405.4,CHEMBL4286280,10.1016/j.ejmech.2018.01.096,Antioxidant activity assessed as DPPH radical scavenging activity after 30 mins by spectrophotometric analysis,5.1791420105603,O=C(C=Cc1ccc(O)c2oc(-c3ccc(O)c(O)c3)cc12)Nc1ccc(F)cc1
994,"InChI=1S/C16H16O6/c1-21-14-4-3-9(6-15(14)22-2)5-11(18)16-12(19)7-10(17)8-13(16)20/h3-4,6-8,17,19-20H,5H2,1-2H3",304.3,CHEMBL551196,10.1016/j.bmc.2009.05.019,Antioxidant activity assessed as DPPH radical scavenging activity incubated at 40 degC in dark after 30 mins,5.86966623150499,COc1ccc(CC(=O)c2c(O)cc(O)cc2O)cc1OC
1791,"InChI=1S/C24H20O9/c25-14-4-1-12(2-5-14)3-6-22(30)32-21-11-16-17(27)9-15(26)10-20(16)33-24(21)13-7-18(28)23(31)19(29)8-13/h1-10,21,24-29,31H,11H2/b6-3-/t21-,24-/m1/s1",452.4,CHEMBL1957042,10.1016/j.bmc.2012.02.002,Antioxidant activity assessed as DPPH radical scavenging activity after 30 mins by spectrophotometry,4.46846098131303,O=C(C=Cc1ccc(O)cc1)OC1Cc2c(O)cc(O)cc2OC1c1cc(O)c(O)c(O)c1
1914,"InChI=1S/C15H13ClO3S/c16-13-4-1-12(2-5-13)10-20(19)8-7-11-3-6-14(17)15(18)9-11/h1-9,17-18H,10H2/b8-7+",308.8,CHEMBL3259976,10.1021/jm500258v,Antioxidant activity assessed as DPPH free radical scavenging effect after 30 mins by spectrophotometric analysis,5.09151498112135,O=S(C=Cc1ccc(O)c(O)c1)Cc1ccc(Cl)cc1
1674,InChI=1S/C19H11IO2/c20-16-8-4-3-7-14(16)18-11-17(21)15-10-9-12-5-1-2-6-13(12)19(15)22-18/h1-11H,398.2,CHEMBL4096846,10.1039/C8MD00512E,Antioxidant activity assessed as DPPH radical scavenging activity shaken for 1 min and incubated under dark condition for 30 mins by spectrophotometric analysis,5.13489602535887,O=c1cc(-c2ccccc2I)oc2c1ccc1ccccc12
1024,"InChI=1S/C44H48O21/c1-23(47)60-41-39(55)40(62-36(52)15-9-25-6-12-28(49)31(18-25)57-3)33(20-45)61-43(41)65-44(22-46)42(63-37(53)16-10-26-7-13-29(50)32(19-26)58-4)38(54)34(64-44)21-59-35(51)14-8-24-5-11-27(48)30(17-24)56-2/h5-19,33-34,38-43,45-46,48-50,54-55H,20-22H2,1-4H3/b14-8+,15-9+,16-10+/t33-,34-,38-,39+,40-,41-,42+,43-,44+/m1/s1",912.8,CHEMBL1224879,10.1021/np100181c,Antioxidant activity assessed as DPPH radical scavenging activity after 30 mins by ELISA reader,4.1605219526258,COc1cc(C=CC(=O)OCC2OC(CO)(OC3OC(CO)C(OC(=O)C=Cc4ccc(O)c(OC)c4)C(O)C3OC(C)=O)C(OC(=O)C=Cc3ccc(O)c(OC)c3)C2O)ccc1O
1769,"InChI=1S/C27H34O3S/c1-18-8-6-11-25-26(2,12-7-13-27(18,25)3)16-20-14-22(30)24(15-21(20)29)31-23-10-5-4-9-19(23)17-28/h4-5,8-10,14-15,25,28-30H,6-7,11-13,16-17H2,1-3H3/t25-,26-,27+/m0/s1",438.6,CHEMBL575633,10.1021/np800318m,Antioxidant activity assessed as DPPH radical scavenging activity 30 min (manual check),4.04575749056067,CC1=CCCC2C(C)(Cc3cc(O)c(Sc4ccccc4CO)cc3O)CCCC12C
1200,"InChI=1S/C26H20O5/c1-29-21-9-5-8-19(14-21)17-30-22-12-11-20-15-23(26(28)31-25(20)16-22)24(27)13-10-18-6-3-2-4-7-18/h2-16H,17H2,1H3/b13-10+",412.4,CHEMBL2425230,10.1016/j.ejmech.2013.07.014,Antioxidant activity assessed as DPPH free radical scavenging activity after 30 mins,3.05060999335509,COc1cccc(COc2ccc3cc(C(=O)C=Cc4ccccc4)c(=O)oc3c2)c1
237,"InChI=1S/C24H19Cl2FN2O3/c1-14-3-5-15(6-4-14)21-13-24(31,18-9-8-17(25)12-19(18)26)29(28-21)23(30)16-7-10-22(32-2)20(27)11-16/h3-12,31H,13H2,1-2H3",473.3,CHEMBL3739829,10.1016/j.ejmech.2015.09.029,Antioxidant activity assessed as DPPH free radical scavenging activity after 30 mins by spectrophotometric assay,4.28899439553718,COc1ccc(C(=O)N2N=C(c3ccc(C)cc3)CC2(O)c2ccc(Cl)cc2Cl)cc1F
465,"InChI=1S/C21H17N3S/c1-2-7-14(8-3-1)21-20(15-9-4-5-10-16(15)22-21)18-13-17(23-24-18)19-11-6-12-25-19/h1-12,18,22,24H,13H2",343.5,CHEMBL4174463,10.1016/j.ejmech.2018.01.026,Antioxidant activity assessed as inhibition of DPPH radical formation after 30 mins,4.27347565166514,c1ccc(-c2[nH]c3ccccc3c2C2CC(c3cccs3)=NN2)cc1
911,"InChI=1S/C16H13N3O4S.H2O/c20-12-8-4-7-11(14(12)22)15-18-19-16(24-15)17-13(21)9-23-10-5-2-1-3-6-10;/h1-8,20,22H,9H2,(H,17,19,21);1H2",361.4,CHEMBL4072391,10.1016/j.bmcl.2017.07.003,Antioxidant activity assessed as DPPH radical scavenging activity after 30 mins in absence of light,4.77989191195995,O=C(COc1ccccc1)Nc1nnc(-c2cccc(O)c2O)s1
1001,"InChI=1S/C15H14O5/c1-20-10-4-2-9(3-5-10)8-13(17)11-6-7-12(16)15(19)14(11)18/h2-7,16,18-19H,8H2,1H3",274.3,CHEMBL267605,10.1016/j.bmc.2009.05.019,Antioxidant activity assessed as DPPH radical scavenging activity incubated at 40 degC in dark after 30 mins,4.66474274356547,COc1ccc(CC(=O)c2ccc(O)c(O)c2O)cc1
471,"InChI=1S/C17H11N3O3/c21-15(20-17-18-12-6-2-3-7-13(12)19-17)11-9-10-5-1-4-8-14(10)23-16(11)22/h1-9H,(H2,18,19,20,21)",305.3,CHEMBL4454022,10.1016/j.ejmech.2019.06.010,Antioxidant activity assessed as DPPH radical scavenging activity after 30 mins by UV-Vis spectrophotometeric analysis,2.92081875395238,O=C(Nc1nc2ccccc2[nH]1)c1cc2ccccc2oc1=O
883,"InChI=1S/C13H9FN6S/c14-10-3-1-9(2-4-10)7-17-20-12(18-19-13(20)21)11-8-15-5-6-16-11/h1-8H,(H,19,21)/b17-7+",300.3,CHEMBL3098265,10.1016/j.bmcl.2017.06.053,Antioxidant activity assessed as DPPH free radical scavenging activity after 30 mins,4.23062267392386,Fc1ccc(C=Nn2c(S)nnc2-c2cnccn2)cc1
1970,"InChI=1S/C15H22O3/c1-4-5-6-7-10-18-15-11-13(17-3)8-9-14(15)12(2)16/h8-9,11H,4-7,10H2,1-3H3",250.3,CHEMBL3975650,10.1016/j.bmcl.2016.09.060,Antioxidant activity assessed as DPPH radical scavenging activity incubated for 30 mins in dark,1.37059040089728,CCCCCCOc1cc(OC)ccc1C(C)=O
1429,"InChI=1S/C20H21NO4/c1-4-12-6-5-7-14(8-12)21-20(23)16-9-13-10-17(24-2)18(25-3)11-15(13)19(16)22/h5-8,10-11,16H,4,9H2,1-3H3,(H,21,23)",339.4,CHEMBL3633483,10.1016/j.bmcl.2015.10.051,Antioxidant activity assessed as DPPH scavenging activity at 10 to 60 ug/ml after 30 mins,3.72378606109792,CCc1cccc(NC(=O)C2Cc3cc(OC)c(OC)cc3C2=O)c1
1189,"InChI=1S/C16H16O4/c1-19-13-8-10-4-3-9-7-11(17)5-6-12(9)14(10)16(20-2)15(13)18/h5-8,17-18H,3-4H2,1-2H3",272.3,CHEMBL1082453,10.1016/j.ejmech.2013.06.016,Antioxidant activity assessed as DPPH free radical scavenging activity after 30 mins,4.42305452668071,COc1cc2c(c(OC)c1O)-c1ccc(O)cc1CC2
757,"InChI=1S/C22H22O10/c23-6-17-18(24)19(25)20(26)22(32-17)30-9-1-2-10-13(3-9)27-7-12-11-4-15-16(29-8-28-15)5-14(11)31-21(10)12/h1-5,12,17-26H,6-8H2/t12?,17-,18-,19+,20-,21?,22-/m1/s1",446.4,CHEMBL3609499,10.1016/j.bmcl.2015.07.076,Antioxidant activity assessed as DPPH radical scavenging activity after 30 mins,4.20163651923718,OCC1OC(Oc2ccc3c(c2)OCC2c4cc5c(cc4OC32)OCO5)C(O)C(O)C1O
2088,"InChI=1S/C8H7Br3O4S/c1-16(14,15)2-3-4(9)6(11)8(13)7(12)5(3)10/h12-13H,2H2,1H3",438.9,CHEMBL228910,10.1021/np070061b,DPPH radical scavenging activity 30 min (manual check),4.61978875828839,CS(=O)(=O)Cc1c(Br)c(O)c(O)c(Br)c1Br
727,"InChI=1S/C19H18N4O3/c1-26-14-8-6-13(7-9-14)12-20-23-18(24)11-10-17-21-16-5-3-2-4-15(16)19(25)22-17/h2-9,12H,10-11H2,1H3,(H,23,24)(H,21,22,25)/b20-12+",350.4,CHEMBL3397969,10.1016/j.bmcl.2015.01.010,Antioxidant activity assessed as DPPH scavenging activity after 30 mins by spectrophotometry,0.669586226650809,COc1ccc(C=NNC(=O)CCc2nc3ccccc3c(=O)[nH]2)cc1
1107,"InChI=1S/C13H17NO5S/c1-18-11-5-8(3-4-10(11)15)6-12(16)14-9(7-20)13(17)19-2/h3-5,9,15,20H,6-7H2,1-2H3,(H,14,16)/t9-/m0/s1",299.3,CHEMBL1950215,10.1016/j.ejmech.2012.02.018,Antioxidant activity assessed as DPPH free radical scavenging activity by UV-Vis spectrophotometry 30 min (manual check),4.08618614761628,COC(=O)C(CS)NC(=O)Cc1ccc(O)c(OC)c1
1761,"InChI=1S/C16H14O4/c1-19-14-8-12-9(6-13(14)18)3-4-10-5-11(17)7-15(20-2)16(10)12/h3-8,17-18H,1-2H3",270.3,CHEMBL509668,10.1016/j.bmc.2009.02.057,Antioxidant activity assessed as DPPH radical scavenging activity after 30 mins by microplate reader assay,3.93491639762551,COc1cc2c(ccc3cc(O)cc(OC)c32)cc1O
842,"InChI=1S/C31H42F2N2O2/c1-30(2,3)25-17-22(18-26(29(25)37)31(4,5)6)7-10-28(36)34-14-11-21-12-15-35(16-13-21)20-23-8-9-24(32)19-27(23)33/h7-10,17-19,21,37H,11-16,20H2,1-6H3,(H,34,36)/b10-7+",512.7,CHEMBL4291697,10.1016/j.ejmech.2018.08.005,Antioxidant activity assessed as DPPH radical scavenging activity measured after 30 mins incubation in dark by UV-Visible spectrophotometric analysis,4.20481541031758,CC(C)(C)c1cc(C=CC(=O)NCCC2CCN(Cc3ccc(F)cc3F)CC2)cc(C(C)(C)C)c1O
798,"InChI=1S/C17H13NO2/c19-16-10-9-12-5-1-2-6-13(12)14(16)11-18-15-7-3-4-8-17(15)20/h1-11,19-20H/b18-11+",263.3,CHEMBL1984884,10.1016/j.bmc.2016.06.012,Antioxidant activity assessed as DPPH free radical scavenging activity after 30 mins by spectrophotometry,4.4145392704915,Oc1ccccc1N=Cc1c(O)ccc2ccccc12
119,"InChI=1S/C17H14ClN3O3S/c18-12-2-1-3-13(9-12)19-10-21-17(25)24-16(20-21)11-4-5-14-15(8-11)23-7-6-22-14/h1-5,8-9,19H,6-7,10H2",375.8,CHEMBL2435567,10.1016/j.bmc.2013.08.002,Antioxidant activity assessed as DPPH free radical scavenging activity after 30 mins by spectrophotometric analysis,4.64263696938486,S=c1oc(-c2ccc3c(c2)OCCO3)nn1CNc1cccc(Cl)c1
921,"InChI=1S/C20H26O5/c1-10(2)12-9-11-5-6-13-19(3)7-4-8-20(13,18(24)25-17(19)23)14(11)16(22)15(12)21/h9-10,13,17,21-23H,4-8H2,1-3H3/t13-,17+,19-,20+/m0/s1",346.4,CHEMBL4447242,10.1021/acs.jnatprod.8b00952,Antioxidant activity assessed as DPPH radical scavenging activity measured after 30 mins,4.60554831917378,CC(C)c1cc2c(c(O)c1O)C13CCCC(C)(C(O)OC1=O)C3CC2
1962,"InChI=1S/C15H21BrO3/c1-4-5-6-7-8-19-14-10-15(18-3)13(16)9-12(14)11(2)17/h9-10H,4-8H2,1-3H3",329.2,CHEMBL3891162,10.1016/j.bmcl.2016.09.060,Antioxidant activity assessed as DPPH radical scavenging activity incubated for 30 mins in dark,1.37263414340727,CCCCCCOc1cc(OC)c(Br)cc1C(C)=O
1870,"InChI=1S/C17H22O4/c18-15-8-6-14(12-16(15)19)7-9-17(20)21-11-10-13-4-2-1-3-5-13/h6-9,12-13,18-19H,1-5,10-11H2/b9-7+",290.4,CHEMBL2441912,10.1016/j.bmc.2013.08.057,Antioxidant activity assessed as DPPH radical scavenging activity after 30 mins by spectrophotometry,4.82102305270683,O=C(C=Cc1ccc(O)c(O)c1)OCCC1CCCCC1
481,"InChI=1S/C19H12N4S2/c20-10-13-5-7-14(8-6-13)17-12-24-19(22-17)23-21-11-16-9-15-3-1-2-4-18(15)25-16/h1-9,11-12H,(H,22,23)/b21-11+",360.5,CHEMBL4552337,10.1016/j.ejmech.2019.111765,Antioxidant activity assessed as DPPH radical scavenging activity incubated for 30 mins under dark condition by Uv-vis spectrophotometric method,4.63078414258986,N#Cc1ccc(-c2csc(NN=Cc3cc4ccccc4s3)n2)cc1
585,"InChI=1S/C21H13FN6O3S/c1-11-16-18(25-14-6-4-13(22)5-7-14)23-10-24-21(16)32-17(11)20-27-26-19(31-20)12-2-8-15(9-3-12)28(29)30/h2-10H,1H3,(H,23,24,25)",448.4,CHEMBL2151332,10.1016/j.ejmech.2012.10.007,Antioxidant activity assessed as inhibition of DPPH free radical production after 30 mins by spectrophotometric analysis,4.3311039237277,Cc1c(-c2nnc(-c3ccc([N+](=O)[O-])cc3)o2)sc2ncnc(Nc3ccc(F)cc3)c12
1238,"InChI=1S/C26H19N3O4/c1-15-6-10-17(11-7-15)27-24-19-4-3-5-20-23(19)21(14-22(24)29(32)33)26(31)28(25(20)30)18-12-8-16(2)9-13-18/h3-14,27H,1-2H3",437.5,CHEMBL2234766,10.1007/s00044-010-9384-4,Antioxidant activity assessed as DPPH radical scavenging activity 30 min (manual check),4.37468754903833,Cc1ccc(Nc2c([N+](=O)[O-])cc3c4c(cccc24)C(=O)N(c2ccc(C)cc2)C3=O)cc1
1221,"InChI=1S/C13H10FNO/c14-11-5-3-4-10(8-11)9-15-12-6-1-2-7-13(12)16/h1-9,16H/b15-9+",215.2,CHEMBL3098342,10.1016/j.ejmech.2013.10.068,Antioxidant activity assessed as DPPH free radical scavenging activity after 30 mins by spectrophotometric analysis,4.43415218132648,Oc1ccccc1N=Cc1cccc(F)c1
1069,"InChI=1S/C23H17BrN4/c1-12-2-9-19-17(10-12)15-7-8-16-20(13-3-5-14(24)6-4-13)18(11-25)23(26)28-22(16)21(15)27-19/h2-6,9-10,27H,7-8H2,1H3,(H2,26,28)",429.3,CHEMBL1910955,10.1016/j.ejmech.2011.09.024,Antioxidant activity assessed as DPPH radical scavenging activity after 30 mins by micro plate reader,3.48598189917161,Cc1ccc2[nH]c3c(c2c1)CCc1c-3nc(N)c(C#N)c1-c1ccc(Br)cc1
896,"InChI=1S/C13H9F2N7S2/c14-7-1-2-9(8(15)5-7)18-12(23)21-22-11(19-20-13(22)24)10-6-16-3-4-17-10/h1-6H,(H,20,24)(H2,18,21,23)",365.4,CHEMBL4066987,10.1016/j.bmcl.2017.06.053,Antioxidant activity assessed as DPPH free radical scavenging activity after 30 mins,4.2298847052129,Fc1ccc(NC(=S)Nn2c(S)nnc2-c2cnccn2)c(F)c1
230,"InChI=1S/C22H23NO7.ClH/c1-28-22-20(27)19-17(29-9-8-23-6-2-3-7-23)11-14(24)12-18(19)30-21(22)13-4-5-15(25)16(26)10-13;/h4-5,10-12,24-26H,2-3,6-9H2,1H3;1H",449.9,CHEMBL3593749,10.1016/j.bmc.2015.05.023,Antioxidant activity assessed as DPPH radical scavenging activity after 30 min,4.07572071393812,COc1c(-c2ccc(O)c(O)c2)oc2cc(O)cc(OCCN3CCCC3)c2c1=O
161,"InChI=1S/C18H18N2O/c1-13-8-7-9-15(12-13)17-14(2)19-20(18(17)21-3)16-10-5-4-6-11-16/h4-12H,1-3H3",278.4,CHEMBL3793398,10.1016/j.bmcl.2016.03.024,Antioxidant activity assessed as DPPH free radical scavenging activity incubated for 30 mins in dark condition by spectrophotometric method,4.02306530406869,COc1c(-c2cccc(C)c2)c(C)nn1-c1ccccc1
1214,"InChI=1S/C21H18O13/c22-7-4-10(25)12-11(5-7)32-17(6-1-2-8(23)9(24)3-6)18(13(12)26)33-21-16(29)14(27)15(28)19(34-21)20(30)31/h1-5,14-16,19,21-25,27-29H,(H,30,31)/t14-,15-,16+,19-,21+/m0/s1",478.4,CHEMBL520546,10.1021/np034002j,Antioxidant activity assessed as DPPH radical scavenging activity after 30 mins,4.39103704500174,O=C(O)C1OC(Oc2c(-c3ccc(O)c(O)c3)oc3cc(O)cc(O)c3c2=O)C(O)C(O)C1O
55,"InChI=1S/C17H13NO4/c19-17-8-13(10-18-20)15-7-6-14(9-16(15)22-17)21-11-12-4-2-1-3-5-12/h1-10,20H,11H2/b18-10-",295.3,CHEMBL1909920,10.1016/j.bmcl.2011.09.029,Antioxidant activity assessed as DPPH free radical scavenging activity after 30 mins by spectrophotometric analysis,2.61831826846901,O=c1cc(C=NO)c2ccc(OCc3ccccc3)cc2o1
1176,"InChI=1S/C26H26N2O8/c1-5-33-25(29)22-15(3)27(18-8-7-9-19(13-18)28(31)32)16(4)23(26(30)34-6-2)24(22)17-10-11-20-21(12-17)36-14-35-20/h7-13,24H,5-6,14H2,1-4H3",494.5,CHEMBL2413657,10.1016/j.ejmech.2013.06.006,Antioxidant activity assessed as DPPH free radical scavenging activity under dark condition after 30 mins,3.13425967089709,CCOC(=O)C1=C(C)N(c2cccc([N+](=O)[O-])c2)C(C)=C(C(=O)OCC)C1c1ccc2c(c1)OCO2
262,"InChI=1S/C20H27NO5/c1-25-19-11-15(5-7-17(19)23)13-21(9-3-4-10-22)14-16-6-8-18(24)20(12-16)26-2/h5-8,11-12,22-24H,3-4,9-10,13-14H2,1-2H3",361.4,CHEMBL4281705,10.1016/j.ejmech.2017.11.072,Antioxidant activity assessed as DPPH radical scavenging activity after 30 mins,4.67778070526608,COc1cc(CN(CCCCO)Cc2ccc(O)c(OC)c2)ccc1O
1703,"InChI=1S/C15H11Br3O5/c16-9-2-6(3-12(19)14(9)21)1-8(15(22)23)7-4-10(17)13(20)11(18)5-7/h2-5,8,19-21H,1H2,(H,22,23)",511.0,CHEMBL241791,10.1016/j.bmc.2007.08.023,DPPH radical scavenging activity relative to control 30 min (manual check),4.65955588515988,O=C(O)C(Cc1cc(O)c(O)c(Br)c1)c1cc(Br)c(O)c(Br)c1
450,"InChI=1S/C27H18N2O4/c28-14-16-9-11-17(12-10-16)20(21-15-29-22-7-3-1-5-18(21)22)13-23(30)25-26(31)19-6-2-4-8-24(19)33-27(25)32/h1-12,15,20,29,31H,13H2",434.5,CHEMBL3753262,10.1016/j.bmcl.2015.12.085,Antioxidant activity of the compound assessed as DPPH radical scavenging after 30 mins by spectrophotometric analysis,4.50000304806115,N#Cc1ccc(C(CC(=O)c2c(O)c3ccccc3oc2=O)c2c[nH]c3ccccc23)cc1
338,"InChI=1S/C9H9NOS2/c1-2-11-6-3-4-7-8(5-6)13-9(12)10-7/h3-5H,2H2,1H3,(H,10,12)",211.3,CHEMBL568708,10.1016/j.bmc.2009.05.039,Antioxidant activity assessed as DPPH free radical scavenging activity by UV spectroscopic method 30 min (manual check),4.33724216831843,CCOc1ccc2nc(S)sc2c1
497,"InChI=1S/C32H32O8/c1-36-21-9-5-7-18(13-21)11-12-20-16-26(38-3)29(35)31-27(20)23(15-19-8-6-10-22(14-19)37-2)24-17-25(33)28(34)32(39-4)30(24)40-31/h5-10,13-14,16-17,23,33-35H,11-12,15H2,1-4H3",544.6,CHEMBL219101,10.1021/np060449r,Antioxidant activity assessed by DPPH radical scavenging assay 30 min (manual check),4.67778070526608,COc1cccc(CCc2cc(OC)c(O)c3c2C(Cc2cccc(OC)c2)c2cc(O)c(O)c(OC)c2O3)c1
1898,"InChI=1S/C13H14O3/c1-7(2)12-6-10-11(16-12)5-4-9(8(3)14)13(10)15/h4-5,12,15H,1,6H2,2-3H3/t12-/m1/s1",218.3,CHEMBL2271142,10.1021/jf011108g,Antioxidant activity assessed as DPPH free radical scavenging activity after 30 min by TLC autographic assay,4.27408836770495,C=C(C)C1Cc2c(ccc(C(C)=O)c2O)O1
464,"InChI=1S/C22H17N3O/c1-2-6-16(7-3-1)22-21(17-8-4-5-9-18(17)24-22)20-14-19(25-26-20)15-10-12-23-13-11-15/h1-13,20,24H,14H2",339.4,CHEMBL4169971,10.1016/j.ejmech.2018.01.026,Antioxidant activity assessed as inhibition of DPPH radical formation after 30 mins,3.75299509937203,c1ccc(-c2[nH]c3ccccc3c2C2CC(c3ccncc3)=NO2)cc1
704,"InChI=1S/C17H17NO/c1-2-6-13(7-3-1)15-12-19-16-10-4-8-14-9-5-11-18(15)17(14)16/h1-4,6-8,10,15H,5,9,11-12H2",251.3,CHEMBL3086049,10.1016/j.bmcl.2013.09.088,Antioxidant activity assessed as DPPH free radical scavenging activity after 30 mins by spectrophotometry,4.10347378251045,c1ccc(C2COc3cccc4c3N2CCC4)cc1
1712,"InChI=1S/C19H20O6/c20-14-4-1-10-2-6-16(22)18(24)19(25)17(23)9-11-3-5-15(21)13(8-11)12(14)7-10/h1,3-5,7-8,17-21,23-25H,2,6,9H2/t17-,18-,19-/m0/s1",344.4,CHEMBL520000,10.1021/np020048l,Antioxidant activity assessed as DPPH free radical scavenging activity after 30 mins,3.63288877449745,O=C1CCc2ccc(O)c(c2)-c2cc(ccc2O)CC(O)C(O)C1O
1344,"InChI=1S/C17H14N2O4/c1-9-7-13-15(17(20)22-9)14(12(8-18)16(19)23-13)10-3-5-11(21-2)6-4-10/h3-7,14H,19H2,1-2H3",310.3,CHEMBL2282427,10.1007/s00044-013-0586-4,Antioxidant activity assessed as inhibition of DPPH radical after 30 mins by spectrophotometric analysis,3.28427235381505,COc1ccc(C2C(C#N)=C(N)Oc3cc(C)oc(=O)c32)cc1
1253,"InChI=1S/C16H15NO2/c1-2-3-10-17-15(18)12-8-4-6-11-7-5-9-13(14(11)12)16(17)19/h4-9H,2-3,10H2,1H3",253.3,CHEMBL2234771,10.1007/s00044-010-9384-4,Antioxidant activity assessed as DPPH radical scavenging activity 30 min (manual check),3.73849922680172,CCCCN1C(=O)c2cccc3cccc(c23)C1=O
1685,"InChI=1S/C23H24O6/c1-6-23(4,5)18-20(27)12(8-7-11(2)3)22-17(21(18)28)19(26)13-9-14(24)15(25)10-16(13)29-22/h6-7,9-10,24-25,27-28H,1,8H2,2-5H3",396.4,CHEMBL370126,10.1016/j.bmcl.2005.08.099,DPPH radical scavenging activity of Cudriana tricuspidata extracts 30 min (manual check),4.81247927916354,C=CC(C)(C)c1c(O)c(CC=C(C)C)c2oc3cc(O)c(O)cc3c(=O)c2c1O
762,"InChI=1S/C22H22O9/c1-28-12-4-2-11(3-5-12)15-10-29-16-8-13(6-7-14(16)18(15)24)30-22-21(27)20(26)19(25)17(9-23)31-22/h2-8,10,17,19-23,25-27H,9H2,1H3/t17-,19-,20+,21-,22-/m1/s1",430.4,CHEMBL465980,10.1016/j.bmcl.2015.07.076,Antioxidant activity assessed as DPPH radical scavenging activity after 30 mins,4.10022728385957,COc1ccc(-c2coc3cc(OC4OC(CO)C(O)C(O)C4O)ccc3c2=O)cc1
1334,"InChI=1S/C18H12BrN3O3/c1-8-4-14-16(18(23)24-8)15(11(6-20)17(21)25-14)12-7-22-13-3-2-9(19)5-10(12)13/h2-5,7,15,22H,21H2,1H3",398.2,CHEMBL2282436,10.1007/s00044-013-0586-4,Antioxidant activity assessed as inhibition of DPPH radical after 30 mins by spectrophotometric analysis,3.35633023054158,Cc1cc2c(c(=O)o1)C(c1c[nH]c3ccc(Br)cc13)C(C#N)=C(N)O2
1556,"InChI=1S/C27H23Cl2NO3/c1-3-4-5-25-26(27(31)17-7-11-21(32-2)12-8-17)22-15-20(10-13-24(22)33-25)30-16-18-6-9-19(28)14-23(18)29/h6-16H,3-5H2,1-2H3/b30-16+",480.4,CHEMBL4210877,10.1016/j.bmcl.2017.12.013,Antioxidant activity assessed as DPPH radical scavenging activity after 20 to 30 mins,5.29421317239214,CCCCc1oc2ccc(N=Cc3ccc(Cl)cc3Cl)cc2c1C(=O)c1ccc(OC)cc1
603,"InChI=1S/C39H52O13/c1-2-3-4-5-6-7-8-9-10-11-12-13-14-15-16-17-31(44)49-23-30-33(45)35(47)36(48)39(51-30)52-38-34(46)32-28(43)21-25(40)22-29(32)50-37(38)24-18-19-26(41)27(42)20-24/h9-10,18-22,30,33,35-36,39-43,45,47-48H,2-8,11-17,23H2,1H3/b10-9-/t30-,33-,35+,36-,39+/m1/s1",728.8,CHEMBL2316182,10.1016/j.bmc.2012.11.034,Antioxidant activity assessed as DPPH radical scavenging activity 30 min (manual check),4.41793663708829,CCCCCCCCC=CCCCCCCCC(=O)OCC1OC(Oc2c(-c3ccc(O)c(O)c3)oc3cc(O)cc(O)c3c2=O)C(O)C(O)C1O
84,"InChI=1S/C22H26N4O11S/c1-11(27)33-10-17-18(34-12(2)28)19(35-13(3)29)20(36-14(4)30)21(37-17)24-22(38)25-23-9-15-6-5-7-16(8-15)26(31)32/h5-9,17-21H,10H2,1-4H3,(H2,24,25,38)/b23-9+/t17-,18+,19+,20-,21-/m1/s1",554.5,CHEMBL2324826,10.1016/j.ejmech.2012.10.004,Antioxidant activity assessed as DPPH radical scavenging activity after 30 mins by spectrophotometry,3.54821356447571,CC(=O)OCC1OC(NC(=S)NN=Cc2cccc([N+](=O)[O-])c2)C(OC(C)=O)C(OC(C)=O)C1OC(C)=O
16,"InChI=1S/C19H17N3O2/c1-14-18(20-12-15-8-6-7-9-16(15)13-23)19(24)22(21(14)2)17-10-4-3-5-11-17/h3-13H,1-2H3/b20-12+",319.4,CHEMBL2088281,10.1016/j.bmc.2012.04.058,Antioxidant activity assessed as DPPH free radical scavenging activity incubated for 30 mins,4.46268472688799,Cc1c(N=Cc2ccccc2C=O)c(=O)n(-c2ccccc2)n1C
1367,"InChI=1S/C15H9ClO3/c16-10-3-1-9(2-4-10)7-14-15(18)12-6-5-11(17)8-13(12)19-14/h1-8,17H/b14-7-",272.7,CHEMBL1172317,10.1007/s00044-012-0413-3,Antioxidant activity assessed as DPPH free radical scavenging activity after 30 min by spectrophotometeric analysis,3.01060762316762,O=C1C(=Cc2ccc(Cl)cc2)Oc2cc(O)ccc21
1230,"InChI=1S/C19H14O4/c1-12-6-8-13(9-7-12)10-11-15(20)17-18(21)14-4-2-3-5-16(14)23-19(17)22/h2-11,21H,1H3/b11-10+",306.3,CHEMBL2234266,10.1007/s00044-010-9326-1,Antioxidant activity assessed as DPPH free radical scavenging activity after 30 min,5.68402965454308,Cc1ccc(C=CC(=O)c2c(O)c3ccccc3oc2=O)cc1
575,"InChI=1S/C19H18N2O4S/c22-26(23,13-16-20-11-12-24-16)19-17(14-7-3-1-4-8-14)21-25-18(19)15-9-5-2-6-10-15/h1-10,18-19H,11-13H2",370.4,CHEMBL1829921,10.1016/j.ejmech.2011.08.010,Antioxidant activity assessed as DPPH free radical scavenging activity after 30 mins by spectrophotometric analysis,3.63260986139991,O=S(=O)(CC1=NCCO1)C1C(c2ccccc2)=NOC1c1ccccc1
451,"InChI=1S/C26H19NO6/c28-20-10-9-14(11-21(20)29)17(18-13-27-19-7-3-1-5-15(18)19)12-22(30)24-25(31)16-6-2-4-8-23(16)33-26(24)32/h1-11,13,17,27-29,31H,12H2",441.4,CHEMBL3752040,10.1016/j.bmcl.2015.12.085,Antioxidant activity of the compound assessed as DPPH radical scavenging after 30 mins by spectrophotometric analysis,3.79308490969237,O=C(CC(c1ccc(O)c(O)c1)c1c[nH]c2ccccc12)c1c(O)c2ccccc2oc1=O
216,"InChI=1S/C20H16N2O5/c1-26-16-7-5-12(6-8-16)14-10-17(19-18(11-14)21-27-20(19)23)13-3-2-4-15(9-13)22(24)25/h2-9,11,17,19H,10H2,1H3",364.4,CHEMBL3356234,10.1016/j.bmc.2014.10.015,Antioxidant activity assessed as DPPH radical scavenging activity after 30 mins by spectrophotometry,3.14869800983599,COc1ccc(C2=CC3=NOC(=O)C3C(c3cccc([N+](=O)[O-])c3)C2)cc1
880,"InChI=1S/C13H10N6OS/c20-11-4-2-1-3-9(11)7-16-19-12(17-18-13(19)21)10-8-14-5-6-15-10/h1-8,20H,(H,18,21)/b16-7+",298.3,CHEMBL3098259,10.1016/j.bmcl.2017.06.053,Antioxidant activity assessed as DPPH free radical scavenging activity after 30 mins,4.11998716163323,Oc1ccccc1C=Nn1c(S)nnc1-c1cnccn1
247,"InChI=1S/C13H11NO2/c15-11-5-3-4-10(8-11)9-14-12-6-1-2-7-13(12)16/h1-9,15-16H/b14-9+",213.2,CHEMBL2064670,10.1016/j.bmcl.2012.06.026,Antioxidant activity assessed as DPPH scavenging activity after 30 mins by microplate reader method,4.40645689546878,Oc1cccc(C=Nc2ccccc2O)c1
919,"InChI=1S/C21H25NOS/c1-22-15-21(23,24-20-10-6-5-9-19(20)22)18-13-11-17(12-14-18)16-7-3-2-4-8-16/h2-4,7-8,11-14,19-20,23H,5-6,9-10,15H2,1H3",339.5,CHEMBL4169620,10.1016/j.ejmech.2017.06.042,Antioxidant activity assessed as DPPH radical scavenging activity measured at 30 to 60 mins by UV-Visible spectrophotometric method,3.56703070912559,CN1CC(O)(c2ccc(-c3ccccc3)cc2)SC2CCCCC21
1243,"InChI=1S/C26H20N2O2/c29-25-21-13-7-12-20-23(27-16-18-8-3-1-4-9-18)15-14-22(24(20)21)26(30)28(25)17-19-10-5-2-6-11-19/h1-15,27H,16-17H2",392.5,CHEMBL2234762,10.1007/s00044-010-9384-4,Antioxidant activity assessed as DPPH radical scavenging activity 30 min (manual check),4.07262963696098,O=C1c2cccc3c(NCc4ccccc4)ccc(c23)C(=O)N1Cc1ccccc1
1009,"InChI=1S/C14H12O4/c15-10-3-1-9(2-4-10)7-13(17)12-6-5-11(16)8-14(12)18/h1-6,8,15-16,18H,7H2",244.2,CHEMBL193200,10.1016/j.bmc.2009.05.019,Antioxidant activity assessed as DPPH radical scavenging activity incubated at 40 degC in dark after 30 mins,4.59859945921846,O=C(Cc1ccc(O)cc1)c1ccc(O)cc1O
390,"InChI=1S/C29H26N2O6P2S/c1-23-30-22-28(40-23)31-29(38(32,34-24-14-6-2-7-15-24)35-25-16-8-3-9-17-25)39(33,36-26-18-10-4-11-19-26)37-27-20-12-5-13-21-27/h2-22,29,31H,1H3",592.6,CHEMBL1824400,10.1016/j.ejmech.2011.02.038,Antioxidant activity assessed as DPPH free radical scavenging activity after 30 mins,4.00634880003163,Cc1ncc(NC(P(=O)(Oc2ccccc2)Oc2ccccc2)P(=O)(Oc2ccccc2)Oc2ccccc2)s1
1983,"InChI=1S/C28H19N3O2/c1-14-8-9-16-17-10-11-28(23(20(13-29)27(33)31-28)25(17)30-21(16)12-14)24-18-6-2-4-15-5-3-7-19(22(15)18)26(24)32/h2-9,12,24,30H,10-11H2,1H3,(H,31,33)",429.5,CHEMBL4211709,10.1016/j.ejmech.2018.03.056,Antioxidant activity assessed as DPPH radical scavenging activity incubated under dark condition for 30 mins,4.1819447160118,Cc1ccc2c3c([nH]c2c1)C1=C(C#N)C(=O)NC1(C1C(=O)c2cccc4cccc1c24)CC3
836,"InChI=1S/C32H46N2O3/c1-31(2,3)27-20-25(21-28(30(27)36)32(4,5)6)10-13-29(35)33-17-14-23-15-18-34(19-16-23)22-24-8-11-26(37-7)12-9-24/h8-13,20-21,23,36H,14-19,22H2,1-7H3,(H,33,35)/b13-10+",506.7,CHEMBL4288282,10.1016/j.ejmech.2018.08.005,Antioxidant activity assessed as DPPH radical scavenging activity measured after 30 mins incubation in dark by UV-Visible spectrophotometric analysis,4.21324857785444,COc1ccc(CN2CCC(CCNC(=O)C=Cc3cc(C(C)(C)C)c(O)c(C(C)(C)C)c3)CC2)cc1
1959,"InChI=1S/C9H9BrO3/c1-5(11)6-3-7(10)9(13-2)4-8(6)12/h3-4,12H,1-2H3",245.1,CHEMBL3975217,10.1016/j.bmcl.2016.09.060,Antioxidant activity assessed as DPPH radical scavenging activity incubated for 30 mins in dark,1.37882371822496,COc1cc(O)c(C(C)=O)cc1Br
345,"InChI=1S/C6H11N3OS2/c1-2-11-6-8-9(3-4-10)5(7)12-6/h7,10H,2-4H2,1H3",205.3,CHEMBL568666,10.1016/j.bmc.2009.05.039,Antioxidant activity assessed as DPPH free radical scavenging activity by UV spectroscopic method 30 min (manual check),2.45593195564972,CCSc1nn(CCO)c(=N)s1
1925,"InChI=1S/C30H39NO5/c1-6-33-29(34-7-2)24-14-10-22(11-15-24)18-26-20-31(5)21-27(28(26)32)19-23-12-16-25(17-13-23)30(35-8-3)36-9-4/h10-19,29-30H,6-9,20-21H2,1-5H3/b26-18+,27-19+",493.6,CHEMBL3289927,10.1016/j.ejmech.2014.06.034,Antioxidant activity assessed as DPPH free radical scavenging activity 30 min (manual check),4.6903698325741,CCOC(OCC)c1ccc(C=C2CN(C)CC(=Cc3ccc(C(OCC)OCC)cc3)C2=O)cc1
1175,"InChI=1S/C26H26N2O8/c1-5-33-25(29)22-15(3)27(18-8-10-19(11-9-18)28(31)32)16(4)23(26(30)34-6-2)24(22)17-7-12-20-21(13-17)36-14-35-20/h7-13,24H,5-6,14H2,1-4H3",494.5,CHEMBL2413658,10.1016/j.ejmech.2013.06.006,Antioxidant activity assessed as DPPH free radical scavenging activity under dark condition after 30 mins,2.91819196480383,CCOC(=O)C1=C(C)N(c2ccc([N+](=O)[O-])cc2)C(C)=C(C(=O)OCC)C1c1ccc2c(c1)OCO2
1463,"InChI=1S/C17H15ClN4O3/c1-12-7-16(5-6-17(12)18)25-11-14-10-21(20-19-14)9-13-3-2-4-15(8-13)22(23)24/h2-8,10H,9,11H2,1H3",358.8,CHEMBL3739804,10.1039/C5MD00057B,Antioxidant activity assessed as DPPH radical scavenging activity after 30 mins by spectrophotometric analysis,4.36172783601759,Cc1cc(OCc2cn(Cc3cccc([N+](=O)[O-])c3)nn2)ccc1Cl
1961,"InChI=1S/C13H17BrO3/c1-4-5-6-17-12-8-13(16-3)11(14)7-10(12)9(2)15/h7-8H,4-6H2,1-3H3",301.2,CHEMBL3961547,10.1016/j.bmcl.2016.09.060,Antioxidant activity assessed as DPPH radical scavenging activity incubated for 30 mins in dark,1.37365963262496,CCCCOc1cc(OC)c(Br)cc1C(C)=O
1675,InChI=1S/C19H11NO4/c21-17-11-18(13-5-3-6-14(10-13)20(22)23)24-19-15-7-2-1-4-12(15)8-9-16(17)19/h1-11H,317.3,CHEMBL177059,10.1039/C8MD00512E,Antioxidant activity assessed as DPPH radical scavenging activity shaken for 1 min and incubated under dark condition for 30 mins by spectrophotometric analysis,5.08407278830288,O=c1cc(-c2cccc([N+](=O)[O-])c2)oc2c1ccc1ccccc12
535,"InChI=1S/C21H18O15S/c22-8-3-1-7(2-4-8)12-6-10(24)13-9(23)5-11(25)16(17(13)33-12)34-21-15(27)18(36-37(30,31)32)14(26)19(35-21)20(28)29/h1-6,14-15,18-19,21-23,25-27H,(H,28,29)(H,30,31,32)/t14-,15+,18-,19-,21+/m0/s1",542.4,CHEMBL460972,10.1021/np034002j,Antioxidant activity assessed as DPPH radical scavenging activity after 30 mins,3.4671182805926,O=C(O)C1OC(Oc2c(O)cc(O)c3c(=O)cc(-c4ccc(O)cc4)oc23)C(O)C(OS(=O)(=O)O)C1O
2135,"InChI=1S/C17H14O5/c1-20-16-8-11(3-6-14(16)19)2-5-13(18)12-4-7-15-17(9-12)22-10-21-15/h2-9,19H,10H2,1H3/b5-2+",298.3,CHEMBL430187,10.1016/j.bmc.2007.03.077,DPPH radical scavenging activity 30 min (manual check),4.33724216831843,COc1cc(C=CC(=O)c2ccc3c(c2)OCO3)ccc1O
932,"InChI=1S/C24H28O10/c1-29-17-6-12(4-5-16(17)26)21(27)20(9-25)34-23-18(30-2)7-13(8-19(23)31-3)22-14-10-33-24(28)15(14)11-32-22/h4-8,14-15,20-22,25-27H,9-11H2,1-3H3/t14-,15-,20?,21?,22-/m0/s1",476.5,CHEMBL376697,10.1021/np0603931,Antioxidant effect assessed as DPPH radical scavenging activity 30 min (manual check),4.14266750356873,COc1cc(C(O)C(CO)Oc2c(OC)cc(C3OCC4C(=O)OCC43)cc2OC)ccc1O
316,"InChI=1S/C19H15N5O4S3/c20-31(27,28)13-7-5-12(6-8-13)24-17(26)14-3-1-2-4-15(14)22-19(24)30-11-16(25)23-18-21-9-10-29-18/h1-10H,11H2,(H2,20,27,28)(H,21,23,25)",473.6,CHEMBL4755873,10.1016/j.ejmech.2020.112333,Antioxidant activity assessed as DPPH radical scavenging activity after 30 mins under dark condition by spectrophotometric analysis,3.90322898346678,NS(=O)(=O)c1ccc(-n2c(SCC(=O)Nc3nccs3)nc3ccccc3c2=O)cc1
1148,"InChI=1S/C21H22O5/c1-12(2)4-9-15-16(23)10-19(25-3)20-17(24)11-18(26-21(15)20)13-5-7-14(22)8-6-13/h4-8,10,18,22-23H,9,11H2,1-3H3",354.4,CHEMBL492828,10.1016/j.bmc.2013.01.026,Antioxidant activity assessed as concentration required for 50 % inhibition of micoM DPPH activity after 30 mins by UV-vis spectrophotometry,4.45075144314594,COc1cc(O)c(CC=C(C)C)c2c1C(=O)CC(c1ccc(O)cc1)O2
231,"InChI=1S/C23H25NO8.ClH/c1-30-23-21(29)19-17(31-8-7-24-5-3-2-4-6-24)11-14(25)12-18(19)32-22(23)13-9-15(26)20(28)16(27)10-13;/h9-12,25-28H,2-8H2,1H3;1H",479.9,CHEMBL3593752,10.1016/j.bmc.2015.05.023,Antioxidant activity assessed as DPPH radical scavenging activity after 30 min,4.4891869894875,COc1c(-c2cc(O)c(O)c(O)c2)oc2cc(O)cc(OCCN3CCCCC3)c2c1=O
189,"InChI=1S/C16H18O4/c1-3-12(10-4-6-13(17)15(19)8-10)11-5-7-14(18)16(9-11)20-2/h4-9,12,17-19H,3H2,1-2H3",274.3,CHEMBL1828744,10.1016/j.ejmech.2011.07.041,Antioxidant activity assessed as residual DPPH radical scavenging activity after 30 mins by spectrophotometric analysis,5.23657200643706,CCC(c1ccc(O)c(O)c1)c1ccc(O)c(OC)c1
1771,"InChI=1S/C24H34O4S/c1-14-7-6-8-21-23(14,4)10-9-15(2)24(21,5)13-17-11-19(26)20(12-18(17)25)29-16(3)22(27)28/h7,11-12,15-16,21,25-26H,6,8-10,13H2,1-5H3,(H,27,28)/t15-,16?,21+,23+,24+/m0/s1",418.6,CHEMBL576954,10.1021/np800318m,Antioxidant activity assessed as DPPH radical scavenging activity 30 min (manual check),4.45222529461218,CC1=CCCC2C1(C)CCC(C)C2(C)Cc1cc(O)c(SC(C)C(=O)O)cc1O
846,"InChI=1S/C31H43BrN2O2/c1-30(2,3)26-19-24(20-27(29(26)36)31(4,5)6)9-12-28(35)33-16-13-22-14-17-34(18-15-22)21-23-7-10-25(32)11-8-23/h7-12,19-20,22,36H,13-18,21H2,1-6H3,(H,33,35)/b12-9+",555.6,CHEMBL4281727,10.1016/j.ejmech.2018.08.005,Antioxidant activity assessed as DPPH radical scavenging activity measured after 30 mins incubation in dark by UV-Visible spectrophotometric analysis,4.06752623532285,CC(C)(C)c1cc(C=CC(=O)NCCC2CCN(Cc3ccc(Br)cc3)CC2)cc(C(C)(C)C)c1O
476,"InChI=1S/C18H12IN3S2/c19-14-7-5-12(6-8-14)16-11-23-18(21-16)22-20-10-15-9-13-3-1-2-4-17(13)24-15/h1-11H,(H,21,22)/b20-10+",461.4,CHEMBL4474163,10.1016/j.ejmech.2019.111765,Antioxidant activity assessed as DPPH radical scavenging activity incubated for 30 mins under dark condition by Uv-vis spectrophotometric method,4.43889861635094,Ic1ccc(-c2csc(NN=Cc3cc4ccccc4s3)n2)cc1
819,"InChI=1S/C9H6O5/c10-5-2-1-4-6(11)3-7(12)14-9(4)8(5)13/h1-3,10-11,13H",194.1,CHEMBL4163473,10.1021/acs.jnatprod.7b00665,Antioxidant activity assessed as DPPH radical scavenging activity incubated for 30 mins under dark condition,0.906008492813494,O=c1cc(O)c2ccc(O)c(O)c2o1
1690,"InChI=1S/C24H26O6/c1-7-24(4,5)20-17(29-6)10-14(25)19-22(28)18-13(9-8-12(2)3)21(27)15(26)11-16(18)30-23(19)20/h7-8,10-11,25-27H,1,9H2,2-6H3",410.5,CHEMBL425926,10.1016/j.bmcl.2005.08.099,DPPH radical scavenging activity of Cudriana tricuspidata extracts 30 min (manual check),4.7594507517174,C=CC(C)(C)c1c(OC)cc(O)c2c(=O)c3c(CC=C(C)C)c(O)c(O)cc3oc12
2007,"InChI=1S/C28H19N5O3/c1-36-24-8-4-5-19(26(24)34)16-30-32-25-21-15-18(17-11-13-29-14-12-17)9-10-23(21)33-27(25)31-22-7-3-2-6-20(22)28(33)35/h2-16,34H,1H3/b30-16+,32-25-",473.5,CHEMBL4090032,10.1016/j.bmcl.2017.08.064,Antioxidant activity assessed as DPPH radical scavenging activity incubated for 30 mins under dark condition by UV-vis spectrophotometric method,5.30277065724028,COc1cccc(C=NN=C2c3cc(-c4ccncc4)ccc3-n3c2nc2ccccc2c3=O)c1O
1305,"InChI=1S/C19H20N2O2/c1-13-14(2)21(19(20-13)15-8-6-5-7-9-15)16-10-17(22-3)12-18(11-16)23-4/h5-12H,1-4H3",308.4,CHEMBL2234639,10.1007/s00044-011-9702-5,Antioxidant activity assessed as DPPH scavenging activity after 30 min by spectrophotometry,4.90933077276211,COc1cc(OC)cc(-n2c(-c3ccccc3)nc(C)c2C)c1
668,"InChI=1S/C18H19NO3/c1-11(2)14-8-15(12(3)6-16(14)20)19-9-13-4-5-17-18(7-13)22-10-21-17/h4-9,11,20H,10H2,1-3H3/b19-9+",297.4,CHEMBL2316845,10.1016/j.bmcl.2012.12.001,Antioxidant activity assessed as DPPH radical scavenging activity in ethanol solution 30 min (manual check),4.39597305890178,Cc1cc(O)c(C(C)C)cc1N=Cc1ccc2c(c1)OCO2
1603,"InChI=1S/C15H14O5/c16-9-3-1-8(2-4-9)15-13(19)7-11-12(18)5-10(17)6-14(11)20-15/h1-6,13,15-19H,7H2/t13-,15+/m0/s1",274.3,CHEMBL3437595,10.1021/acs.jnatprod.6b00720,Antioxidant activity assessed as DPPH radical scavenging activity incubated for 30 mins,3.85761053388116,Oc1ccc(C2Oc3cc(O)cc(O)c3CC2O)cc1
1180,"InChI=1S/C24H22N2O8/c1-13-20(23(27)31-3)22(15-5-10-18-19(11-15)34-12-33-18)21(24(28)32-4)14(2)25(13)16-6-8-17(9-7-16)26(29)30/h5-11,22H,12H2,1-4H3",466.4,CHEMBL2413654,10.1016/j.ejmech.2013.06.006,Antioxidant activity assessed as DPPH free radical scavenging activity under dark condition after 30 mins,2.55850562439755,COC(=O)C1=C(C)N(c2ccc([N+](=O)[O-])cc2)C(C)=C(C(=O)OC)C1c1ccc2c(c1)OCO2
1185,"InChI=1S/C20H25NO4/c1-12(2)15-10-17(22)13(3)7-16(15)21-11-14-8-18(23-4)20(25-6)19(9-14)24-5/h7-12,22H,1-6H3/b21-11+",343.4,CHEMBL2316812,10.1016/j.bmcl.2012.12.001,Antioxidant activity assessed as DPPH radical scavenging activity in chloroform solution 30 min (manual check),4.19515253042831,COc1cc(C=Nc2cc(C)c(O)cc2C(C)C)cc(OC)c1OC
1600,"InChI=1S/C18H14O9/c1-7(19)26-17-12(25-2)6-11(22)13-14(23)15(24)16(27-18(13)17)8-3-4-9(20)10(21)5-8/h3-6,20-22,24H,1-2H3",374.3,CHEMBL4101165,10.1021/acs.jnatprod.6b00720,Antioxidant activity assessed as DPPH radical scavenging activity incubated for 30 mins,4.95078197732982,COc1cc(O)c2c(=O)c(O)c(-c3ccc(O)c(O)c3)oc2c1OC(C)=O
1778,"InChI=1S/C30H43NO/c1-3-4-5-6-7-8-9-10-11-12-13-14-15-16-17-20-25-24(2)29(32)23-27-26-21-18-19-22-28(26)31-30(25)27/h10-11,18-19,21-23,31-32H,3-9,12-17,20H2,1-2H3/b11-10-",433.7,CHEMBL1080115,10.1021/np9002178,Antioxidant activity assessed as DPPH radical scavenging activity after 30 mins,5.06048074738138,CCCCCCCCC=CCCCCCCCc1c(C)c(O)cc2c1[nH]c1ccccc12
1273,"InChI=1S/C19H24N2O2/c1-14(16-12-20-17-8-4-3-7-15(16)17)21-13-19(11-18(22)23)9-5-2-6-10-19/h3-4,7-8,12,20H,2,5-6,9-11,13H2,1H3,(H,22,23)/b21-14+",312.4,CHEMBL2236489,10.1007/s00044-010-9498-8,Antioxidant activity assessed as DPPH free radical scavenging activity after 30 min,3.25167297651897,CC(=NCC1(CC(=O)O)CCCCC1)c1c[nH]c2ccccc12
235,"InChI=1S/C13H11NO/c15-13-9-5-4-8-12(13)14-10-11-6-2-1-3-7-11/h1-10,15H/b14-10+",197.2,CHEMBL2064668,10.1016/j.bmcl.2012.06.026,Antioxidant activity assessed as DPPH scavenging activity after 30 mins by microplate reader method,4.51031460168256,Oc1ccccc1N=Cc1ccccc1
49,"InChI=1S/C23H18N2O3/c24-20-8-4-5-9-21(20)25-14-17-12-23(26)28-22-13-18(10-11-19(17)22)27-15-16-6-2-1-3-7-16/h1-14H,15,24H2/b25-14-",370.4,CHEMBL1909914,10.1016/j.bmcl.2011.09.029,Antioxidant activity assessed as DPPH free radical scavenging activity after 30 mins by spectrophotometric analysis,3.06686717627327,Nc1ccccc1N=Cc1cc(=O)oc2cc(OCc3ccccc3)ccc12
892,"InChI=1S/C13H10FN7S2/c14-8-1-3-9(4-2-8)17-12(22)20-21-11(18-19-13(21)23)10-7-15-5-6-16-10/h1-7H,(H,19,23)(H2,17,20,22)",347.4,CHEMBL4085820,10.1016/j.bmcl.2017.06.053,Antioxidant activity assessed as DPPH free radical scavenging activity after 30 mins,4.16001944232166,Fc1ccc(NC(=S)Nn2c(S)nnc2-c2cnccn2)cc1
591,"InChI=1S/C21H12F2N6O3S/c1-10-16-18(26-15-7-4-12(22)8-14(15)23)24-9-25-21(16)33-17(10)20-28-27-19(32-20)11-2-5-13(6-3-11)29(30)31/h2-9H,1H3,(H,24,25,26)",466.4,CHEMBL2151337,10.1016/j.ejmech.2012.10.007,Antioxidant activity assessed as inhibition of DPPH free radical production after 30 mins by spectrophotometric analysis,4.38230207200397,Cc1c(-c2nnc(-c3ccc([N+](=O)[O-])cc3)o2)sc2ncnc(Nc3ccc(F)cc3F)c12
1641,"InChI=1S/C17H20N4O2S/c22-21(23)15-10-6-7-13(11-15)16-12-24-17(18-16)20-19-14-8-4-2-1-3-5-9-14/h6-7,10-12H,1-5,8-9H2,(H,18,20)",344.4,CHEMBL4163420,10.1016/j.ejmech.2017.10.050,Antioxidant activity assessed as DPPH radical scavenging activity after 30 mins,2.89279003035213,O=[N+]([O-])c1cccc(-c2csc(NN=C3CCCCCCC3)n2)c1
1668,InChI=1S/C19H11FO2/c20-14-8-5-13(6-9-14)18-11-17(21)16-10-7-12-3-1-2-4-15(12)19(16)22-18/h1-11H,290.3,CHEMBL359819,10.1039/C8MD00512E,Antioxidant activity assessed as DPPH radical scavenging activity shaken for 1 min and incubated under dark condition for 30 mins by spectrophotometric analysis,6.08092190762393,O=c1cc(-c2ccc(F)cc2)oc2c1ccc1ccccc12
2105,"InChI=1S/C23H25N3O3/c1-6-23(4,5)19-16(12-18-20(27)26-22(29)21(28)25-18)15-11-14(8-7-13(2)3)9-10-17(15)24-19/h6-7,9-12,24H,1,8H2,2-5H3,(H,25,28)(H,26,27,29)/b18-12-",391.5,CHEMBL251226,10.1021/np070208z,DPPH radical scavenging activity 30 min (manual check),3.99139982823808,C=CC(C)(C)c1[nH]c2ccc(CC=C(C)C)cc2c1C=C1NC(=O)C(=O)NC1=O
1579,"InChI=1S/C32H21N3O4S/c36-27(25-7-3-6-23-16-21-4-1-2-5-22(21)17-26(23)25)14-10-19-8-11-20(12-9-19)30(39)33-32-35-34-31(40-32)24-13-15-28(37)29(38)18-24/h1-18,37-38H,(H,33,35,39)/b14-10+",543.6,CHEMBL4294245,10.1039/C8MD00316E,Antioxidant activity assessed as DPPH free radical scavenging activity after 30 mins,4.87127771566157,O=C(Nc1nnc(-c2ccc(O)c(O)c2)s1)c1ccc(C=CC(=O)c2cccc3cc4ccccc4cc23)cc1
112,"InChI=1S/C17H14BrN3O3S/c18-12-2-4-13(5-3-12)19-10-21-17(25)24-16(20-21)11-1-6-14-15(9-11)23-8-7-22-14/h1-6,9,19H,7-8,10H2",420.3,CHEMBL2435574,10.1016/j.bmc.2013.08.002,Antioxidant activity assessed as DPPH free radical scavenging activity after 30 mins by spectrophotometric analysis,4.14697138528701,S=c1oc(-c2ccc3c(c2)OCCO3)nn1CNc1ccc(Br)cc1
1552,"InChI=1S/C27H25NO4/c1-3-4-9-25-26(27(30)18-10-13-21(31-2)14-11-18)22-16-20(12-15-24(22)32-25)28-17-19-7-5-6-8-23(19)29/h5-8,10-17,29H,3-4,9H2,1-2H3/b28-17+",427.5,CHEMBL4211414,10.1016/j.bmcl.2017.12.013,Antioxidant activity assessed as DPPH radical scavenging activity after 20 to 30 mins,3.63341867964947,CCCCc1oc2ccc(N=Cc3ccccc3O)cc2c1C(=O)c1ccc(OC)cc1
1031,"InChI=1S/C20H22O6/c1-19(2)5-4-6-20(3)12-11(14(23)16(25)18(19)20)13(22)10-7-9(8-21)26-17(10)15(12)24/h7,21-22,24-25H,4-6,8H2,1-3H3/t20-/m1/s1",358.4,CHEMBL1287849,10.1016/j.bmc.2010.10.037,Antioxidant activity assessed as DPPH radical scavenging activity 30 min (manual check),3.92081875395238,CC1(C)CCCC2(C)C1=C(O)C(=O)c1c2c(O)c2oc(CO)cc2c1O
667,"InChI=1S/C16H18N2O/c1-11(2)14-9-15(12(3)8-16(14)19)18-10-13-6-4-5-7-17-13/h4-11,19H,1-3H3/b18-10+",254.3,CHEMBL2316846,10.1016/j.bmcl.2012.12.001,Antioxidant activity assessed as DPPH radical scavenging activity in ethanol solution 30 min (manual check),4.02767592084139,Cc1cc(O)c(C(C)C)cc1N=Cc1ccccn1
1558,"InChI=1S/C24H24O7/c1-14(2)4-6-17-12-15(5-11-19(17)26)13-24(23(29)30-3)20(21(27)22(28)31-24)16-7-9-18(25)10-8-16/h4-5,7-12,25-27H,6,13H2,1-3H3/t24-/m1/s1",424.4,CHEMBL517026,10.1016/j.bmcl.2017.12.049,Antioxidant activity assessed as DPPH radical scavenging activity incubated for 30 mins under dark condition by spectrophotometric analysis,4.42021640338319,COC(=O)C1(Cc2ccc(O)c(CC=C(C)C)c2)OC(=O)C(O)=C1c1ccc(O)cc1
893,"InChI=1S/C17H13N7S2/c25-16(20-13-6-5-11-3-1-2-4-12(11)9-13)23-24-15(21-22-17(24)26)14-10-18-7-8-19-14/h1-10H,(H,22,26)(H2,20,23,25)",379.5,CHEMBL4102211,10.1016/j.bmcl.2017.06.053,Antioxidant activity assessed as DPPH free radical scavenging activity after 30 mins,4.11998716163323,S=C(Nc1ccc2ccccc2c1)Nn1c(S)nnc1-c1cnccn1
276,"InChI=1S/C20H17NO7/c1-10(20(26)27)21-18(25)7-4-11-2-6-15(23)19-13(11)9-17(28-19)12-3-5-14(22)16(24)8-12/h2-10,22-24H,1H3,(H,21,25)(H,26,27)/b7-4+/t10-/m0/s1",383.4,CHEMBL4078844,10.1016/j.ejmech.2016.08.019,Antioxidant activity assessed as DPPH radical scavenging activity incubated for 30 mins under dark conditions by spectrophotometry,5.48545224733971,CC(NC(=O)C=Cc1ccc(O)c2oc(-c3ccc(O)c(O)c3)cc12)C(=O)O
15,"InChI=1S/C20H21N3O2/c1-14-12-16(10-11-18(14)25-4)13-21-19-15(2)22(3)23(20(19)24)17-8-6-5-7-9-17/h5-13H,1-4H3/b21-13+",335.4,CHEMBL2088280,10.1016/j.bmc.2012.04.058,Antioxidant activity assessed as DPPH free radical scavenging activity incubated for 30 mins,5.28232949699774,COc1ccc(C=Nc2c(C)n(C)n(-c3ccccc3)c2=O)cc1C
367,"InChI=1S/C15H11NO2/c17-13-6-5-9-11(15(13)18)7-10-8-3-1-2-4-12(8)16-14(9)10/h1-6,16-18H,7H2",237.3,CHEMBL596277,10.1016/j.bmc.2009.07.077,Antioxidant activity assessed as DPPH radical scavenging activity 30 min (manual check),4.39894775921407,Oc1ccc2c(c1O)Cc1c-2[nH]c2ccccc12
715,"InChI=1S/C13H14N2O3.ClH/c1-18-12(16)8-4-7-11-14-10-6-3-2-5-9(10)13(17)15-11;/h2-3,5-6H,4,7-8H2,1H3,(H,14,15,17);1H",282.7,CHEMBL3397960,10.1016/j.bmcl.2015.01.010,Antioxidant activity assessed as DPPH scavenging activity after 30 mins by spectrophotometry,0.112382699664264,COC(=O)CCCc1nc2ccccc2c(=O)[nH]1
460,"InChI=1S/C29H22N4O/c34-29(22-11-5-2-6-12-22)33-26(19-25(32-33)20-15-17-30-18-16-20)27-23-13-7-8-14-24(23)31-28(27)21-9-3-1-4-10-21/h1-18,26,31H,19H2",442.5,CHEMBL4159093,10.1016/j.ejmech.2018.01.026,Antioxidant activity assessed as inhibition of DPPH radical formation after 30 mins,3.61523261103394,O=C(c1ccccc1)N1N=C(c2ccncc2)CC1c1c(-c2ccccc2)[nH]c2ccccc12
1485,"InChI=1S/C23H28N2O4/c1-28-20-14-18(15-21(29-2)23(20)27)8-9-22(26)24-19-10-12-25(13-11-19)16-17-6-4-3-5-7-17/h3-9,14-15,19,27H,10-13,16H2,1-2H3,(H,24,26)/b9-8+",396.5,CHEMBL3819213,10.1039/C6MD00053C,Antioxidant activity assessed as DPPH radical scavenging activity incubated in dark for 30 mins by spectrophotometry,4.65169513695184,COc1cc(C=CC(=O)NC2CCN(Cc3ccccc3)CC2)cc(OC)c1O
195,"InChI=1S/C30H24O12/c31-20-8-3-15(11-22(20)33)1-5-17-13-24(35)27(29(39)41-17)19(7-10-26(37)38)28-25(36)14-18(42-30(28)40)6-2-16-4-9-21(32)23(34)12-16/h1-6,8-9,11-14,19,31-36H,7,10H2,(H,37,38)/b5-1+,6-2+",576.5,CHEMBL2408935,10.1021/np400234u,Antioxidant activity assessed as DPPH free radical scavenging activity after 30 mins,4.05207638016827,O=C(O)CCC(c1c(O)cc(C=Cc2ccc(O)c(O)c2)oc1=O)c1c(O)cc(C=Cc2ccc(O)c(O)c2)oc1=O
963,"InChI=1S/C37H48O6/c1-21(2)11-13-27-20-36(19-26(24(7)8)17-23(5)6)32(41)30(31(40)25-12-14-28(38)29(39)18-25)33(42)37(34(36)43,35(27,9)10)16-15-22(3)4/h11-12,14-15,17-18,26-27,38-39,41H,7,13,16,19-20H2,1-6,8-10H3/t26-,27-,36-,37+/m0/s1",588.8,CHEMBL447153,10.1021/np0497595,Antioxidant activity assessed as DPPH radical scavenging activity 30 min (manual check),4.16749108729376,C=C(C)C(C=C(C)C)CC12CC(CC=C(C)C)C(C)(C)C(CC=C(C)C)(C(=O)C(C(=O)c3ccc(O)c(O)c3)=C1O)C2=O
24,"InChI=1S/C18H16O5/c1-2-22-13-4-5-14-17(9-13)23-10-12(18(14)21)7-11-3-6-15(19)16(20)8-11/h3-9,19-20H,2,10H2,1H3/b12-7+",312.3,CHEMBL248799,10.1016/j.bmcl.2007.10.034,Antioxidant activity assessed as DPPH free radical scavenging activity  30 min (manual check),4.61439372640169,CCOc1ccc2c(c1)OCC(=Cc1ccc(O)c(O)c1)C2=O
761,"InChI=1S/C16H12O4/c1-19-12-5-2-10(3-6-12)14-9-20-15-8-11(17)4-7-13(15)16(14)18/h2-9,17H,1H3",268.3,CHEMBL242341,10.1016/j.bmcl.2015.07.076,Antioxidant activity assessed as DPPH radical scavenging activity after 30 mins,3.79003158937922,COc1ccc(-c2coc3cc(O)ccc3c2=O)cc1
2063,"InChI=1S/C20H16F2N2O3/c21-13-3-7-15-11(9-13)1-5-17(25-15)19-23-24-20(27-19)18-6-2-12-10-14(22)4-8-16(12)26-18/h3-4,7-10,17-18H,1-2,5-6H2",370.4,CHEMBL4649083,10.1016/j.bmcl.2020.127136,Antioxidant activity assessed as DPPH radical scavenging activity 30 min (manual check),4.537751784645,Fc1ccc2c(c1)CCC(c1nnc(C3CCc4cc(F)ccc4O3)o1)O2
1698,"InChI=1S/C25H25NO5/c1-26(16-17-8-10-18(27)11-9-17)12-4-5-13-30-19-14-21(28)24-23(15-19)31-22-7-3-2-6-20(22)25(24)29/h2-3,6-11,14-15,27-28H,4-5,12-13,16H2,1H3",419.5,CHEMBL4781032,10.1016/j.ejmech.2021.113154,Antioxidant activity assessed as DPPH radical scavenging activity incubated for 30 mins under dark condition,3.18795610206977,CN(CCCCOc1cc(O)c2c(=O)c3ccccc3oc2c1)Cc1ccc(O)cc1
1336,"InChI=1S/C18H13N3O3/c1-9-6-14-16(18(22)23-9)15(11(7-19)17(20)24-14)12-8-21-13-5-3-2-4-10(12)13/h2-6,8,15,21H,20H2,1H3",319.3,CHEMBL2282434,10.1007/s00044-013-0586-4,Antioxidant activity assessed as inhibition of DPPH radical after 30 mins by spectrophotometric analysis,3.46985154900707,Cc1cc2c(c(=O)o1)C(c1c[nH]c3ccccc13)C(C#N)=C(N)O2
1718,"InChI=1S/C7H8O3/c8-4-5-3-6(9)1-2-7(5)10/h1-3,8-10H,4H2",140.1,CHEMBL448800,10.1021/np010450k,Antioxidant activity assessed as DPPH free radical scavenging activity 30 min (manual check),5.85387196432176,OCc1cc(O)ccc1O
954,"InChI=1S/C29H32O13/c1-4-40-28(36)29(37)14-22(41-24(32)9-6-16-5-8-18(30)19(31)11-16)27(35)23(15-29)42-25(33)10-7-17-12-20(38-2)26(34)21(13-17)39-3/h5-13,22-23,27,30-31,34-35,37H,4,14-15H2,1-3H3/b9-6+,10-7+/t22-,23-,27+,29-/m1/s1",588.6,CHEMBL445715,10.1021/np050447r,Antioxidant activity assessed as DPPH free radical scavenging activity relative to control 30 min (manual check),4.79209665247474,CCOC(=O)C1(O)CC(OC(=O)C=Cc2ccc(O)c(O)c2)C(O)C(OC(=O)C=Cc2cc(OC)c(O)c(OC)c2)C1
1455,"InChI=1S/C16H13Cl2N3O/c17-13-4-6-16(7-5-13)22-11-15-10-21(20-19-15)9-12-2-1-3-14(18)8-12/h1-8,10H,9,11H2",334.2,CHEMBL3740919,10.1039/C5MD00057B,Antioxidant activity assessed as DPPH radical scavenging activity after 30 mins by spectrophotometric analysis,4.15665052453135,Clc1ccc(OCc2cn(Cc3cccc(Cl)c3)nn2)cc1
1783,"InChI=1S/C22H20O10/c1-7(23)8-4-11-9-6-21(8)15(19(28)22(9,31-3)20(29)32-11)17(26)13-10(24)5-12(30-2)16(25)14(13)18(21)27/h5,8-9,11,24-25,28H,4,6H2,1-3H3/t8-,9-,11+,21-,22-/m0/s1",444.4,CHEMBL1927941,10.1021/np200651e,Antioxidant activity assessed as DPPH radicle scavenging activity after 30 mins by spectrometric analysis,3.78251605578609,COc1cc(O)c2c(c1O)C(=O)C13CC4C(CC1C(C)=O)OC(=O)C4(OC)C(O)=C3C2=O
665,"InChI=1S/C18H21NO/c1-13-10-17(20)15(18(2,3)4)11-16(13)19-12-14-8-6-5-7-9-14/h5-12,20H,1-4H3/b19-12+",267.4,CHEMBL2316848,10.1016/j.bmcl.2012.12.001,Antioxidant activity assessed as DPPH radical scavenging activity in ethanol solution 30 min (manual check),4.15764845870805,Cc1cc(O)c(C(C)(C)C)cc1N=Cc1ccccc1
2086,"InChI=1S/C14H8Br6O5/c15-5-3(7(17)11(21)13(23)9(5)19)1-25-2-4-6(16)10(20)14(24)12(22)8(4)18/h21-24H,1-2H2",735.6,CHEMBL228430,10.1021/np070061b,DPPH radical scavenging activity 30 min (manual check),5.07058107428571,Oc1c(O)c(Br)c(COCc2c(Br)c(O)c(O)c(Br)c2Br)c(Br)c1Br
801,"InChI=1S/C21H28O9/c1-27-17-9-13(4-6-14(17)24)21(29-3)19(11-23)30-16-7-5-12(8-18(16)28-2)20(26)15(25)10-22/h4-9,15,19-26H,10-11H2,1-3H3/t15-,19-,20-,21+/m1/s1",424.4,CHEMBL3948142,10.1016/j.bmcl.2016.10.012,Antioxidant activity assessed as DPPH radical scavenging activity incubated in dark for 30 mins,3.96377045591371,COc1cc(C(OC)C(CO)Oc2ccc(C(O)C(O)CO)cc2OC)ccc1O
1104,"InChI=1S/C15H19NO6S/c1-20-11-6-9(7-12(21-2)14(11)18)4-5-13(17)16-10(8-23)15(19)22-3/h4-7,10,18,23H,8H2,1-3H3,(H,16,17)/b5-4+/t10-/m0/s1",341.4,CHEMBL1950212,10.1016/j.ejmech.2012.02.018,Antioxidant activity assessed as DPPH free radical scavenging activity by UV-Vis spectrophotometry 30 min (manual check),4.11918640771921,COC(=O)C(CS)NC(=O)C=Cc1cc(OC)c(O)c(OC)c1
218,"InChI=1S/C21H18N2O6/c1-27-15-6-7-16(19(11-15)28-2)13-9-17(20-18(10-13)22-29-21(20)24)12-4-3-5-14(8-12)23(25)26/h3-8,10-11,17,20H,9H2,1-2H3",394.4,CHEMBL3356236,10.1016/j.bmc.2014.10.015,Antioxidant activity assessed as DPPH radical scavenging activity after 30 mins by spectrophotometry,3.15660421243891,COc1ccc(C2=CC3=NOC(=O)C3C(c3cccc([N+](=O)[O-])c3)C2)c(OC)c1
2021,"InChI=1S/C19H16O5/c20-15-5-1-13(2-6-15)3-7-17(22)12-18(23)8-4-14-11-16(21)9-10-19(14)24/h1-11,20-21,24H,12H2/b7-3+,8-4+",324.3,CHEMBL3672403,10.1016/j.bmcl.2019.06.052,Antioxidant activity assessed as DPPH radical scavenging activity measured after 30 mins,4.38721614328026,O=C(C=Cc1ccc(O)cc1)CC(=O)C=Cc1cc(O)ccc1O
1124,"InChI=1S/C19H23NO3/c1-12(2)15-10-17(21)13(3)8-16(15)20-11-14-6-7-18(22-4)19(9-14)23-5/h6-12,21H,1-5H3/b20-11+",313.4,CHEMBL2316810,10.1016/j.bmcl.2012.12.001,Antioxidant activity assessed as DPPH radical scavenging activity in chloroform solution 30 min (manual check),4.21542186675193,COc1ccc(C=Nc2cc(C)c(O)cc2C(C)C)cc1OC
816,"InChI=1S/C9H6O4/c10-6-3-5-1-2-9(12)13-8(5)4-7(6)11/h1-4,10-11H",178.1,CHEMBL244743,10.1021/acs.jnatprod.7b00665,Antioxidant activity assessed as DPPH radical scavenging activity incubated for 30 mins under dark condition,0.674322569257451,O=c1ccc2cc(O)c(O)cc2o1
1689,"InChI=1S/C19H18O6/c1-5-19(2,3)14-12(24-4)8-11(21)13-15(22)9-6-7-10(20)16(23)17(9)25-18(13)14/h5-8,20-21,23H,1H2,2-4H3",342.3,CHEMBL199304,10.1016/j.bmcl.2005.08.099,DPPH radical scavenging activity of Cudriana tricuspidata extracts 30 min (manual check),4.49757288001557,C=CC(C)(C)c1c(OC)cc(O)c2c(=O)c3ccc(O)c(O)c3oc12
1905,"InChI=1S/C18H20O4S/c19-17-10-9-16(14-18(17)20)11-13-23(21,22)12-5-4-8-15-6-2-1-3-7-15/h1-3,6-7,9-11,13-14,19-20H,4-5,8,12H2/b13-11+",332.4,CHEMBL3259967,10.1021/jm500258v,Antioxidant activity assessed as DPPH free radical scavenging effect after 30 mins by spectrophotometric analysis,4.76447155309245,O=S(=O)(C=Cc1ccc(O)c(O)c1)CCCCc1ccccc1
593,"InChI=1S/C22H24N2O6/c1-2-23-7-9-24(10-8-23)12-15-19(27)21(29)20(28)18-16(26)11-17(30-22(15)18)13-3-5-14(25)6-4-13/h3-6,11,25,27-29H,2,7-10,12H2,1H3",412.4,CHEMBL2204081,10.1016/j.bmc.2012.10.015,Antioxidant activity assessed as inhibition of DPPH radical by spectrophotometric analysis using MTT assay method 30 min (manual check),4.48891915446088,CCN1CCN(Cc2c(O)c(O)c(O)c3c(=O)cc(-c4ccc(O)cc4)oc23)CC1
1249,"InChI=1S/C19H12BrNO2/c20-16-10-9-15-17-13(16)7-4-8-14(17)18(22)21(19(15)23)11-12-5-2-1-3-6-12/h1-10H,11H2",366.2,CHEMBL2234774,10.1007/s00044-010-9384-4,Antioxidant activity assessed as DPPH radical scavenging activity 30 min (manual check),3.62378814971733,O=C1c2cccc3c(Br)ccc(c23)C(=O)N1Cc1ccccc1
557,"InChI=1S/C22H16N4O/c1-13-6-2-3-7-14(13)20-16(10-23)21(27-22(25)17(20)11-24)18-12-26-19-9-5-4-8-15(18)19/h2-9,12,20,26H,25H2,1H3",352.4,CHEMBL1222701,10.1016/j.bmcl.2010.07.039,Antioxidant activity assessed as DPPH radical scavenging activity 30 min (manual check),2.40979259191163,Cc1ccccc1C1C(C#N)=C(N)OC(c2c[nH]c3ccccc23)=C1C#N
1777,"InChI=1S/C29H43NO/c1-3-4-5-6-7-8-9-10-11-12-13-14-15-16-19-24-23(2)28(31)22-26-25-20-17-18-21-27(25)30-29(24)26/h17-18,20-22,30-31H,3-16,19H2,1-2H3",421.7,CHEMBL1081011,10.1021/np9002178,Antioxidant activity assessed as DPPH radical scavenging activity after 30 mins,4.97881070093006,CCCCCCCCCCCCCCCCc1c(C)c(O)cc2c1[nH]c1ccccc12
983,"InChI=1S/C27H30O16/c28-7-17-20(34)22(36)24(38)26(41-17)43-25-23(37)21(35)18(8-29)42-27(25)39-10-4-13(32)19-14(33)6-15(40-16(19)5-10)9-1-2-11(30)12(31)3-9/h1-6,17-18,20-32,34-38H,7-8H2/t17-,18-,20-,21-,22+,23+,24-,25-,26+,27-/m1/s1",610.5,CHEMBL506935,10.1021/np0501233,Antioxidant activity assessed as DPPH free radical scavenging activity after 30 mins by TLC autographic assay,4.92081875395237,O=c1cc(-c2ccc(O)c(O)c2)oc2cc(OC3OC(CO)C(O)C(O)C3OC3OC(CO)C(O)C(O)C3O)cc(O)c12
864,"InChI=1S/C23H17NO6/c25-16-6-4-15(5-7-16)24-22(29)10-3-13-1-9-19(27)23-17(13)12-21(30-23)14-2-8-18(26)20(28)11-14/h1-12,25-28H,(H,24,29)/b10-3+",403.4,CHEMBL4278655,10.1016/j.ejmech.2018.01.096,Antioxidant activity assessed as DPPH radical scavenging activity after 30 mins by spectrophotometric analysis,5.1791420105603,O=C(C=Cc1ccc(O)c2oc(-c3ccc(O)c(O)c3)cc12)Nc1ccc(O)cc1
288,"InChI=1S/C21H20O7/c1-10-5-14(23)21(15(24)6-10)28-18-9-12(3)8-17(20(18)26)27-16-7-11(2)4-13(22)19(16)25/h4-9,22-26H,1-3H3",384.4,CHEMBL4098463,10.1016/j.bmcl.2017.01.032,Antioxidant activity assessed as DPPH radical scavenging activity after 30 mins,4.72307886793423,Cc1cc(O)c(Oc2cc(C)cc(Oc3cc(C)cc(O)c3O)c2O)c(O)c1
25,"InChI=1S/C17H14O5/c1-21-12-3-4-13-16(8-12)22-9-11(17(13)20)6-10-2-5-14(18)15(19)7-10/h2-8,18-19H,9H2,1H3/b11-6+",298.3,CHEMBL247559,10.1016/j.bmcl.2007.10.034,Antioxidant activity assessed as DPPH free radical scavenging activity  30 min (manual check),4.56623016607513,COc1ccc2c(c1)OCC(=Cc1ccc(O)c(O)c1)C2=O
1526,"InChI=1S/C21H25N5O/c27-20(24-21-22-18-8-4-5-9-19(18)23-21)16-26-14-12-25(13-15-26)11-10-17-6-2-1-3-7-17/h1-9H,10-16H2,(H2,22,23,24,27)",363.5,CHEMBL4206019,10.1016/j.bmc.2017.09.045,Antioxidant activity assessed as DPPH free radical scavenging activity after 30 mins by spectrophotometric analysis,3.38909978036493,O=C(CN1CCN(CCc2ccccc2)CC1)Nc1nc2ccccc2[nH]1
539,"InChI=1S/C22H20O13/c1-32-21(31)20-16(29)15(28)17(30)22(35-20)34-19-14(27)13-11(26)5-8(23)6-12(13)33-18(19)7-2-3-9(24)10(25)4-7/h2-6,15-17,20,22-26,28-30H,1H3/t15-,16-,17+,20-,22+/m0/s1",492.4,CHEMBL468872,10.1021/np034002j,Antioxidant activity assessed as DPPH radical scavenging activity after 30 mins,4.38090666937326,COC(=O)C1OC(Oc2c(-c3ccc(O)c(O)c3)oc3cc(O)cc(O)c3c2=O)C(O)C(O)C1O
1371,"InChI=1S/C24H25ClN4O/c1-16(29-23-15-19(30-2)13-17-6-4-11-28-24(17)23)5-3-10-26-21-9-12-27-22-14-18(25)7-8-20(21)22/h4,6-9,11-16,29H,3,5,10H2,1-2H3,(H,26,27)",420.9,CHEMBL3219153,10.1039/C3MD00019B,Antioxidant activity assessed as DPPH free radical scavenging activity after 30 mins by spectrophotometry,4.63827216398241,COc1cc(NC(C)CCCNc2ccnc3cc(Cl)ccc23)c2ncccc2c1
323,"InChI=1S/C33H32ClN3O3/c1-19-11-22-13-24(12-19)31-28(14-22)37-27-16-25(34)8-9-26(27)32(31)35-17-20-3-6-23(7-4-20)33(39)36-18-21-5-10-29(38)30(15-21)40-2/h3-11,15-16,22,24,38H,12-14,17-18H2,1-2H3,(H,35,37)(H,36,39)",554.1,CHEMBL4782267,10.1021/acs.jmedchem.0c01775,Antioxidant activity assessed as DPPH radical scavenging activity incubated for 30 mins under dark condition by UV-Vis spectrophotometric analysis,4.14630178822383,COc1cc(CNC(=O)c2ccc(CNc3c4c(nc5cc(Cl)ccc35)CC3C=C(C)CC4C3)cc2)ccc1O
1102,"InChI=1S/C13H15NO5S/c1-19-13(18)9(7-20)14-12(17)5-3-8-2-4-10(15)11(16)6-8/h2-6,9,15-16,20H,7H2,1H3,(H,14,17)/b5-3+/t9-/m0/s1",297.3,CHEMBL1950210,10.1016/j.ejmech.2012.02.018,Antioxidant activity assessed as DPPH free radical scavenging activity by UV-Vis spectrophotometry 30 min (manual check),4.65757731917779,COC(=O)C(CS)NC(=O)C=Cc1ccc(O)c(O)c1
1403,"InChI=1S/C23H20N4O3/c1-14-4-3-5-19-21(14)26-22(25-19)15-6-8-16(9-7-15)23(29)27-24-13-17-12-18(30-2)10-11-20(17)28/h3-13,28H,1-2H3,(H,25,26)(H,27,29)/b24-13+",400.4,CHEMBL3317795,10.1016/j.ejmech.2014.07.078,Antioxidant activity assessed as DPPH free radical scavenging activity incubated at 37 degC for 30 mins by microtiter plate reader based method,4.12953756841108,COc1ccc(O)c(C=NNC(=O)c2ccc(-c3nc4cccc(C)c4[nH]3)cc2)c1
458,"InChI=1S/C29H22N4O/c34-29(21-12-5-2-6-13-21)33-26(18-25(32-33)22-14-9-17-30-19-22)27-23-15-7-8-16-24(23)31-28(27)20-10-3-1-4-11-20/h1-17,19,26,31H,18H2",442.5,CHEMBL4174238,10.1016/j.ejmech.2018.01.026,Antioxidant activity assessed as inhibition of DPPH radical formation after 30 mins,3.96277614355084,O=C(c1ccccc1)N1N=C(c2cccnc2)CC1c1c(-c2ccccc2)[nH]c2ccccc12
922,"InChI=1S/C20H26O4/c1-11(2)13-9-12-5-6-14-19(3)7-4-8-20(14,18(23)24-10-19)15(12)17(22)16(13)21/h9,11,14,21-22H,4-8,10H2,1-3H3/t14-,19+,20+/m0/s1",330.4,CHEMBL4472179,10.1021/acs.jnatprod.8b00952,Antioxidant activity assessed as DPPH radical scavenging activity measured after 30 mins,4.52432881167557,CC(C)c1cc2c(c(O)c1O)C13CCCC(C)(COC1=O)C3CC2
1627,"InChI=1S/C13H14N4O2S/c1-3-9(2)15-16-13-14-12(8-20-13)10-5-4-6-11(7-10)17(18)19/h4-8H,3H2,1-2H3,(H,14,16)/b15-9-",290.3,CHEMBL4170390,10.1016/j.ejmech.2017.10.050,Antioxidant activity assessed as DPPH radical scavenging activity after 30 mins,2.92811799269387,CCC(C)=NNc1nc(-c2cccc([N+](=O)[O-])c2)cs1
1705,"InChI=1S/C12H14Br2O3/c1-2-3-4-17-11(15)7-8-5-9(13)12(16)10(14)6-8/h5-6,16H,2-4,7H2,1H3",366.0,CHEMBL241586,10.1016/j.bmc.2007.08.023,DPPH radical scavenging activity relative to control 30 min (manual check),4.79290445958078,CCCCOC(=O)Cc1cc(Br)c(O)c(Br)c1
396,"InChI=1S/C31H27NO6P2/c33-39(35-27-18-8-2-9-19-27,36-28-20-10-3-11-21-28)31(32-26-16-6-1-7-17-26)40(34,37-29-22-12-4-13-23-29)38-30-24-14-5-15-25-30/h1-25,31-32H",571.5,CHEMBL1824394,10.1016/j.ejmech.2011.02.038,Antioxidant activity assessed as DPPH free radical scavenging activity after 30 mins,3.85068119292621,O=P(Oc1ccccc1)(Oc1ccccc1)C(Nc1ccccc1)P(=O)(Oc1ccccc1)Oc1ccccc1
886,"InChI=1S/C13H8Cl2N6S/c14-9-2-1-8(10(15)5-9)6-18-21-12(19-20-13(21)22)11-7-16-3-4-17-11/h1-7H,(H,20,22)/b18-6+",351.2,CHEMBL3098271,10.1016/j.bmcl.2017.06.053,Antioxidant activity assessed as DPPH free radical scavenging activity after 30 mins,4.09044397075882,Sc1nnc(-c2cnccn2)n1N=Cc1ccc(Cl)cc1Cl
1521,"InChI=1S/C26H27N5O/c32-24(29-26-27-22-13-7-8-14-23(22)28-26)19-30-15-17-31(18-16-30)25(20-9-3-1-4-10-20)21-11-5-2-6-12-21/h1-14,25H,15-19H2,(H2,27,28,29,32)",425.5,CHEMBL4204594,10.1016/j.bmc.2017.09.045,Antioxidant activity assessed as DPPH free radical scavenging activity after 30 mins by spectrophotometric analysis,3.68107387997816,O=C(CN1CCN(C(c2ccccc2)c2ccccc2)CC1)Nc1nc2ccccc2[nH]1
1884,"InChI=1S/C14H10Cl2N2OS/c15-10-6-7-11(16)12(8-10)17-14(20)18-13(19)9-4-2-1-3-5-9/h1-8H,(H2,17,18,19,20)",325.2,CHEMBL2236349,10.1016/j.ejmech.2013.10.012,Antioxidant activity assessed as DPPH free radical scavenging activity after 30 mins,4.51286162452281,O=C(NC(=S)Nc1cc(Cl)ccc1Cl)c1ccccc1
157,"InChI=1S/C18H18N2O2/c1-13-17(14-9-11-16(21-2)12-10-14)18(22-3)20(19-13)15-7-5-4-6-8-15/h4-12H,1-3H3",294.4,CHEMBL3793063,10.1016/j.bmcl.2016.03.024,Antioxidant activity assessed as DPPH free radical scavenging activity incubated for 30 mins in dark condition by spectrophotometric method,4.07134537162734,COc1ccc(-c2c(C)nn(-c3ccccc3)c2OC)cc1
1886,"InChI=1S/C14H10Cl2N2OS/c15-10-7-4-8-11(12(10)16)17-14(20)18-13(19)9-5-2-1-3-6-9/h1-8H,(H2,17,18,19,20)",325.2,CHEMBL3087545,10.1016/j.ejmech.2013.10.012,Antioxidant activity assessed as DPPH free radical scavenging activity after 30 mins,4.53017798402184,O=C(NC(=S)Nc1cccc(Cl)c1Cl)c1ccccc1
1002,"InChI=1S/C14H12O5/c15-9-3-1-8(2-4-9)5-11(16)10-6-13(18)14(19)7-12(10)17/h1-4,6-7,15,17-19H,5H2",260.2,CHEMBL555453,10.1016/j.bmc.2009.05.019,Antioxidant activity assessed as DPPH radical scavenging activity incubated at 40 degC in dark after 30 mins,6.16115090926274,O=C(Cc1ccc(O)cc1)c1cc(O)c(O)cc1O
1295,"InChI=1S/C15H16N2O/c1-17(2)14-7-3-12(4-8-14)11-16-13-5-9-15(18)10-6-13/h3-11,18H,1-2H3/b16-11+",240.3,CHEMBL2236146,10.1007/s00044-011-9648-7,Antioxidant activity assessed as inhibition of DPPH free radical 30 min (manual check),4.6825635034649,CN(C)c1ccc(C=Nc2ccc(O)cc2)cc1
1585,"InChI=1S/C25H19N3O5S/c1-33-19-4-2-3-17(13-19)20(29)11-7-15-5-8-16(9-6-15)23(32)26-25-28-27-24(34-25)18-10-12-21(30)22(31)14-18/h2-14,30-31H,1H3,(H,26,28,32)/b11-7+",473.5,CHEMBL4284063,10.1039/C8MD00316E,Antioxidant activity assessed as DPPH free radical scavenging activity after 30 mins,4.98589967848038,COc1cccc(C(=O)C=Cc2ccc(C(=O)Nc3nnc(-c4ccc(O)c(O)c4)s3)cc2)c1
108,"InChI=1S/C17H14N4O5S/c22-21(23)13-3-1-2-12(9-13)18-10-20-17(27)26-16(19-20)11-4-5-14-15(8-11)25-7-6-24-14/h1-5,8-9,18H,6-7,10H2",386.4,CHEMBL2435577,10.1016/j.bmc.2013.08.002,Antioxidant activity assessed as DPPH free radical scavenging activity after 30 mins by spectrophotometric analysis,4.41668784801692,O=[N+]([O-])c1cccc(NCn2nc(-c3ccc4c(c3)OCCO4)oc2=S)c1
1672,InChI=1S/C19H11BrO2/c20-14-6-3-5-13(10-14)18-11-17(21)16-9-8-12-4-1-2-7-15(12)19(16)22-18/h1-11H,351.2,CHEMBL4086963,10.1039/C8MD00512E,Antioxidant activity assessed as DPPH radical scavenging activity shaken for 1 min and incubated under dark condition for 30 mins by spectrophotometric analysis,5.22329881601159,O=c1cc(-c2cccc(Br)c2)oc2c1ccc1ccccc12
382,"InChI=1S/C17H12O3S/c1-19-13-8-6-11(7-9-13)16(18)14-10-12-4-2-3-5-15(12)20-17(14)21/h2-10H,1H3",296.3,CHEMBL1164700,10.1016/j.ejmech.2010.01.070,Antioxidant activity assessed as DPPH radical scavenging activity 30 min (manual check),2.27328076591365,COc1ccc(C(=O)c2cc3ccccc3oc2=S)cc1
1426,"InChI=1S/C18H16ClNO4/c1-23-15-8-10-7-14(17(21)13(10)9-16(15)24-2)18(22)20-12-5-3-11(19)4-6-12/h3-6,8-9,14H,7H2,1-2H3,(H,20,22)",345.8,CHEMBL3633480,10.1016/j.bmcl.2015.10.051,Antioxidant activity assessed as DPPH scavenging activity at 10 to 60 ug/ml after 30 mins,3.78478260215247,COc1cc2c(cc1OC)C(=O)C(C(=O)Nc1ccc(Cl)cc1)C2
547,"InChI=1S/C35H46O19/c1-15-25(41)28(44)32(54-33-29(45)26(42)21(39)13-50-33)35(51-15)53-31-27(43)23(14-49-24(40)8-5-16-4-7-19(37)22(12-16)47-2)52-34(30(31)46)48-10-9-17-3-6-18(36)20(38)11-17/h3-8,11-12,15,21,23,25-39,41-46H,9-10,13-14H2,1-2H3/b8-5+/t15-,21-,23+,25-,26+,27+,28+,29+,30+,31-,32+,33-,34+,35-/m0/s1",770.7,CHEMBL595383,10.1016/j.bmc.2009.07.065,Antioxidant activity assessed as DPPH radical scavenging activity after 30 mins by spectrophotometry,4.95860731484177,COc1cc(C=CC(=O)OCC2OC(OCCc3ccc(O)c(O)c3)C(O)C(OC3OC(C)C(O)C(O)C3OC3OCC(O)C(O)C3O)C2O)ccc1O
148,"InChI=1S/C11H12N2O/c1-9-8-11(14-2)13(12-9)10-6-4-3-5-7-10/h3-8H,1-2H3",188.2,CHEMBL3793514,10.1016/j.bmcl.2016.03.024,Antioxidant activity assessed as DPPH free radical scavenging activity incubated for 30 mins in dark condition by spectrophotometric method,3.58283109468854,COc1cc(C)nn1-c1ccccc1
908,"InChI=1S/C15H17N3O3S/c19-11-8-4-7-10(12(11)20)14-17-18-15(22-14)16-13(21)9-5-2-1-3-6-9/h4,7-9,19-20H,1-3,5-6H2,(H,16,18,21)",319.4,CHEMBL4100861,10.1016/j.bmcl.2017.07.003,Antioxidant activity assessed as DPPH radical scavenging activity after 30 mins in absence of light,4.70158361993871,O=C(Nc1nnc(-c2cccc(O)c2O)s1)C1CCCCC1
1206,"InChI=1S/C20H16O6/c1-24-17-5-3-4-12(19(17)25-2)7-9-16(22)15-10-13-6-8-14(21)11-18(13)26-20(15)23/h3-11,21H,1-2H3/b9-7+",352.3,CHEMBL2425223,10.1016/j.ejmech.2013.07.014,Antioxidant activity assessed as DPPH free radical scavenging activity after 30 mins,3.82390874094432,COc1cccc(C=CC(=O)c2cc3ccc(O)cc3oc2=O)c1OC
1924,"InChI=1S/C29H37NO5/c1-5-32-28(33-6-2)23-13-9-21(10-14-23)17-25-19-30-20-26(27(25)31)18-22-11-15-24(16-12-22)29(34-7-3)35-8-4/h9-18,28-30H,5-8,19-20H2,1-4H3/b25-17+,26-18+",479.6,CHEMBL3289926,10.1016/j.ejmech.2014.06.034,Antioxidant activity assessed as DPPH free radical scavenging activity 30 min (manual check),4.71466777235612,CCOC(OCC)c1ccc(C=C2CNCC(=Cc3ccc(C(OCC)OCC)cc3)C2=O)cc1
1263,"InChI=1S/C14H12N4O/c15-11-7-3-1-5-9(11)13-17-18-14(19-13)10-6-2-4-8-12(10)16/h1-8H,15-16H2",252.3,CHEMBL2236019,10.1007/s00044-010-9480-5,Antioxidant activity of the compound assessed as DPPH radical scavenging activity after 30 min,4.51205552925939,Nc1ccccc1-c1nnc(-c2ccccc2N)o1
1306,"InChI=1S/C19H19FN2O2/c1-12-13(2)22(16-9-17(23-3)11-18(10-16)24-4)19(21-12)14-5-7-15(20)8-6-14/h5-11H,1-4H3",326.4,CHEMBL2234936,10.1007/s00044-011-9702-5,Antioxidant activity assessed as DPPH scavenging activity after 30 min by spectrophotometry,4.91386707800814,COc1cc(OC)cc(-n2c(-c3ccc(F)cc3)nc(C)c2C)c1
1482,"InChI=1S/C22H26N2O3/c1-27-21-15-17(7-9-20(21)25)8-10-22(26)23-19-11-13-24(14-12-19)16-18-5-3-2-4-6-18/h2-10,15,19,25H,11-14,16H2,1H3,(H,23,26)/b10-8+",366.5,CHEMBL3818177,10.1039/C6MD00053C,Antioxidant activity assessed as DPPH radical scavenging activity incubated in dark for 30 mins by spectrophotometry,4.48811663902113,COc1cc(C=CC(=O)NC2CCN(Cc3ccccc3)CC2)ccc1O
989,"InChI=1S/C17H19NO2/c1-11(2)15-9-16(12(3)8-17(15)20)18-10-13-4-6-14(19)7-5-13/h4-11,19-20H,1-3H3/b18-10+",269.3,CHEMBL2316838,10.1016/j.bmcl.2012.12.001,Antioxidant activity assessed as DPPH radical scavenging activity in chloroform solution 30 min (manual check),4.3903809722234,Cc1cc(O)c(C(C)C)cc1N=Cc1ccc(O)cc1
1649,"InChI=1S/C25H24O14/c1-8-21(36-9(2)26)24(37-10(3)27)20(34)25(35-8)39-23-19(33)17-13(29)6-12(28)7-16(17)38-22(23)11-4-14(30)18(32)15(31)5-11/h4-8,20-21,24-25,28-32,34H,1-3H3/t8-,20+,21-,24-,25-/m0/s1",548.5,CHEMBL4172192,10.1021/acs.jnatprod.7b00564,Antioxidant activity assessed as DPPH radical scavenging activity measured after 30 mins incubation under dark condition,5.46852108295774,CC(=O)OC1C(C)OC(Oc2c(-c3cc(O)c(O)c(O)c3)oc3cc(O)cc(O)c3c2=O)C(O)C1OC(C)=O
1300,"InChI=1S/C13H11NO/c15-13-8-4-7-12(9-13)14-10-11-5-2-1-3-6-11/h1-10,15H/b14-10+",197.2,CHEMBL2236144,10.1007/s00044-011-9648-7,Antioxidant activity assessed as inhibition of DPPH free radical 30 min (manual check),3.33118559205487,Oc1cccc(N=Cc2ccccc2)c1
